city,unit,osm_relation,s1_relation_version,s1_osm_admin_level,s1_kato_tag,s2_osm_relation_version,s2_osm_source_update_time,s2_overture_subtype,s2_overture_admin_level,s1_geom_sha256,s2_geom_sha256,geom_identical,iou,symdiff_m2,hausdorff_m_approx,s1_area_km2,s2_area_km2,s3_k03_epic_area_km2,s4_k03_clever_area_km2,s1_name_ru,s2_name_primary,official_status
astana,esil,3479876,,6,711210000,35,2026-06-23T13:29:44Z,county,2,b6e3c9c281e104b230994e841ccc9fca4a3978db938f35deb6a68aceea210f20,b6e3c9c281e104b230994e841ccc9fca4a3978db938f35deb6a68aceea210f20,True,1.0,0.0,0.0,194.556,194.556,194.56,194.556,район Есиль,Есіл ауданы,not_verified
astana,almaty,3482819,,6,711110000,46,2026-09-10T05:16:03Z,county,2,20e8fceb4d80d42b9791a49184d55dc629f89c870ffcb4eeff3094ae527ed8f1,5346b9433901e238884763bd8f7f61492748f40893deaa5139a2ae6b19a8ede9,False,0.9999988,114.33,0.44,93.379,93.379,93.38,93.379,район Алматы,Алматы ауданы,not_verified
astana,saryarka,3486954,,6,711310000,23,2026-09-08T16:42:27Z,county,2,c0cf94c56dc307f78c3fb2ec8753ee55d99e3e7e4f2a9d6aabc3a3aa999c58fa,c0cf94c56dc307f78c3fb2ec8753ee55d99e3e7e4f2a9d6aabc3a3aa999c58fa,True,1.0,0.0,0.0,67.823,67.823,67.82,67.823,район Сарыарка,Сарыарқа ауданы,not_verified
astana,baikonur,8593081,,6,711410000,14,2026-09-08T16:42:27Z,county,2,c88ab7d61e8ac116d8009c9af352ae2427482a04756824907bc18d6ec4d65d03,c88ab7d61e8ac116d8009c9af352ae2427482a04756824907bc18d6ec4d65d03,True,1.0,0.0,0.0,183.501,183.501,183.5,183.501,район Байконур,Байқоңыр ауданы,not_verified
astana,nura,20593940,,6,,1,2026-06-23T13:29:44Z,county,2,06693aeab389abbce3452c0d5397521336c456e2ad5246511dec670ee9be94d1,06693aeab389abbce3452c0d5397521336c456e2ad5246511dec670ee9be94d1,True,1.0,0.0,0.0,188.574,188.574,188.57,188.574,район Нура,Нұра ауданы,not_verified
astana,saraishyk,19733918,17,8,,16,2026-09-10T05:16:03Z,locality,,7585383bfc6e00a5dde3dab78d8afb9822c895adfff008f1ca9dfbfd8e66fa38,9158960c711b527cd017dc487fb03b03cb874c27851e1c5e36d1835e8175f871,False,0.9999981,114.33,0.44,61.425,61.425,61.43,61.425,район Сарайшык,Сарайшық ауданы,not_verified
shymkent,Енбекшинский район,5551117,,,,29,2026-05-20T11:49:06Z,county,,,f7de76c0c75c84f82f054976450b8a5d6f582c45c440cc372fa74f644647f949,,,,,,201.538,,,,Еңбекші ауданы,not_verified
shymkent,Каратауский район,5551119,,,,30,2026-05-20T11:49:06Z,county,,,13296370819f3d278623d50c317e98060f90497abf159aaab624ee2548c530be,,,,,,321.712,,,,Қаратау ауданы,not_verified
shymkent,Аль-Фарабийский район,5550509,,,,19,2025-03-24T18:02:34Z,county,,,6a755f2713df57aa1b1328b611d941798a8b341b9d9793b7028890454a181792,,,,,,149.813,,,,Әл-Фараби ауданы,not_verified
shymkent,Абайский район,5548210,,,,25,2026-04-18T05:27:28Z,county,,,6ca696c4dc133cd5e82b18752427baaec67d160f318a1c819b6b08c9f7e1007f,,,,,,496.905,,,,Абай ауданы,not_verified
