date,temperature_2m_max,temperature_2m_min,precipitation_sum,snowfall_sum,rain_sum,wind_speed_10m_max,snow_depth_mean
2023-01-01,-8.6,-13.5,0.0,0.0,0.0,20.1,0.29
2023-01-02,-4.3,-11.2,0.4,0.28,0.0,21.0,0.29
2023-01-03,0.3,-4.6,4.5,3.15,0.0,33.9,0.3
2023-01-04,-1.7,-7.1,5.2,3.57,0.1,35.2,0.31
2023-01-05,0.5,-0.6,3.0,2.1,0.0,32.7,0.32
2023-01-06,0.2,-3.8,3.3,2.31,0.0,18.8,0.33
2023-01-07,-3.6,-5.6,0.0,0.0,0.0,28.2,0.33
2023-01-08,2.2,-20.1,3.4,2.1,0.4,42.2,0.32
2023-01-09,-21.4,-27.1,0.0,0.0,0.0,28.8,0.31
2023-01-10,-27.8,-33.4,0.0,0.0,0.0,9.6,0.31
2023-01-11,-23.1,-32.0,0.2,0.14,0.0,15.8,0.32
2023-01-12,-18.4,-26.7,0.2,0.14,0.0,25.3,0.33
2023-01-13,-15.3,-20.9,0.5,0.35,0.0,24.1,0.33
2023-01-14,-12.2,-15.8,0.2,0.14,0.0,22.7,0.33
2023-01-15,-10.5,-16.3,0.4,0.28,0.0,20.0,0.33
2023-01-16,-8.7,-15.5,0.0,0.0,0.0,13.0,0.33
2023-01-17,-11.8,-18.6,0.0,0.0,0.0,12.5,0.32
2023-01-18,-14.2,-22.5,0.0,0.0,0.0,11.4,0.32
2023-01-19,-13.9,-23.6,0.0,0.0,0.0,12.2,0.32
2023-01-20,-8.7,-19.1,0.0,0.0,0.0,13.4,0.32
2023-01-21,-12.4,-19.6,0.0,0.0,0.0,12.8,0.32
2023-01-22,-11.4,-18.8,0.0,0.0,0.0,14.8,0.31
2023-01-23,-9.1,-15.7,0.3,0.21,0.0,15.3,0.31
2023-01-24,-7.5,-12.2,0.0,0.0,0.0,13.0,0.31
2023-01-25,-11.7,-15.3,0.0,0.0,0.0,21.6,0.31
2023-01-26,-12.7,-17.9,0.0,0.0,0.0,21.6,0.31
2023-01-27,-8.0,-14.5,0.0,0.0,0.0,29.8,0.3
2023-01-28,-9.4,-13.9,0.0,0.0,0.0,23.2,0.3
2023-01-29,-11.3,-15.7,0.0,0.0,0.0,17.8,0.3
2023-01-30,-13.1,-20.1,0.0,0.0,0.0,11.9,0.3
2023-01-31,-10.9,-22.8,0.0,0.0,0.0,10.5,0.3
2023-02-01,-14.5,-24.8,0.0,0.0,0.0,10.9,0.3
2023-02-02,-9.0,-22.7,0.0,0.0,0.0,17.9,0.3
2023-02-03,-13.9,-20.2,0.0,0.0,0.0,20.4,0.29
2023-02-04,-13.7,-18.8,0.0,0.0,0.0,21.3,0.29
2023-02-05,-5.6,-13.4,1.1,0.84,0.0,19.0,0.3
2023-02-06,-5.0,-13.3,0.6,0.42,0.0,9.2,0.31
2023-02-07,-7.0,-13.4,1.9,1.26,0.1,14.6,0.32
2023-02-08,-10.7,-17.6,0.4,0.28,0.0,14.8,0.33
2023-02-09,-16.7,-24.1,0.0,0.0,0.0,14.8,0.33
2023-02-10,-14.7,-24.2,1.2,0.84,0.0,23.4,0.33
2023-02-11,-12.7,-20.0,0.0,0.0,0.0,17.7,0.34
2023-02-12,-14.6,-21.5,0.0,0.0,0.0,14.8,0.34
2023-02-13,-10.4,-16.4,0.1,0.07,0.0,13.8,0.34
2023-02-14,-11.4,-20.4,0.0,0.0,0.0,11.6,0.34
2023-02-15,-10.5,-19.5,0.0,0.0,0.0,11.2,0.34
2023-02-16,-14.0,-24.3,0.0,0.0,0.0,15.9,0.33
2023-02-17,-7.1,-19.4,0.3,0.21,0.0,16.3,0.33
2023-02-18,-6.8,-13.4,0.9,0.63,0.0,22.5,0.34
2023-02-19,-8.5,-16.3,0.2,0.14,0.0,17.4,0.34
2023-02-20,-0.8,-10.3,3.7,2.59,0.0,30.4,0.35
2023-02-21,-0.2,-2.2,0.1,0.07,0.0,27.2,0.35
2023-02-22,3.5,-0.8,2.0,0.91,0.7,36.5,0.33
2023-02-23,1.8,-3.5,4.3,1.96,1.5,32.1,0.31
2023-02-24,-2.7,-11.3,0.2,0.14,0.0,33.0,0.3
2023-02-25,-11.5,-15.5,0.0,0.0,0.0,27.7,0.3
2023-02-26,-8.3,-15.3,0.0,0.0,0.0,22.4,0.29
2023-02-27,-4.9,-13.3,0.0,0.0,0.0,21.1,0.29
2023-02-28,-1.5,-8.7,0.3,0.21,0.0,32.1,0.29
2023-03-01,2.8,-1.7,1.2,0.42,0.6,34.4,0.28
2023-03-02,2.8,-2.7,1.3,0.28,0.9,35.9,0.25
2023-03-03,-2.9,-8.8,0.0,0.0,0.0,30.9,0.25
2023-03-04,-3.9,-8.5,0.1,0.07,0.0,30.6,0.25
2023-03-05,-4.1,-12.4,1.8,1.26,0.0,18.0,0.25
2023-03-06,0.0,-4.4,0.0,0.0,0.0,28.6,0.26
2023-03-07,6.0,-1.3,6.8,1.96,4.0,48.0,0.24
2023-03-08,1.6,-8.2,0.0,0.0,0.0,41.2,0.21
2023-03-09,-2.1,-9.6,0.0,0.0,0.0,18.5,0.2
2023-03-10,-0.4,-10.5,0.0,0.0,0.0,16.8,0.2
2023-03-11,2.4,-2.4,1.5,0.0,1.5,18.5,0.2
2023-03-12,1.4,-6.3,0.0,0.0,0.0,16.6,0.18
2023-03-13,0.6,-9.9,0.0,0.0,0.0,13.7,0.17
2023-03-14,1.2,-10.4,0.0,0.0,0.0,14.8,0.17
2023-03-15,-0.3,-6.9,1.0,0.7,0.0,29.9,0.16
2023-03-16,-0.1,-7.1,0.3,0.21,0.0,24.7,0.16
2023-03-17,-2.2,-10.8,0.0,0.0,0.0,10.9,0.16
2023-03-18,-0.2,-12.5,0.0,0.0,0.0,16.1,0.15
2023-03-19,-2.0,-14.4,0.8,0.56,0.0,25.2,0.15
2023-03-20,-4.8,-18.1,0.0,0.0,0.0,10.7,0.15
2023-03-21,-1.5,-15.9,0.0,0.0,0.0,11.4,0.15
2023-03-22,1.9,-13.6,0.0,0.0,0.0,9.0,0.14
2023-03-23,4.7,-8.4,0.0,0.0,0.0,12.8,0.12
2023-03-24,4.5,-7.0,0.0,0.0,0.0,12.6,0.1
2023-03-25,7.6,-2.3,0.0,0.0,0.0,13.0,0.07
2023-03-26,10.1,-1.8,0.1,0.0,0.1,16.8,0.05
2023-03-27,11.5,-2.9,0.0,0.0,0.0,14.0,0.03
2023-03-28,16.6,-1.9,0.0,0.0,0.0,12.5,0.01
2023-03-29,16.3,-0.3,0.0,0.0,0.0,26.1,0.01
2023-03-30,4.1,-4.6,0.0,0.0,0.0,24.7,0.0
2023-03-31,4.1,-6.4,0.0,0.0,0.0,19.8,0.0
2023-04-01,6.7,-5.1,0.0,0.0,0.0,20.4,0.0
2023-04-02,9.7,-4.8,0.0,0.0,0.0,18.3,0.0
2023-04-03,13.9,-2.4,0.0,0.0,0.0,18.9,0.0
2023-04-04,16.4,-1.8,0.0,0.0,0.0,13.8,0.0
2023-04-05,17.1,-1.2,0.0,0.0,0.0,13.5,0.0
2023-04-06,17.3,-0.3,0.0,0.0,0.0,12.0,0.0
2023-04-07,7.7,-2.9,0.0,0.0,0.0,27.9,0.0
2023-04-08,2.9,-6.8,0.0,0.0,0.0,20.5,0.0
2023-04-09,8.3,-7.2,0.0,0.0,0.0,7.2,0.0
2023-04-10,12.3,-4.4,0.0,0.0,0.0,16.9,0.0
2023-04-11,9.6,-2.9,0.0,0.0,0.0,19.6,0.0
2023-04-12,11.1,-4.9,0.0,0.0,0.0,17.9,0.0
2023-04-13,16.5,-0.7,0.0,0.0,0.0,14.3,0.0
2023-04-14,9.4,-4.6,13.4,1.4,11.4,37.2,0.0
2023-04-15,-5.0,-13.2,18.6,12.88,0.2,34.1,0.07
2023-04-16,-4.2,-17.1,5.4,3.78,0.0,30.4,0.12
2023-04-17,0.5,-7.7,8.6,6.02,0.0,32.1,0.2
2023-04-18,1.8,-15.1,5.1,3.57,0.0,26.3,0.2
2023-04-19,0.5,-7.8,0.1,0.07,0.0,11.2,0.2
2023-04-20,0.2,-13.0,0.0,0.0,0.0,10.7,0.19
2023-04-21,4.5,-13.0,0.0,0.0,0.0,12.7,0.17
2023-04-22,15.5,-10.2,0.0,0.0,0.0,19.6,0.12
2023-04-23,16.3,5.8,0.5,0.0,0.5,24.9,0.04
2023-04-24,14.8,3.5,0.2,0.0,0.2,25.4,0.01
2023-04-25,20.0,0.9,0.3,0.0,0.3,27.8,0.0
2023-04-26,21.9,6.2,0.0,0.0,0.0,17.3,0.0
2023-04-27,22.7,5.3,0.0,0.0,0.0,13.1,0.0
2023-04-28,25.3,7.5,0.0,0.0,0.0,17.2,0.0
2023-04-29,20.3,7.2,0.0,0.0,0.0,25.6,0.0
2023-04-30,13.8,2.0,0.0,0.0,0.0,18.1,0.0
2023-05-01,11.0,2.6,0.5,0.0,0.5,16.1,0.0
2023-05-02,9.9,-1.1,0.0,0.0,0.0,16.9,0.0
2023-05-03,13.1,-3.0,0.0,0.0,0.0,14.8,0.0
2023-05-04,14.5,-1.7,0.0,0.0,0.0,10.8,0.0
2023-05-05,20.3,0.3,0.0,0.0,0.0,11.1,0.0
2023-05-06,23.9,4.5,0.0,0.0,0.0,11.7,0.0
2023-05-07,25.8,7.7,0.0,0.0,0.0,10.6,0.0
2023-05-08,27.6,10.0,0.0,0.0,0.0,24.3,0.0
2023-05-09,21.2,8.1,0.2,0.0,0.2,24.1,0.0
2023-05-10,23.0,5.1,0.1,0.0,0.1,20.3,0.0
2023-05-11,25.3,12.9,0.0,0.0,0.0,21.1,0.0
2023-05-12,20.2,8.4,0.0,0.0,0.0,23.9,0.0
2023-05-13,24.8,8.9,0.0,0.0,0.0,38.2,0.0
2023-05-14,12.5,4.5,0.2,0.0,0.2,23.7,0.0
2023-05-15,18.7,1.5,0.0,0.0,0.0,9.4,0.0
2023-05-16,21.2,5.0,0.0,0.0,0.0,10.7,0.0
2023-05-17,22.2,9.3,0.0,0.0,0.0,35.0,0.0
2023-05-18,11.8,7.3,7.2,0.0,7.2,25.9,0.0
2023-05-19,17.4,8.1,0.0,0.0,0.0,25.6,0.0
2023-05-20,21.3,9.3,0.0,0.0,0.0,25.3,0.0
2023-05-21,21.7,9.3,0.0,0.0,0.0,19.8,0.0
2023-05-22,23.2,9.3,0.0,0.0,0.0,13.2,0.0
2023-05-23,23.1,10.7,2.4,0.0,2.4,18.8,0.0
2023-05-24,23.9,10.8,0.0,0.0,0.0,17.1,0.0
2023-05-25,26.3,9.7,0.6,0.0,0.6,26.3,0.0
2023-05-26,19.6,11.2,2.1,0.0,2.1,24.2,0.0
2023-05-27,23.3,8.0,0.0,0.0,0.0,21.7,0.0
2023-05-28,22.1,9.0,0.2,0.0,0.2,14.0,0.0
2023-05-29,26.7,14.1,0.0,0.0,0.0,19.7,0.0
2023-05-30,30.8,14.3,1.1,0.0,1.1,21.5,0.0
2023-05-31,30.7,14.7,0.0,0.0,0.0,16.2,0.0
2023-06-01,30.7,16.6,0.0,0.0,0.0,13.4,0.0
2023-06-02,30.8,16.9,0.0,0.0,0.0,14.0,0.0
2023-06-03,31.4,16.6,0.0,0.0,0.0,17.4,0.0
2023-06-04,33.4,17.9,0.0,0.0,0.0,17.4,0.0
2023-06-05,35.5,18.7,0.0,0.0,0.0,11.7,0.0
2023-06-06,36.1,18.8,0.0,0.0,0.0,16.3,0.0
2023-06-07,35.5,20.1,0.0,0.0,0.0,15.3,0.0
2023-06-08,31.4,19.7,1.7,0.0,1.7,21.6,0.0
2023-06-09,23.3,16.3,9.3,0.0,9.3,18.3,0.0
2023-06-10,24.5,11.9,0.0,0.0,0.0,12.7,0.0
2023-06-11,25.6,12.6,0.0,0.0,0.0,16.8,0.0
2023-06-12,29.3,13.9,0.0,0.0,0.0,15.5,0.0
2023-06-13,24.7,10.9,0.0,0.0,0.0,33.4,0.0
2023-06-14,20.7,8.5,0.0,0.0,0.0,18.6,0.0
2023-06-15,24.2,10.2,0.0,0.0,0.0,12.2,0.0
2023-06-16,27.9,14.0,0.0,0.0,0.0,14.8,0.0
2023-06-17,29.7,14.2,0.0,0.0,0.0,22.7,0.0
2023-06-18,31.8,15.9,0.3,0.0,0.3,20.8,0.0
2023-06-19,30.6,14.9,4.6,0.0,4.6,33.5,0.0
2023-06-20,18.4,9.9,0.6,0.0,0.6,30.1,0.0
2023-06-21,19.7,10.5,0.2,0.0,0.2,31.1,0.0
2023-06-22,21.3,9.5,0.0,0.0,0.0,25.0,0.0
2023-06-23,19.8,9.4,17.0,0.0,17.0,24.1,0.0
2023-06-24,17.2,10.0,0.2,0.0,0.2,13.8,0.0
2023-06-25,21.1,7.8,0.0,0.0,0.0,12.0,0.0
2023-06-26,20.4,12.9,2.1,0.0,2.1,31.5,0.0
2023-06-27,19.7,13.3,4.7,0.0,4.7,36.1,0.0
2023-06-28,21.5,12.0,1.6,0.0,1.6,28.2,0.0
2023-06-29,25.2,10.2,0.0,0.0,0.0,18.8,0.0
2023-06-30,23.9,13.5,3.6,0.0,3.6,17.6,0.0
2023-07-01,26.1,10.9,0.0,0.0,0.0,10.9,0.0
2023-07-02,31.4,14.2,0.0,0.0,0.0,15.8,0.0
2023-07-03,33.4,19.6,0.0,0.0,0.0,21.2,0.0
2023-07-04,28.4,17.3,0.3,0.0,0.3,16.4,0.0
2023-07-05,28.9,18.0,0.0,0.0,0.0,25.2,0.0
2023-07-06,29.0,17.6,0.2,0.0,0.2,31.2,0.0
2023-07-07,30.6,18.1,0.0,0.0,0.0,18.8,0.0
2023-07-08,28.7,18.2,0.0,0.0,0.0,18.1,0.0
2023-07-09,29.2,16.4,0.0,0.0,0.0,19.2,0.0
2023-07-10,31.8,16.6,0.0,0.0,0.0,9.2,0.0
2023-07-11,34.3,18.7,0.0,0.0,0.0,10.0,0.0
2023-07-12,36.9,22.2,0.0,0.0,0.0,14.8,0.0
2023-07-13,36.1,23.7,1.5,0.0,1.5,18.6,0.0
2023-07-14,30.9,21.1,0.0,0.0,0.0,24.3,0.0
2023-07-15,25.2,17.7,0.1,0.0,0.1,36.6,0.0
2023-07-16,29.6,15.7,0.0,0.0,0.0,23.0,0.0
2023-07-17,33.3,16.8,0.5,0.0,0.5,21.4,0.0
2023-07-18,34.8,21.2,2.1,0.0,2.1,25.6,0.0
2023-07-19,29.5,18.6,0.1,0.0,0.1,21.4,0.0
2023-07-20,28.4,18.5,0.1,0.0,0.1,23.4,0.0
2023-07-21,29.1,17.6,4.2,0.0,4.2,32.4,0.0
2023-07-22,27.9,14.9,0.0,0.0,0.0,14.8,0.0
2023-07-23,30.6,16.2,0.3,0.0,0.3,22.1,0.0
2023-07-24,27.7,17.3,0.0,0.0,0.0,14.5,0.0
2023-07-25,28.4,16.1,0.1,0.0,0.1,12.1,0.0
2023-07-26,28.1,17.6,0.1,0.0,0.1,22.2,0.0
2023-07-27,27.1,16.6,4.0,0.0,4.0,21.2,0.0
2023-07-28,29.8,15.9,0.2,0.0,0.2,16.6,0.0
2023-07-29,32.5,18.3,0.0,0.0,0.0,20.9,0.0
2023-07-30,29.3,18.4,0.0,0.0,0.0,15.0,0.0
2023-07-31,30.2,18.2,0.0,0.0,0.0,12.2,0.0
2023-08-01,32.6,17.9,0.0,0.0,0.0,12.0,0.0
2023-08-02,31.5,20.1,0.5,0.0,0.5,16.6,0.0
2023-08-03,32.8,17.7,0.0,0.0,0.0,14.1,0.0
2023-08-04,29.8,19.6,6.4,0.0,6.4,22.5,0.0
2023-08-05,30.6,18.2,0.0,0.0,0.0,15.0,0.0
2023-08-06,30.6,18.2,1.3,0.0,1.3,22.7,0.0
2023-08-07,28.5,18.1,0.1,0.0,0.1,23.2,0.0
2023-08-08,29.8,15.3,0.0,0.0,0.0,18.4,0.0
2023-08-09,30.2,18.0,0.0,0.0,0.0,25.4,0.0
2023-08-10,29.1,19.2,0.4,0.0,0.4,23.0,0.0
2023-08-11,21.1,14.6,1.0,0.0,1.0,23.2,0.0
2023-08-12,19.0,10.5,4.6,0.0,4.6,23.5,0.0
2023-08-13,17.8,8.8,0.2,0.0,0.2,22.2,0.0
2023-08-14,21.2,11.2,0.0,0.0,0.0,20.6,0.0
2023-08-15,22.1,13.0,0.3,0.0,0.3,17.7,0.0
2023-08-16,23.1,10.6,0.0,0.0,0.0,13.8,0.0
2023-08-17,26.3,10.9,0.0,0.0,0.0,9.6,0.0
2023-08-18,27.1,13.9,0.0,0.0,0.0,13.5,0.0
2023-08-19,30.5,14.2,0.0,0.0,0.0,11.5,0.0
2023-08-20,28.4,15.8,3.5,0.0,3.5,21.7,0.0
2023-08-21,28.2,15.7,0.4,0.0,0.4,14.2,0.0
2023-08-22,31.5,17.5,0.0,0.0,0.0,20.2,0.0
2023-08-23,32.5,17.0,0.0,0.0,0.0,23.2,0.0
2023-08-24,23.7,15.9,10.3,0.0,10.3,23.9,0.0
2023-08-25,21.0,11.7,0.2,0.0,0.2,17.5,0.0
2023-08-26,23.9,12.7,0.5,0.0,0.5,17.7,0.0
2023-08-27,24.5,13.2,1.5,0.0,1.5,17.7,0.0
2023-08-28,18.3,12.4,1.4,0.0,1.4,24.1,0.0
2023-08-29,21.7,12.5,0.4,0.0,0.4,37.8,0.0
2023-08-30,19.7,11.1,1.7,0.0,1.7,28.9,0.0
2023-08-31,18.5,10.8,1.5,0.0,1.5,28.8,0.0
2023-09-01,17.3,10.5,1.0,0.0,1.0,34.3,0.0
2023-09-02,18.8,9.4,7.1,0.0,7.1,17.3,0.0
2023-09-03,16.7,9.1,11.7,0.0,11.7,25.2,0.0
2023-09-04,16.9,7.4,4.3,0.0,4.3,21.1,0.0
2023-09-05,13.4,8.5,1.9,0.0,1.9,16.1,0.0
2023-09-06,14.3,7.8,0.0,0.0,0.0,21.0,0.0
2023-09-07,18.8,6.6,0.0,0.0,0.0,11.5,0.0
2023-09-08,18.2,9.3,7.5,0.0,7.5,11.6,0.0
2023-09-09,23.2,10.9,0.3,0.0,0.3,20.2,0.0
2023-09-10,17.3,12.0,1.2,0.0,1.2,18.4,0.0
2023-09-11,17.3,8.9,9.5,0.0,9.5,25.8,0.0
2023-09-12,14.1,9.7,2.4,0.0,2.4,23.1,0.0
2023-09-13,15.1,7.2,6.5,0.0,6.5,25.1,0.0
2023-09-14,15.9,8.5,0.1,0.0,0.1,15.9,0.0
2023-09-15,17.6,6.7,0.4,0.0,0.4,9.5,0.0
2023-09-16,18.0,8.0,4.6,0.0,4.6,10.5,0.0
2023-09-17,18.9,8.8,0.0,0.0,0.0,9.3,0.0
2023-09-18,18.9,7.2,0.1,0.0,0.1,8.3,0.0
2023-09-19,19.3,6.8,0.0,0.0,0.0,8.3,0.0
2023-09-20,18.1,9.2,3.8,0.0,3.8,9.4,0.0
2023-09-21,17.3,8.1,0.2,0.0,0.2,7.6,0.0
2023-09-22,18.0,6.7,0.0,0.0,0.0,20.7,0.0
2023-09-23,14.6,6.3,0.8,0.0,0.8,21.4,0.0
2023-09-24,15.7,4.9,0.0,0.0,0.0,16.9,0.0
2023-09-25,20.0,11.2,0.2,0.0,0.2,12.7,0.0
2023-09-26,21.3,10.2,0.0,0.0,0.0,12.9,0.0
2023-09-27,17.9,10.4,3.5,0.0,3.5,14.8,0.0
2023-09-28,15.0,7.0,0.0,0.0,0.0,9.0,0.0
2023-09-29,15.1,4.6,0.1,0.0,0.1,8.6,0.0
2023-09-30,14.2,7.2,0.2,0.0,0.2,10.2,0.0
2023-10-01,15.6,5.3,0.0,0.0,0.0,19.0,0.0
2023-10-02,14.0,6.1,0.2,0.0,0.2,19.8,0.0
2023-10-03,12.1,3.5,0.0,0.0,0.0,14.6,0.0
2023-10-04,14.6,1.7,0.0,0.0,0.0,8.7,0.0
2023-10-05,16.3,4.2,0.0,0.0,0.0,9.5,0.0
2023-10-06,18.3,5.6,0.0,0.0,0.0,10.4,0.0
2023-10-07,16.2,5.1,0.0,0.0,0.0,12.8,0.0
2023-10-08,16.2,6.5,0.4,0.0,0.4,29.9,0.0
2023-10-09,18.5,8.1,0.0,0.0,0.0,25.4,0.0
2023-10-10,20.9,10.3,0.0,0.0,0.0,26.5,0.0
2023-10-11,16.5,5.8,0.0,0.0,0.0,22.9,0.0
2023-10-12,8.3,1.6,0.0,0.0,0.0,10.9,0.0
2023-10-13,9.3,-2.7,0.0,0.0,0.0,17.1,0.0
2023-10-14,10.4,1.8,0.6,0.0,0.6,25.5,0.0
2023-10-15,9.0,4.2,4.2,0.0,4.2,21.5,0.0
2023-10-16,12.7,3.3,0.0,0.0,0.0,19.1,0.0
2023-10-17,15.6,4.0,0.0,0.0,0.0,9.7,0.0
2023-10-18,16.0,5.5,0.0,0.0,0.0,12.8,0.0
2023-10-19,9.8,3.0,0.0,0.0,0.0,12.1,0.0
2023-10-20,16.3,1.8,0.9,0.0,0.9,17.3,0.0
2023-10-21,7.6,0.9,0.6,0.0,0.6,23.1,0.0
2023-10-22,7.2,2.0,5.6,0.0,5.6,34.0,0.0
2023-10-23,1.2,-1.5,0.3,0.14,0.1,32.4,0.0
2023-10-24,7.4,-1.7,0.0,0.0,0.0,29.5,0.0
2023-10-25,10.9,2.9,0.3,0.0,0.3,28.7,0.0
2023-10-26,9.8,-2.5,1.2,0.21,0.9,24.8,0.0
2023-10-27,0.3,-4.6,0.0,0.0,0.0,20.3,0.0
2023-10-28,2.9,-5.0,1.4,0.98,0.0,15.3,0.0
2023-10-29,3.4,0.5,7.1,2.24,3.9,13.0,0.02
2023-10-30,10.9,4.2,3.5,0.0,3.5,32.7,0.01
2023-10-31,5.6,0.6,2.2,0.28,1.8,20.2,0.0
2023-11-01,3.6,0.5,5.7,1.61,3.4,24.4,0.01
2023-11-02,8.3,0.3,1.3,0.0,1.3,31.8,0.01
2023-11-03,9.6,2.1,0.9,0.0,0.9,13.2,0.0
2023-11-04,9.2,3.3,0.1,0.0,0.1,21.1,0.0
2023-11-05,5.6,-3.2,0.0,0.0,0.0,16.2,0.0
2023-11-06,4.4,-4.2,0.0,0.0,0.0,9.8,0.0
2023-11-07,7.6,-4.4,0.0,0.0,0.0,10.9,0.0
2023-11-08,9.2,-0.9,0.0,0.0,0.0,13.7,0.0
2023-11-09,6.5,1.3,1.0,0.0,1.0,22.2,0.0
2023-11-10,4.0,0.9,3.5,0.0,3.5,21.7,0.0
2023-11-11,8.0,-0.1,1.3,0.0,1.3,19.9,0.0
2023-11-12,4.9,1.5,4.0,0.0,4.0,18.5,0.0
2023-11-13,4.9,1.9,1.6,0.0,1.6,16.5,0.0
2023-11-14,5.9,0.1,0.0,0.0,0.0,21.1,0.0
2023-11-15,7.3,0.1,0.0,0.0,0.0,22.8,0.0
2023-11-16,7.9,1.9,0.1,0.0,0.1,20.3,0.0
2023-11-17,5.0,3.3,5.9,0.0,5.9,9.7,0.0
2023-11-18,12.1,0.2,2.6,0.49,1.9,52.9,0.0
2023-11-19,-0.6,-8.9,0.2,0.14,0.0,35.8,0.0
2023-11-20,-3.5,-10.5,0.0,0.0,0.0,10.5,0.0
2023-11-21,-0.3,-8.9,0.0,0.0,0.0,23.2,0.0
2023-11-22,3.5,-2.3,3.0,0.0,3.0,24.1,0.0
2023-11-23,2.4,-1.2,2.4,1.26,0.6,29.6,0.0
2023-11-24,3.3,-4.2,5.1,1.54,3.0,34.4,0.02
2023-11-25,-1.5,-7.5,0.0,0.0,0.0,23.8,0.02
2023-11-26,3.4,-3.9,0.0,0.0,0.0,16.9,0.02
2023-11-27,6.0,-0.2,0.0,0.0,0.0,21.0,0.02
2023-11-28,5.7,-1.0,0.0,0.0,0.0,19.1,0.01
2023-11-29,5.5,-2.0,0.0,0.0,0.0,12.3,0.01
2023-11-30,2.3,-3.4,0.3,0.07,0.2,24.0,0.01
2023-12-01,-1.6,-3.5,4.7,3.29,0.0,30.0,0.03
2023-12-02,1.7,-3.4,1.4,0.84,0.2,28.6,0.04
2023-12-03,2.0,-6.3,9.3,3.22,4.7,32.8,0.06
2023-12-04,-3.0,-9.6,0.6,0.42,0.0,26.2,0.06
2023-12-05,3.6,-1.8,6.5,0.14,6.3,26.6,0.06
2023-12-06,2.8,-10.5,1.9,0.98,0.5,27.1,0.04
2023-12-07,-11.0,-18.5,0.1,0.07,0.0,23.3,0.04
2023-12-08,-18.9,-24.5,0.0,0.0,0.0,12.1,0.04
2023-12-09,-19.6,-26.0,0.0,0.0,0.0,7.5,0.04
2023-12-10,-20.4,-25.3,0.0,0.0,0.0,8.6,0.04
2023-12-11,-23.8,-30.3,0.0,0.0,0.0,20.9,0.04
2023-12-12,-23.4,-30.1,0.0,0.0,0.0,17.7,0.04
2023-12-13,-20.6,-28.8,0.0,0.0,0.0,8.0,0.04
2023-12-14,-14.2,-24.7,0.0,0.0,0.0,11.1,0.04
2023-12-15,-8.5,-16.6,0.0,0.0,0.0,16.3,0.04
2023-12-16,-7.3,-16.5,0.0,0.0,0.0,13.0,0.04
2023-12-17,-6.8,-14.7,0.0,0.0,0.0,17.5,0.04
2023-12-18,-2.2,-9.0,0.4,0.28,0.0,23.4,0.04
2023-12-19,-1.5,-7.5,5.5,3.92,0.0,22.9,0.06
2023-12-20,-5.7,-8.6,1.2,0.77,0.1,25.3,0.08
2023-12-21,1.6,-6.0,4.1,2.8,0.1,30.0,0.1
2023-12-22,0.4,-2.7,0.0,0.0,0.0,20.4,0.1
2023-12-23,-0.1,-6.7,0.0,0.0,0.0,12.8,0.1
2023-12-24,-0.8,-6.5,0.0,0.0,0.0,16.1,0.1
2023-12-25,3.0,-1.0,1.2,0.0,1.2,24.3,0.1
2023-12-26,3.4,-4.6,2.5,0.21,2.2,38.4,0.07
2023-12-27,0.4,-3.0,3.1,2.17,0.0,26.5,0.08
2023-12-28,1.5,-2.3,3.3,1.96,0.5,28.5,0.08
2023-12-29,2.7,-7.3,5.1,2.52,1.5,41.2,0.09
2023-12-30,-1.2,-7.4,5.1,3.64,0.0,36.6,0.1
2023-12-31,-0.1,-2.4,2.7,1.96,0.0,24.4,0.13
2024-01-01,0.7,-0.8,3.0,2.1,0.0,27.7,0.13
2024-01-02,-1.0,-8.0,5.7,3.99,0.0,30.9,0.15
2024-01-03,-6.4,-12.0,0.3,0.21,0.0,19.8,0.16
2024-01-04,-3.7,-8.7,0.0,0.0,0.0,19.8,0.16
2024-01-05,-1.1,-5.2,0.8,0.56,0.0,22.3,0.16
2024-01-06,-2.0,-6.0,1.9,1.33,0.0,19.4,0.16
2024-01-07,0.9,-3.7,6.7,4.55,0.2,27.7,0.17
2024-01-08,0.3,-16.0,4.0,2.8,0.0,36.5,0.21
2024-01-09,-16.5,-23.3,0.0,0.0,0.0,21.6,0.21
2024-01-10,1.3,-14.3,8.6,6.02,0.0,34.9,0.24
2024-01-11,-14.7,-24.2,0.4,0.28,0.0,30.9,0.27
2024-01-12,-7.4,-25.9,0.0,0.0,0.0,25.6,0.27
2024-01-13,-0.8,-10.6,1.1,0.77,0.0,25.5,0.27
2024-01-14,-0.2,-24.3,2.4,1.68,0.0,36.3,0.28
2024-01-15,-21.0,-27.6,0.0,0.0,0.0,19.6,0.28
2024-01-16,-20.5,-32.2,0.0,0.0,0.0,13.1,0.28
2024-01-17,-15.5,-27.6,0.0,0.0,0.0,12.8,0.28
2024-01-18,-14.2,-22.5,0.0,0.0,0.0,12.7,0.28
2024-01-19,-12.1,-19.7,0.5,0.35,0.0,11.8,0.28
2024-01-20,-17.2,-25.3,0.0,0.0,0.0,11.0,0.28
2024-01-21,-14.0,-25.5,0.0,0.0,0.0,10.5,0.28
2024-01-22,-13.3,-22.2,0.0,0.0,0.0,14.2,0.27
2024-01-23,-10.9,-18.5,0.0,0.0,0.0,12.1,0.27
2024-01-24,-5.4,-18.1,0.0,0.0,0.0,10.8,0.27
2024-01-25,0.9,-5.1,0.8,0.56,0.0,15.6,0.27
2024-01-26,-0.8,-12.8,2.6,1.89,0.0,31.6,0.28
2024-01-27,-10.3,-12.5,3.7,2.59,0.0,24.7,0.3
2024-01-28,-8.8,-13.9,0.0,0.0,0.0,10.8,0.31
2024-01-29,-10.4,-16.3,0.0,0.0,0.0,9.3,0.31
2024-01-30,-14.0,-19.4,0.0,0.0,0.0,8.8,0.3
2024-01-31,-4.6,-17.9,0.7,0.49,0.0,19.5,0.31
2024-02-01,-6.1,-12.3,0.4,0.28,0.0,18.4,0.31
2024-02-02,-9.6,-13.0,1.1,0.77,0.0,21.6,0.31
2024-02-03,-4.5,-11.7,3.0,2.1,0.0,27.4,0.33
2024-02-04,-1.6,-6.6,2.1,1.54,0.0,27.8,0.34
2024-02-05,-1.6,-5.9,0.5,0.35,0.0,32.7,0.34
2024-02-06,-1.9,-6.1,0.7,0.49,0.0,27.9,0.34
2024-02-07,1.0,-5.4,2.3,1.54,0.1,38.8,0.34
2024-02-08,0.7,-5.6,6.8,4.76,0.0,43.9,0.35
2024-02-09,4.2,1.1,6.4,0.42,5.8,41.2,0.33
2024-02-10,1.4,-13.9,3.7,1.61,1.4,31.8,0.29
2024-02-11,-12.2,-18.2,0.0,0.0,0.0,16.5,0.28
2024-02-12,-13.0,-21.6,0.0,0.0,0.0,14.8,0.28
2024-02-13,-7.5,-20.1,0.1,0.07,0.0,30.6,0.28
2024-02-14,0.3,-20.2,6.3,4.34,0.1,33.6,0.3
2024-02-15,-21.4,-31.5,0.0,0.0,0.0,15.7,0.31
2024-02-16,-22.0,-32.6,0.0,0.0,0.0,17.8,0.3
2024-02-17,-18.7,-32.2,0.0,0.0,0.0,14.4,0.3
2024-02-18,-18.7,-30.0,0.0,0.0,0.0,13.7,0.3
2024-02-19,-19.0,-34.2,0.0,0.0,0.0,14.3,0.3
2024-02-20,-17.5,-28.1,0.0,0.0,0.0,13.1,0.3
2024-02-21,-16.3,-27.7,0.0,0.0,0.0,13.1,0.3
2024-02-22,-15.1,-28.9,0.0,0.0,0.0,10.9,0.3
2024-02-23,-16.9,-26.3,0.0,0.0,0.0,12.5,0.3
2024-02-24,-15.5,-31.4,0.0,0.0,0.0,11.2,0.3
2024-02-25,-8.6,-22.9,0.0,0.0,0.0,14.6,0.3
2024-02-26,-5.9,-11.8,0.0,0.0,0.0,12.9,0.3
2024-02-27,-4.1,-10.5,0.6,0.42,0.0,16.9,0.3
2024-02-28,-0.3,-13.5,0.2,0.14,0.0,13.0,0.3
2024-02-29,-2.9,-17.5,0.0,0.0,0.0,12.8,0.29
2024-03-01,-4.8,-14.5,0.0,0.0,0.0,13.7,0.29
2024-03-02,-5.0,-7.3,1.7,1.19,0.0,24.9,0.29
2024-03-03,-5.5,-11.0,0.0,0.0,0.0,19.4,0.3
2024-03-04,-6.9,-10.1,0.0,0.0,0.0,21.0,0.29
2024-03-05,-4.2,-11.2,0.0,0.0,0.0,25.2,0.29
2024-03-06,-3.6,-9.4,0.0,0.0,0.0,21.3,0.29
2024-03-07,-6.6,-10.1,0.3,0.21,0.0,13.8,0.29
2024-03-08,-4.6,-14.7,0.0,0.0,0.0,11.5,0.29
2024-03-09,2.2,-15.5,3.5,0.07,3.4,20.3,0.29
2024-03-10,1.1,-4.5,0.4,0.07,0.3,26.8,0.29
2024-03-11,-3.9,-8.8,0.0,0.07,0.0,26.4,0.29
2024-03-12,-6.6,-14.5,0.0,0.0,0.0,10.4,0.29
2024-03-13,-4.8,-11.1,1.5,1.05,0.0,29.6,0.29
2024-03-14,-7.5,-15.4,0.0,0.0,0.0,21.7,0.29
2024-03-15,-5.2,-10.0,0.4,0.28,0.0,24.5,0.29
2024-03-16,-3.2,-9.4,0.0,0.0,0.0,26.8,0.29
2024-03-17,0.3,-13.0,0.0,0.0,0.0,12.2,0.29
2024-03-18,2.1,-15.2,0.0,0.0,0.0,13.4,0.28
2024-03-19,1.8,-4.2,0.1,0.0,0.1,23.2,0.27
2024-03-20,0.2,-11.3,0.2,0.14,0.0,12.4,0.26
2024-03-21,-0.4,-12.7,0.0,0.0,0.0,15.6,0.25
2024-03-22,2.9,-14.4,0.0,0.0,0.0,12.5,0.24
2024-03-23,2.7,-10.7,0.0,0.0,0.0,12.9,0.22
2024-03-24,2.7,-9.4,0.0,0.0,0.0,17.1,0.2
2024-03-25,5.2,-3.7,0.0,0.0,0.0,20.4,0.17
2024-03-26,7.0,-5.0,0.0,0.0,0.0,14.8,0.12
2024-03-27,5.3,0.8,0.1,0.0,0.1,16.1,0.07
2024-03-28,7.9,-0.1,6.2,0.0,6.2,28.4,0.04
2024-03-29,4.9,0.1,1.8,0.42,1.2,29.7,0.02
2024-03-30,-0.2,-2.7,1.3,0.91,0.0,19.6,0.02
2024-03-31,7.0,-6.2,0.0,0.0,0.0,17.6,0.02
2024-04-01,8.0,-4.2,0.0,0.0,0.0,22.2,0.01
2024-04-02,6.5,-2.8,0.2,0.0,0.2,19.2,0.01
2024-04-03,9.7,-4.7,0.0,0.0,0.0,10.2,0.01
2024-04-04,13.9,-4.3,0.0,0.0,0.0,10.1,0.0
2024-04-05,16.6,-1.1,0.0,0.0,0.0,12.5,0.0
2024-04-06,16.1,-2.1,0.0,0.0,0.0,11.8,0.0
2024-04-07,9.4,-0.1,0.0,0.0,0.0,15.6,0.0
2024-04-08,14.8,2.1,5.4,0.0,5.4,22.9,0.0
2024-04-09,8.2,2.9,4.1,0.0,4.1,23.2,0.0
2024-04-10,10.5,1.9,1.9,0.0,1.9,23.7,0.0
2024-04-11,5.0,-3.2,0.5,0.0,0.5,17.7,0.0
2024-04-12,8.3,-4.6,0.0,0.0,0.0,23.9,0.0
2024-04-13,15.7,3.0,0.0,0.0,0.0,26.7,0.0
2024-04-14,17.3,6.6,2.2,0.0,2.2,30.8,0.0
2024-04-15,11.1,3.4,0.0,0.0,0.0,14.2,0.0
2024-04-16,16.0,2.0,0.0,0.0,0.0,15.7,0.0
2024-04-17,15.8,6.4,4.2,0.0,4.2,25.1,0.0
2024-04-18,21.5,3.6,0.1,0.0,0.1,23.2,0.0
2024-04-19,23.3,9.4,0.0,0.0,0.0,12.8,0.0
2024-04-20,22.8,8.0,0.0,0.0,0.0,11.4,0.0
2024-04-21,23.2,5.3,0.0,0.0,0.0,10.9,0.0
2024-04-22,21.3,6.7,0.0,0.0,0.0,21.4,0.0
2024-04-23,18.2,4.5,0.0,0.0,0.0,14.7,0.0
2024-04-24,9.7,2.2,0.0,0.0,0.0,23.2,0.0
2024-04-25,9.5,-2.0,0.0,0.0,0.0,25.5,0.0
2024-04-26,13.1,1.6,0.0,0.0,0.0,18.4,0.0
2024-04-27,13.6,-1.8,0.0,0.0,0.0,14.1,0.0
2024-04-28,17.1,-0.7,0.0,0.0,0.0,20.5,0.0
2024-04-29,21.8,9.0,0.1,0.0,0.1,24.5,0.0
2024-04-30,9.7,1.0,13.4,0.77,12.3,28.0,0.0
2024-05-01,11.2,0.8,6.6,3.99,0.9,31.0,0.03
2024-05-02,9.8,4.3,18.5,0.21,18.2,34.1,0.01
2024-05-03,11.4,3.1,0.2,0.0,0.2,15.3,0.0
2024-05-04,18.3,6.0,0.1,0.0,0.1,23.1,0.0
2024-05-05,11.3,2.6,0.0,0.0,0.0,19.3,0.0
2024-05-06,12.5,-1.6,0.0,0.0,0.0,11.0,0.0
2024-05-07,17.0,5.5,2.0,0.0,2.0,18.2,0.0
2024-05-08,20.3,2.3,0.0,0.0,0.0,22.4,0.0
2024-05-09,24.5,14.5,0.6,0.0,0.6,23.5,0.0
2024-05-10,17.0,8.3,0.0,0.0,0.0,18.3,0.0
2024-05-11,15.1,5.6,0.0,0.0,0.0,12.5,0.0
2024-05-12,20.5,4.3,0.0,0.0,0.0,19.3,0.0
2024-05-13,24.5,11.8,0.0,0.0,0.0,23.8,0.0
2024-05-14,23.3,10.6,7.5,0.0,7.5,21.5,0.0
2024-05-15,13.0,6.3,0.2,0.0,0.2,22.7,0.0
2024-05-16,16.2,3.7,0.0,0.0,0.0,19.4,0.0
2024-05-17,21.5,5.1,1.1,0.0,1.1,13.8,0.0
2024-05-18,22.2,12.6,10.5,0.0,10.5,12.4,0.0
2024-05-19,19.4,11.8,8.2,0.0,8.2,25.4,0.0
2024-05-20,15.0,11.1,1.8,0.0,1.8,28.9,0.0
2024-05-21,13.7,7.9,3.8,0.0,3.8,27.3,0.0
2024-05-22,20.5,7.9,0.4,0.0,0.4,18.9,0.0
2024-05-23,21.2,10.4,2.7,0.0,2.7,25.0,0.0
2024-05-24,14.1,5.9,1.8,0.0,1.8,28.3,0.0
2024-05-25,5.7,2.8,11.1,0.21,10.8,31.6,0.0
2024-05-26,15.0,3.5,12.8,0.21,12.5,26.1,0.0
2024-05-27,14.3,4.9,6.6,0.0,6.6,20.1,0.0
2024-05-28,13.6,1.4,0.1,0.0,0.1,23.7,0.0
2024-05-29,21.0,8.5,0.2,0.0,0.2,25.2,0.0
2024-05-30,20.9,6.7,15.8,0.0,15.8,23.6,0.0
2024-05-31,13.2,5.1,0.0,0.0,0.0,17.2,0.0
2024-06-01,17.1,4.2,0.0,0.0,0.0,11.5,0.0
2024-06-02,16.0,9.0,5.7,0.0,5.7,21.6,0.0
2024-06-03,21.6,6.0,0.0,0.0,0.0,19.0,0.0
2024-06-04,22.9,12.3,0.9,0.0,0.9,15.4,0.0
2024-06-05,27.1,11.9,0.0,0.0,0.0,20.5,0.0
2024-06-06,25.4,16.2,10.0,0.0,10.0,23.5,0.0
2024-06-07,24.2,14.5,7.8,0.0,7.8,22.9,0.0
2024-06-08,26.1,15.4,10.7,0.0,10.7,18.9,0.0
2024-06-09,30.1,16.3,2.1,0.0,2.1,14.8,0.0
2024-06-10,25.1,17.9,5.6,0.0,5.6,17.9,0.0
2024-06-11,23.3,15.0,0.1,0.0,0.1,24.6,0.0
2024-06-12,21.0,13.3,4.9,0.0,4.9,28.7,0.0
2024-06-13,24.6,15.5,0.3,0.0,0.3,23.8,0.0
2024-06-14,26.2,15.2,0.1,0.0,0.1,15.1,0.0
2024-06-15,27.2,14.8,0.0,0.0,0.0,11.8,0.0
2024-06-16,27.4,17.4,5.6,0.0,5.6,9.0,0.0
2024-06-17,29.1,16.7,16.1,0.0,16.1,15.6,0.0
2024-06-18,23.0,14.8,0.4,0.0,0.4,23.4,0.0
2024-06-19,22.6,11.0,0.0,0.0,0.0,8.7,0.0
2024-06-20,28.7,13.2,0.0,0.0,0.0,16.6,0.0
2024-06-21,27.4,17.8,4.3,0.0,4.3,26.8,0.0
2024-06-22,28.2,16.0,0.0,0.0,0.0,15.2,0.0
2024-06-23,31.5,16.5,0.1,0.0,0.1,20.8,0.0
2024-06-24,28.2,18.3,1.7,0.0,1.7,24.5,0.0
2024-06-25,26.6,16.2,0.0,0.0,0.0,26.8,0.0
2024-06-26,30.6,14.3,0.1,0.0,0.1,19.5,0.0
2024-06-27,27.9,17.0,0.0,0.0,0.0,11.4,0.0
2024-06-28,34.9,19.8,0.5,0.0,0.5,33.2,0.0
2024-06-29,26.3,17.3,0.0,0.0,0.0,22.4,0.0
2024-06-30,28.1,16.2,0.6,0.0,0.6,26.7,0.0
2024-07-01,22.7,14.3,0.2,0.0,0.2,17.8,0.0
2024-07-02,22.2,12.2,0.6,0.0,0.6,12.2,0.0
2024-07-03,22.7,14.3,8.6,0.0,8.6,20.1,0.0
2024-07-04,23.5,14.2,4.1,0.0,4.1,22.1,0.0
2024-07-05,24.0,14.2,1.9,0.0,1.9,19.3,0.0
2024-07-06,21.9,15.0,1.8,0.0,1.8,23.9,0.0
2024-07-07,22.4,16.1,6.4,0.0,6.4,22.9,0.0
2024-07-08,23.9,16.9,2.3,0.0,2.3,23.7,0.0
2024-07-09,23.2,13.7,0.0,0.0,0.0,17.2,0.0
2024-07-10,24.6,13.3,0.7,0.0,0.7,10.6,0.0
2024-07-11,26.9,13.6,0.0,0.0,0.0,11.6,0.0
2024-07-12,29.2,16.5,0.0,0.0,0.0,15.9,0.0
2024-07-13,30.2,18.9,0.8,0.0,0.8,19.6,0.0
2024-07-14,28.2,17.2,0.6,0.0,0.6,18.2,0.0
2024-07-15,28.5,18.7,1.0,0.0,1.0,18.6,0.0
2024-07-16,26.7,18.0,16.2,0.0,16.2,17.6,0.0
2024-07-17,25.1,16.4,11.3,0.0,11.3,12.0,0.0
2024-07-18,23.5,16.5,4.5,0.0,4.5,15.8,0.0
2024-07-19,23.5,14.0,0.7,0.0,0.7,10.3,0.0
2024-07-20,24.8,14.1,1.2,0.0,1.2,9.7,0.0
2024-07-21,25.2,15.2,0.6,0.0,0.6,18.8,0.0
2024-07-22,27.0,16.2,0.0,0.0,0.0,8.6,0.0
2024-07-23,27.8,17.6,1.0,0.0,1.0,16.6,0.0
2024-07-24,26.3,17.7,0.6,0.0,0.6,16.4,0.0
2024-07-25,26.2,14.9,0.3,0.0,0.3,21.9,0.0
2024-07-26,30.2,19.0,0.1,0.0,0.1,24.3,0.0
2024-07-27,26.4,15.8,0.0,0.0,0.0,22.2,0.0
2024-07-28,23.0,14.9,1.5,0.0,1.5,22.1,0.0
2024-07-29,24.0,13.4,0.1,0.0,0.1,21.6,0.0
2024-07-30,27.4,14.4,0.0,0.0,0.0,21.1,0.0
2024-07-31,30.9,16.8,0.0,0.0,0.0,16.3,0.0
2024-08-01,32.9,20.2,0.0,0.0,0.0,16.0,0.0
2024-08-02,30.5,21.0,1.5,0.0,1.5,16.0,0.0
2024-08-03,27.2,18.1,0.0,0.0,0.0,17.9,0.0
2024-08-04,26.3,16.3,0.3,0.0,0.3,23.7,0.0
2024-08-05,26.7,14.3,0.0,0.0,0.0,17.4,0.0
2024-08-06,28.5,15.0,0.0,0.0,0.0,9.8,0.0
2024-08-07,29.9,18.9,0.0,0.0,0.0,24.1,0.0
2024-08-08,25.9,16.9,10.3,0.0,10.3,16.1,0.0
2024-08-09,23.3,13.7,21.0,0.0,21.0,31.9,0.0
2024-08-10,18.4,12.1,3.4,0.0,3.4,24.1,0.0
2024-08-11,19.9,13.0,0.4,0.0,0.4,16.8,0.0
2024-08-12,23.6,13.7,3.7,0.0,3.7,14.9,0.0
2024-08-13,28.4,13.0,0.0,0.0,0.0,21.9,0.0
2024-08-14,25.4,14.6,1.5,0.0,1.5,23.3,0.0
2024-08-15,24.2,13.2,1.6,0.0,1.6,19.5,0.0
2024-08-16,21.7,12.6,2.0,0.0,2.0,26.8,0.0
2024-08-17,23.4,12.6,0.0,0.0,0.0,22.3,0.0
2024-08-18,21.4,11.8,3.1,0.0,3.1,25.0,0.0
2024-08-19,20.0,12.6,7.0,0.0,7.0,21.9,0.0
2024-08-20,19.9,13.1,18.5,0.0,18.5,20.5,0.0
2024-08-21,22.0,10.4,0.2,0.0,0.2,10.6,0.0
2024-08-22,22.5,13.2,1.4,0.0,1.4,23.7,0.0
2024-08-23,19.5,12.3,1.8,0.0,1.8,24.2,0.0
2024-08-24,16.2,12.1,0.7,0.0,0.7,20.8,0.0
2024-08-25,16.9,11.4,2.7,0.0,2.7,26.8,0.0
2024-08-26,17.4,10.7,6.4,0.0,6.4,15.2,0.0
2024-08-27,18.5,9.5,0.1,0.0,0.1,10.6,0.0
2024-08-28,19.9,8.4,0.0,0.0,0.0,14.2,0.0
2024-08-29,22.3,9.3,0.1,0.0,0.1,17.7,0.0
2024-08-30,20.7,11.4,0.1,0.0,0.1,13.2,0.0
2024-08-31,17.0,9.7,0.5,0.0,0.5,20.3,0.0
2024-09-01,12.7,6.8,1.3,0.0,1.3,24.9,0.0
2024-09-02,15.5,5.1,0.0,0.0,0.0,21.9,0.0
2024-09-03,21.2,9.6,3.0,0.0,3.0,23.4,0.0
2024-09-04,14.2,7.8,10.5,0.0,10.5,13.7,0.0
2024-09-05,12.4,6.1,2.9,0.0,2.9,21.1,0.0
2024-09-06,10.6,5.8,3.4,0.0,3.4,19.5,0.0
2024-09-07,15.1,5.8,0.3,0.0,0.3,21.1,0.0
2024-09-08,16.8,9.2,0.0,0.0,0.0,11.6,0.0
2024-09-09,18.5,6.6,0.0,0.0,0.0,8.4,0.0
2024-09-10,19.3,10.3,1.6,0.0,1.6,12.6,0.0
2024-09-11,17.4,10.6,1.0,0.0,1.0,25.6,0.0
2024-09-12,15.1,6.8,0.0,0.0,0.0,21.7,0.0
2024-09-13,18.4,11.0,0.2,0.0,0.2,26.5,0.0
2024-09-14,19.8,8.8,0.1,0.0,0.1,16.8,0.0
2024-09-15,18.4,8.9,0.1,0.0,0.1,17.0,0.0
2024-09-16,11.5,5.1,0.0,0.0,0.0,26.5,0.0
2024-09-17,13.1,1.7,0.0,0.0,0.0,26.4,0.0
2024-09-18,14.3,1.4,0.0,0.0,0.0,16.1,0.0
2024-09-19,16.6,4.1,0.0,0.0,0.0,17.3,0.0
2024-09-20,15.8,6.9,1.9,0.0,1.9,12.6,0.0
2024-09-21,19.2,5.2,0.0,0.0,0.0,16.1,0.0
2024-09-22,20.2,5.7,0.0,0.0,0.0,29.3,0.0
2024-09-23,15.2,6.4,2.1,0.0,2.1,25.0,0.0
2024-09-24,12.2,1.6,0.0,0.0,0.0,20.1,0.0
2024-09-25,11.4,-0.8,0.0,0.0,0.0,10.8,0.0
2024-09-26,8.2,1.5,0.2,0.0,0.2,19.0,0.0
2024-09-27,8.5,-1.4,0.3,0.0,0.3,14.8,0.0
2024-09-28,17.7,5.4,0.2,0.0,0.2,10.7,0.0
2024-09-29,18.8,4.3,0.0,0.0,0.0,9.5,0.0
2024-09-30,19.8,4.2,0.0,0.0,0.0,10.1,0.0
2024-10-01,20.6,2.8,0.0,0.0,0.0,13.0,0.0
2024-10-02,13.6,5.1,0.0,0.0,0.0,26.6,0.0
2024-10-03,11.2,0.3,0.0,0.0,0.0,17.6,0.0
2024-10-04,14.4,-0.1,0.0,0.0,0.0,13.0,0.0
2024-10-05,16.7,1.8,0.0,0.0,0.0,11.5,0.0
2024-10-06,16.7,4.6,0.0,0.0,0.0,13.3,0.0
2024-10-07,15.6,3.6,0.0,0.0,0.0,15.8,0.0
2024-10-08,17.4,1.6,0.0,0.0,0.0,15.2,0.0
2024-10-09,20.9,7.2,0.0,0.0,0.0,14.4,0.0
2024-10-10,19.8,5.8,0.0,0.0,0.0,11.9,0.0
2024-10-11,9.9,0.6,7.7,0.0,7.7,27.7,0.0
2024-10-12,0.1,-2.4,3.9,2.31,0.6,26.2,0.02
2024-10-13,-0.2,-6.9,0.0,0.0,0.0,25.3,0.03
2024-10-14,1.1,-6.2,0.0,0.0,0.0,24.1,0.03
2024-10-15,1.1,-5.8,0.0,0.0,0.0,16.9,0.03
2024-10-16,4.7,-4.5,0.0,0.0,0.0,13.5,0.03
2024-10-17,7.7,-4.7,0.0,0.0,0.0,12.0,0.03
2024-10-18,8.4,-5.0,0.0,0.0,0.0,8.6,0.02
2024-10-19,9.5,-1.7,0.0,0.0,0.0,10.5,0.02
2024-10-20,10.3,-3.5,0.0,0.0,0.0,10.8,0.02
2024-10-21,7.0,2.3,1.7,0.0,1.7,11.8,0.01
2024-10-22,6.2,-1.5,3.4,0.0,3.4,14.8,0.01
2024-10-23,6.2,2.6,2.0,0.0,2.0,25.9,0.0
2024-10-24,6.4,2.4,1.7,0.0,1.7,26.7,0.0
2024-10-25,8.9,3.8,1.0,0.0,1.0,28.9,0.0
2024-10-26,8.4,3.9,3.9,0.0,3.9,22.6,0.0
2024-10-27,6.9,1.7,8.0,0.0,8.0,17.3,0.0
2024-10-28,6.1,-0.5,8.6,0.84,7.4,31.9,0.0
2024-10-29,2.1,-2.2,0.0,0.0,0.0,16.6,0.01
2024-10-30,4.8,-1.3,0.7,0.28,0.3,18.7,0.01
2024-10-31,4.5,-0.6,2.6,0.0,2.6,17.2,0.01
2024-11-01,4.6,0.5,0.5,0.0,0.5,20.0,0.0
2024-11-02,5.0,0.7,4.0,0.91,2.7,24.5,0.01
2024-11-03,12.8,2.9,0.2,0.0,0.2,33.6,0.0
2024-11-04,9.3,-3.8,0.5,0.07,0.4,22.4,0.0
2024-11-05,1.4,-6.5,0.0,0.0,0.0,12.7,0.01
2024-11-06,7.7,-3.1,6.3,0.35,5.8,40.5,0.01
2024-11-07,-2.0,-4.5,3.3,2.31,0.0,46.4,0.02
2024-11-08,-3.1,-6.5,0.1,0.07,0.0,21.5,0.02
2024-11-09,-2.9,-7.9,1.7,1.19,0.0,35.8,0.02
2024-11-10,0.4,-3.0,8.3,5.46,0.5,39.1,0.06
2024-11-11,-0.3,-9.9,4.4,3.08,0.0,19.4,0.1
2024-11-12,-7.4,-10.6,0.2,0.14,0.0,16.8,0.1
2024-11-13,-6.3,-11.9,1.5,1.05,0.0,23.1,0.11
2024-11-14,-2.9,-9.4,1.3,0.91,0.0,26.3,0.11
2024-11-15,-1.6,-5.1,0.2,0.14,0.1,25.0,0.12
2024-11-16,-5.8,-10.5,0.0,0.0,0.0,16.9,0.12
2024-11-17,-5.0,-10.1,0.0,0.0,0.0,14.4,0.12
2024-11-18,-4.6,-9.8,0.0,0.0,0.0,14.4,0.12
2024-11-19,-7.4,-14.5,0.0,0.0,0.0,9.4,0.11
2024-11-20,0.7,-10.4,0.1,0.0,0.1,12.4,0.11
2024-11-21,-0.3,-3.1,3.2,2.24,0.0,32.2,0.12
2024-11-22,-1.5,-5.6,0.0,0.0,0.0,19.2,0.13
2024-11-23,-5.6,-10.2,0.0,0.0,0.0,8.4,0.13
2024-11-24,-2.9,-13.3,0.0,0.0,0.0,13.7,0.13
2024-11-25,-0.3,-5.9,0.0,0.0,0.0,16.4,0.13
2024-11-26,-2.1,-7.1,0.0,0.0,0.0,14.1,0.13
2024-11-27,-4.9,-10.9,0.0,0.0,0.0,11.1,0.13
2024-11-28,-6.1,-13.9,0.0,0.0,0.0,8.0,0.13
2024-11-29,-7.2,-13.6,0.0,0.0,0.0,9.4,0.13
2024-11-30,-12.0,-16.7,0.0,0.0,0.0,8.7,0.13
2024-12-01,-9.4,-13.6,0.1,0.07,0.0,10.1,0.13
2024-12-02,-4.8,-9.0,0.0,0.0,0.0,10.9,0.13
2024-12-03,-5.8,-11.7,0.0,0.0,0.0,16.3,0.13
2024-12-04,-7.3,-14.5,0.0,0.0,0.0,14.1,0.13
2024-12-05,-3.0,-13.9,0.0,0.0,0.0,16.6,0.13
2024-12-06,-5.3,-7.5,1.8,1.05,0.3,15.6,0.13
2024-12-07,-7.0,-18.4,1.7,1.19,0.0,13.7,0.16
2024-12-08,-16.1,-19.2,0.0,0.0,0.0,7.9,0.16
2024-12-09,-15.9,-23.3,0.0,0.0,0.0,9.8,0.17
2024-12-10,-18.9,-26.0,0.0,0.0,0.0,21.4,0.17
2024-12-11,-11.2,-17.5,0.0,0.0,0.0,31.5,0.17
2024-12-12,-9.3,-13.0,0.0,0.0,0.0,30.7,0.16
2024-12-13,-3.8,-11.9,0.0,0.0,0.0,26.8,0.16
2024-12-14,0.9,-5.4,2.2,1.54,0.0,25.7,0.15
2024-12-15,0.9,-11.7,1.2,0.77,0.1,30.0,0.16
2024-12-16,-10.2,-14.8,0.3,0.21,0.0,29.1,0.16
2024-12-17,-10.9,-15.8,0.0,0.0,0.0,25.1,0.15
2024-12-18,-4.0,-12.0,0.6,0.42,0.0,25.7,0.15
2024-12-19,-1.1,-4.3,3.9,2.73,0.0,34.0,0.17
2024-12-20,-1.1,-12.9,1.3,0.91,0.0,34.0,0.19
2024-12-21,-9.5,-13.5,1.9,1.26,0.1,20.4,0.21
2024-12-22,-5.9,-13.2,5.3,3.64,0.1,22.9,0.23
2024-12-23,-5.7,-6.5,1.1,0.77,0.0,18.7,0.26
2024-12-24,-4.9,-7.8,0.0,0.0,0.0,9.5,0.27
2024-12-25,-7.0,-15.3,0.0,0.0,0.0,11.0,0.27
2024-12-26,-8.9,-15.7,0.0,0.0,0.0,15.2,0.26
2024-12-27,-9.8,-13.6,0.0,0.0,0.0,26.5,0.26
2024-12-28,-3.6,-9.1,2.3,1.54,0.1,29.7,0.27
2024-12-29,-6.4,-9.6,0.7,0.42,0.1,21.2,0.27
2024-12-30,-6.8,-9.4,0.0,0.0,0.0,13.9,0.27
2024-12-31,-6.4,-9.3,0.0,0.0,0.0,14.2,0.27
2025-01-01,-6.8,-14.4,0.0,0.0,0.0,33.1,0.27
2025-01-02,-4.2,-9.7,3.2,2.24,0.0,35.2,0.28
2025-01-03,-0.7,-9.6,2.0,1.05,0.5,38.3,0.28
2025-01-04,-1.0,-5.5,0.0,0.0,0.0,27.0,0.28
2025-01-05,-4.5,-7.6,0.0,0.0,0.0,17.5,0.28
2025-01-06,-4.2,-7.0,0.0,0.0,0.0,19.3,0.27
2025-01-07,-1.9,-5.9,3.5,2.45,0.0,15.0,0.27
2025-01-08,-2.3,-19.2,2.6,1.82,0.0,27.7,0.31
2025-01-09,-4.8,-16.3,0.6,0.42,0.0,28.6,0.35
2025-01-10,-6.6,-9.2,0.0,0.0,0.0,27.2,0.37
2025-01-11,-7.0,-14.2,0.0,0.0,0.0,16.6,0.36
2025-01-12,-8.4,-16.5,0.0,0.0,0.0,8.6,0.35
2025-01-13,-9.0,-15.7,0.0,0.0,0.0,12.9,0.35
2025-01-14,-7.2,-13.8,0.0,0.0,0.0,14.6,0.35
2025-01-15,-8.5,-13.1,0.0,0.0,0.0,21.8,0.34
2025-01-16,-8.9,-11.9,0.5,0.35,0.0,26.7,0.29
2025-01-17,-5.6,-8.5,2.8,1.96,0.1,27.2,0.29
2025-01-18,-5.9,-9.4,0.4,0.35,0.0,21.3,0.29
2025-01-19,-1.1,-9.3,0.1,0.07,0.0,23.3,0.29
2025-01-20,0.2,-2.0,4.6,3.15,0.1,29.1,0.29
2025-01-21,-1.2,-4.0,5.7,3.99,0.0,40.2,0.3
2025-01-22,-4.8,-24.1,1.0,0.7,0.0,43.4,0.32
2025-01-23,-23.0,-28.6,0.0,0.0,0.0,24.7,0.32
2025-01-24,-23.3,-32.1,0.0,0.0,0.0,18.0,0.32
2025-01-25,-15.9,-22.7,0.0,0.0,0.0,16.2,0.32
2025-01-26,-11.8,-20.3,0.0,0.0,0.0,11.4,0.32
2025-01-27,-12.1,-18.3,0.0,0.0,0.0,18.3,0.32
2025-01-28,-8.9,-18.7,1.1,0.77,0.0,23.1,0.32
2025-01-29,-3.2,-8.8,5.7,3.99,0.0,24.4,0.34
2025-01-30,-3.2,-13.8,2.0,1.47,0.0,14.9,0.37
2025-01-31,-14.3,-19.4,0.0,0.0,0.0,11.7,0.38
2025-02-01,-3.0,-14.8,3.9,2.73,0.0,30.1,0.39
2025-02-02,-1.9,-3.6,0.2,0.07,0.1,19.2,0.39
2025-02-03,-2.4,-7.3,0.0,0.0,0.0,11.3,0.39
2025-02-04,-4.5,-11.5,0.0,0.0,0.0,19.5,0.38
2025-02-05,-4.7,-11.3,0.0,0.0,0.0,26.0,0.38
2025-02-06,-5.4,-16.3,0.0,0.0,0.0,26.7,0.37
2025-02-07,-15.9,-19.5,0.0,0.0,0.0,25.8,0.37
2025-02-08,-13.6,-21.7,0.0,0.0,0.0,24.2,0.37
2025-02-09,-9.9,-23.4,0.0,0.0,0.0,12.1,0.37
2025-02-10,-10.0,-16.7,0.0,0.0,0.0,19.5,0.37
2025-02-11,-5.7,-13.7,0.0,0.0,0.0,15.2,0.36
2025-02-12,-8.9,-14.6,0.0,0.0,0.0,22.5,0.36
2025-02-13,-6.1,-9.8,0.0,0.0,0.0,37.8,0.36
2025-02-14,-4.3,-11.6,0.0,0.0,0.0,22.8,0.36
2025-02-15,-4.9,-9.9,0.0,0.0,0.0,21.4,0.36
2025-02-16,-5.5,-10.1,0.0,0.0,0.0,16.7,0.35
2025-02-17,-6.1,-12.8,0.0,0.0,0.0,21.3,0.35
2025-02-18,-7.9,-15.2,0.0,0.0,0.0,20.3,0.35
2025-02-19,-8.6,-15.7,0.0,0.0,0.0,13.7,0.34
2025-02-20,-7.8,-16.1,0.0,0.0,0.0,13.5,0.34
2025-02-21,-7.9,-14.1,0.0,0.0,0.0,16.4,0.34
2025-02-22,-6.3,-14.5,0.0,0.0,0.0,17.6,0.34
2025-02-23,-2.7,-12.6,0.3,0.21,0.0,19.5,0.33
2025-02-24,-1.7,-14.8,0.0,0.0,0.0,17.8,0.33
2025-02-25,-0.9,-8.3,0.0,0.0,0.0,14.5,0.33
2025-02-26,0.0,-7.8,0.3,0.21,0.0,28.4,0.33
2025-02-27,-7.5,-12.7,0.0,0.0,0.0,25.6,0.33
2025-02-28,-8.5,-14.6,0.0,0.0,0.0,10.0,0.33
2025-03-01,-10.7,-18.9,0.0,0.0,0.0,10.8,0.32
2025-03-02,-8.5,-19.6,0.0,0.0,0.0,13.9,0.32
2025-03-03,-1.2,-13.2,1.7,1.19,0.0,19.5,0.32
2025-03-04,-8.3,-17.1,0.6,0.42,0.0,19.7,0.33
2025-03-05,-6.3,-14.8,0.7,0.56,0.0,26.4,0.33
2025-03-06,-1.0,-7.3,6.7,4.76,0.0,34.6,0.35
2025-03-07,-2.3,-11.1,0.9,0.63,0.0,28.8,0.37
2025-03-08,-2.1,-11.9,3.3,2.31,0.0,19.1,0.37
2025-03-09,-4.1,-13.9,2.1,1.47,0.0,20.9,0.4
2025-03-10,-3.9,-15.0,4.0,2.8,0.0,31.7,0.42
2025-03-11,-0.5,-7.9,0.6,0.28,0.2,28.6,0.42
2025-03-12,-2.6,-11.7,0.0,0.0,0.0,15.7,0.42
2025-03-13,-2.4,-9.9,0.0,0.0,0.0,20.9,0.41
2025-03-14,-0.8,-10.9,0.1,0.07,0.0,19.9,0.41
2025-03-15,0.8,-4.4,0.1,0.07,0.0,13.5,0.4
2025-03-16,1.5,-7.7,0.2,0.07,0.1,22.5,0.39
2025-03-17,3.6,-3.0,0.0,0.0,0.0,28.4,0.37
2025-03-18,4.4,2.2,0.0,0.0,0.0,24.4,0.32
2025-03-19,4.3,0.9,0.0,0.0,0.0,21.2,0.27
2025-03-20,4.9,0.8,0.0,0.0,0.0,25.1,0.22
2025-03-21,2.6,-3.9,3.6,0.63,2.7,24.0,0.18
2025-03-22,0.7,-8.8,0.0,0.0,0.0,13.7,0.17
2025-03-23,-1.2,-7.3,0.0,0.0,0.0,17.6,0.16
2025-03-24,-0.7,-8.7,0.5,0.35,0.0,23.6,0.15
2025-03-25,-2.9,-13.1,0.0,0.0,0.0,14.3,0.15
2025-03-26,0.0,-13.4,0.0,0.0,0.0,9.7,0.14
2025-03-27,2.7,-7.9,0.0,0.0,0.0,20.4,0.12
2025-03-28,3.5,-5.1,0.0,0.0,0.0,18.8,0.09
2025-03-29,5.2,-3.3,0.0,0.0,0.0,14.5,0.07
2025-03-30,7.5,-5.3,0.0,0.0,0.0,10.7,0.04
2025-03-31,7.8,-3.9,1.5,0.0,1.5,18.3,0.02
2025-04-01,8.1,0.2,0.1,0.0,0.1,17.5,0.01
2025-04-02,10.8,-2.4,0.0,0.0,0.0,10.9,0.01
2025-04-03,14.0,1.5,0.0,0.0,0.0,28.0,0.0
2025-04-04,16.7,0.5,7.2,0.0,7.2,35.5,0.0
2025-04-05,11.2,-1.6,0.0,0.0,0.0,23.9,0.0
2025-04-06,16.4,2.7,0.0,0.0,0.0,21.3,0.0
2025-04-07,14.9,3.2,0.3,0.0,0.3,21.6,0.0
2025-04-08,19.0,8.1,1.5,0.0,1.5,17.7,0.0
2025-04-09,17.8,4.2,0.6,0.0,0.6,12.9,0.0
2025-04-10,20.7,6.6,0.0,0.0,0.0,20.7,0.0
2025-04-11,22.3,10.5,0.0,0.0,0.0,23.9,0.0
2025-04-12,22.2,9.7,0.0,0.0,0.0,24.3,0.0
2025-04-13,9.8,4.9,15.2,0.0,15.2,19.8,0.0
2025-04-14,14.4,2.3,6.9,0.0,6.9,18.7,0.0
2025-04-15,13.8,4.1,2.4,0.0,2.4,17.0,0.0
2025-04-16,13.3,1.5,0.0,0.0,0.0,20.0,0.0
2025-04-17,8.7,-0.5,0.5,0.0,0.5,34.0,0.0
2025-04-18,6.7,-3.0,1.1,0.42,0.5,30.6,0.0
2025-04-19,4.8,-5.5,0.0,0.0,0.0,13.0,0.0
2025-04-20,20.6,2.3,0.0,0.0,0.0,34.6,0.0
2025-04-21,19.0,10.4,0.3,0.0,0.3,22.3,0.0
2025-04-22,21.8,7.4,0.0,0.0,0.0,15.3,0.0
2025-04-23,22.7,8.5,0.1,0.0,0.1,22.8,0.0
2025-04-24,17.6,5.1,0.0,0.0,0.0,19.0,0.0
2025-04-25,22.6,6.9,0.0,0.0,0.0,14.9,0.0
2025-04-26,23.6,11.5,0.0,0.0,0.0,27.1,0.0
2025-04-27,24.2,11.6,4.2,0.0,4.2,18.3,0.0
2025-04-28,24.2,11.1,1.0,0.0,1.0,27.4,0.0
2025-04-29,14.4,5.1,0.0,0.0,0.0,40.2,0.0
2025-04-30,11.2,0.9,0.0,0.0,0.0,22.9,0.0
2025-05-01,14.4,1.3,0.0,0.0,0.0,7.9,0.0
2025-05-02,16.3,5.6,0.3,0.0,0.3,18.8,0.0
2025-05-03,17.0,4.9,0.0,0.0,0.0,19.7,0.0
2025-05-04,22.8,11.7,0.0,0.0,0.0,25.6,0.0
2025-05-05,19.9,6.8,0.0,0.0,0.0,22.2,0.0
2025-05-06,23.1,9.5,0.0,0.0,0.0,12.8,0.0
2025-05-07,24.3,12.3,0.0,0.0,0.0,11.9,0.0
2025-05-08,27.8,12.5,0.1,0.0,0.1,18.3,0.0
2025-05-09,26.9,14.4,0.8,0.0,0.8,24.1,0.0
2025-05-10,23.0,13.7,4.0,0.0,4.0,28.2,0.0
2025-05-11,17.4,11.1,0.7,0.0,0.7,21.1,0.0
2025-05-12,23.2,9.7,0.0,0.0,0.0,14.1,0.0
2025-05-13,27.3,13.9,0.0,0.0,0.0,22.5,0.0
2025-05-14,30.3,16.4,0.1,0.0,0.1,18.2,0.0
2025-05-15,34.3,14.8,0.0,0.0,0.0,20.1,0.0
2025-05-16,31.6,20.4,0.0,0.0,0.0,25.6,0.0
2025-05-17,30.3,16.4,0.4,0.0,0.4,23.0,0.0
2025-05-18,16.3,10.8,31.5,0.0,31.5,33.3,0.0
2025-05-19,18.5,8.5,0.0,0.0,0.0,18.0,0.0
2025-05-20,21.5,9.7,0.0,0.0,0.0,17.7,0.0
2025-05-21,23.8,14.0,0.0,0.0,0.0,21.2,0.0
2025-05-22,22.5,11.6,1.5,0.0,1.5,32.5,0.0
2025-05-23,18.5,12.4,1.0,0.0,1.0,34.5,0.0
2025-05-24,17.3,8.8,0.2,0.0,0.2,19.2,0.0
2025-05-25,15.9,6.7,0.9,0.0,0.9,16.6,0.0
2025-05-26,14.8,5.9,0.6,0.0,0.6,21.4,0.0
2025-05-27,19.4,5.7,0.0,0.0,0.0,18.6,0.0
2025-05-28,23.1,12.6,0.5,0.0,0.5,22.9,0.0
2025-05-29,23.0,9.7,0.2,0.0,0.2,26.7,0.0
2025-05-30,24.0,13.5,0.0,0.0,0.0,20.7,0.0
2025-05-31,26.7,13.2,0.2,0.0,0.2,12.4,0.0
2025-06-01,24.9,14.9,0.9,0.0,0.9,13.3,0.0
2025-06-02,26.9,14.6,0.0,0.0,0.0,11.7,0.0
2025-06-03,30.8,16.3,0.1,0.0,0.1,21.1,0.0
2025-06-04,27.8,18.0,3.1,0.0,3.1,26.5,0.0
2025-06-05,25.3,13.4,0.0,0.0,0.0,18.7,0.0
2025-06-06,29.2,15.2,0.0,0.0,0.0,23.8,0.0
2025-06-07,22.4,18.0,3.1,0.0,3.1,26.0,0.0
2025-06-08,16.8,13.2,17.2,0.0,17.2,22.5,0.0
2025-06-09,20.2,11.1,0.0,0.0,0.0,19.2,0.0
2025-06-10,23.2,12.1,0.0,0.0,0.0,21.4,0.0
2025-06-11,28.8,15.7,0.0,0.0,0.0,18.3,0.0
2025-06-12,25.6,17.4,0.0,0.0,0.0,15.5,0.0
2025-06-13,28.0,17.9,2.6,0.0,2.6,16.4,0.0
2025-06-14,27.9,17.0,0.2,0.0,0.2,14.3,0.0
2025-06-15,26.8,17.0,0.5,0.0,0.5,15.5,0.0
2025-06-16,29.0,18.4,0.0,0.0,0.0,13.1,0.0
2025-06-17,32.3,19.0,0.0,0.0,0.0,16.5,0.0
2025-06-18,34.2,21.1,1.1,0.0,1.1,34.0,0.0
2025-06-19,28.3,19.2,0.8,0.0,0.8,24.9,0.0
2025-06-20,26.1,17.1,1.0,0.0,1.0,37.0,0.0
2025-06-21,23.7,13.8,4.9,0.0,4.9,37.0,0.0
2025-06-22,25.5,17.7,0.0,0.0,0.0,28.4,0.0
2025-06-23,20.5,14.7,12.0,0.0,12.0,21.0,0.0
2025-06-24,21.6,13.1,0.2,0.0,0.2,15.7,0.0
2025-06-25,20.4,11.8,0.6,0.0,0.6,21.4,0.0
2025-06-26,17.6,12.6,8.3,0.0,8.3,20.9,0.0
2025-06-27,22.0,12.8,1.0,0.0,1.0,16.0,0.0
2025-06-28,26.1,14.1,1.6,0.0,1.6,21.3,0.0
2025-06-29,19.8,14.4,7.4,0.0,7.4,16.1,0.0
2025-06-30,21.9,13.0,0.2,0.0,0.2,12.3,0.0
2025-07-01,25.6,14.5,0.0,0.0,0.0,12.3,0.0
2025-07-02,28.1,15.8,0.0,0.0,0.0,10.0,0.0
2025-07-03,30.1,18.1,0.0,0.0,0.0,14.9,0.0
2025-07-04,29.8,19.0,2.8,0.0,2.8,21.2,0.0
2025-07-05,21.7,15.9,9.9,0.0,9.9,21.8,0.0
2025-07-06,25.0,15.2,0.0,0.0,0.0,21.6,0.0
2025-07-07,23.6,16.3,4.0,0.0,4.0,18.9,0.0
2025-07-08,22.9,13.1,0.0,0.0,0.0,15.9,0.0
2025-07-09,23.9,14.0,0.0,0.0,0.0,15.3,0.0
2025-07-10,24.4,14.1,0.1,0.0,0.1,12.5,0.0
2025-07-11,26.7,15.0,2.0,0.0,2.0,15.9,0.0
2025-07-12,23.1,16.4,0.0,0.0,0.0,23.6,0.0
2025-07-13,22.3,13.9,0.0,0.0,0.0,15.9,0.0
2025-07-14,21.6,12.5,0.1,0.0,0.1,17.2,0.0
2025-07-15,22.4,12.5,0.4,0.0,0.4,11.1,0.0
2025-07-16,27.1,13.9,0.0,0.0,0.0,10.1,0.0
2025-07-17,28.6,18.2,0.0,0.0,0.0,16.9,0.0
2025-07-18,32.3,17.6,0.3,0.0,0.3,18.2,0.0
2025-07-19,22.5,15.5,0.1,0.0,0.1,20.4,0.0
2025-07-20,24.1,12.2,0.0,0.0,0.0,12.3,0.0
2025-07-21,26.5,14.0,0.0,0.0,0.0,15.7,0.0
2025-07-22,28.2,15.9,0.0,0.0,0.0,13.8,0.0
2025-07-23,29.4,18.0,1.0,0.0,1.0,14.9,0.0
2025-07-24,28.2,17.2,0.0,0.0,0.0,21.4,0.0
2025-07-25,28.7,16.4,0.8,0.0,0.8,21.8,0.0
2025-07-26,25.7,17.9,6.5,0.0,6.5,20.0,0.0
2025-07-27,25.8,17.2,2.3,0.0,2.3,23.0,0.0
2025-07-28,28.5,15.4,0.0,0.0,0.0,22.5,0.0
2025-07-29,22.8,16.2,9.2,0.0,9.2,18.6,0.0
2025-07-30,21.0,14.5,5.5,0.0,5.5,19.5,0.0
2025-07-31,22.1,13.8,0.6,0.0,0.6,9.9,0.0
2025-08-01,22.4,14.3,9.4,0.0,9.4,12.5,0.0
2025-08-02,22.8,14.9,4.1,0.0,4.1,18.0,0.0
2025-08-03,20.6,13.4,0.0,0.0,0.0,17.3,0.0
2025-08-04,18.4,9.8,0.0,0.0,0.0,17.4,0.0
2025-08-05,21.5,9.9,0.0,0.0,0.0,19.5,0.0
2025-08-06,24.0,14.7,0.7,0.0,0.7,24.5,0.0
2025-08-07,24.8,10.7,4.2,0.0,4.2,15.2,0.0
2025-08-08,20.0,12.7,0.0,0.0,0.0,17.2,0.0
2025-08-09,20.5,10.6,0.0,0.0,0.0,14.3,0.0
2025-08-10,23.0,11.3,0.0,0.0,0.0,9.4,0.0
2025-08-11,26.0,12.9,0.0,0.0,0.0,18.3,0.0
2025-08-12,18.7,14.6,7.2,0.0,7.2,31.5,0.0
2025-08-13,24.9,12.6,0.0,0.0,0.0,21.0,0.0
2025-08-14,21.4,14.4,8.4,0.0,8.4,23.9,0.0
2025-08-15,20.9,13.3,0.8,0.0,0.8,20.7,0.0
2025-08-16,20.2,13.1,14.5,0.0,14.5,19.8,0.0
2025-08-17,20.7,12.5,7.0,0.0,7.0,23.3,0.0
2025-08-18,20.3,12.3,2.1,0.0,2.1,22.4,0.0
2025-08-19,23.1,12.8,1.0,0.0,1.0,13.9,0.0
2025-08-20,26.2,15.0,0.0,0.0,0.0,15.1,0.0
2025-08-21,23.4,14.9,0.1,0.0,0.1,20.6,0.0
2025-08-22,19.0,11.9,1.6,0.0,1.6,20.6,0.0
2025-08-23,22.5,12.7,1.2,0.0,1.2,17.2,0.0
2025-08-24,23.2,13.3,0.0,0.0,0.0,12.8,0.0
2025-08-25,24.4,11.5,0.0,0.0,0.0,13.3,0.0
2025-08-26,27.1,13.9,0.0,0.0,0.0,14.0,0.0
2025-08-27,29.7,16.1,0.0,0.0,0.0,12.9,0.0
2025-08-28,32.5,17.6,0.0,0.0,0.0,16.3,0.0
2025-08-29,23.7,16.8,0.1,0.0,0.1,20.1,0.0
2025-08-30,20.0,10.9,1.6,0.0,1.6,25.9,0.0
2025-08-31,16.1,8.4,0.3,0.0,0.3,22.8,0.0
2025-09-01,15.4,10.0,0.6,0.0,0.6,21.7,0.0
2025-09-02,17.4,6.8,0.2,0.0,0.2,18.7,0.0
2025-09-03,18.7,8.0,0.0,0.0,0.0,10.9,0.0
2025-09-04,24.7,12.8,0.0,0.0,0.0,16.0,0.0
2025-09-05,25.6,12.0,0.0,0.0,0.0,18.2,0.0
2025-09-06,24.5,13.2,0.0,0.0,0.0,24.3,0.0
2025-09-07,24.0,14.4,0.0,0.0,0.0,23.1,0.0
2025-09-08,16.0,11.6,0.9,0.0,0.9,21.8,0.0
2025-09-09,18.7,7.9,0.1,0.0,0.1,13.6,0.0
2025-09-10,14.3,8.8,7.8,0.0,7.8,17.2,0.0
2025-09-11,15.3,7.1,0.8,0.0,0.8,17.1,0.0
2025-09-12,14.1,8.7,2.8,0.0,2.8,19.5,0.0
2025-09-13,12.0,6.8,3.7,0.0,3.7,21.5,0.0
2025-09-14,14.4,5.2,0.0,0.0,0.0,13.5,0.0
2025-09-15,16.1,5.0,0.0,0.0,0.0,22.6,0.0
2025-09-16,16.2,7.8,0.6,0.0,0.6,19.5,0.0
2025-09-17,15.9,7.9,0.7,0.0,0.7,13.9,0.0
2025-09-18,16.5,8.6,0.0,0.0,0.0,13.5,0.0
2025-09-19,17.1,9.2,0.0,0.0,0.0,14.6,0.0
2025-09-20,18.0,8.9,0.1,0.0,0.1,12.1,0.0
2025-09-21,18.9,6.7,0.0,0.0,0.0,14.1,0.0
2025-09-22,18.8,10.4,0.5,0.0,0.5,13.2,0.0
2025-09-23,15.1,8.4,0.6,0.0,0.6,19.4,0.0
2025-09-24,22.3,10.2,0.0,0.0,0.0,17.9,0.0
2025-09-25,23.9,11.3,0.0,0.0,0.0,15.1,0.0
2025-09-26,23.9,9.9,0.0,0.0,0.0,8.5,0.0
2025-09-27,22.8,9.3,2.5,0.0,2.5,19.9,0.0
2025-09-28,12.5,5.0,5.5,0.0,5.5,16.6,0.0
2025-09-29,4.8,1.4,0.0,0.0,0.0,17.9,0.0
2025-09-30,5.7,-1.4,0.0,0.0,0.0,16.5,0.0
2025-10-01,4.9,-2.5,0.0,0.0,0.0,20.7,0.0
2025-10-02,9.0,3.2,0.7,0.0,0.7,28.4,0.0
2025-10-03,6.1,0.6,0.0,0.0,0.0,13.2,0.0
2025-10-04,6.6,-0.8,0.1,0.0,0.1,23.3,0.0
2025-10-05,5.1,-5.1,0.0,0.0,0.0,9.9,0.0
2025-10-06,8.8,-1.8,0.0,0.0,0.0,12.8,0.0
2025-10-07,8.3,-0.1,0.0,0.0,0.0,14.5,0.0
2025-10-08,7.3,-3.5,0.0,0.0,0.0,10.1,0.0
2025-10-09,12.2,-1.5,0.0,0.0,0.0,12.7,0.0
2025-10-10,11.1,0.0,0.0,0.0,0.0,12.0,0.0
2025-10-11,5.3,0.2,0.0,0.0,0.0,24.8,0.0
2025-10-12,2.2,-1.8,0.0,0.0,0.0,24.4,0.0
2025-10-13,3.9,-5.1,0.0,0.0,0.0,16.9,0.0
2025-10-14,0.9,-7.7,0.0,0.0,0.0,19.0,0.0
2025-10-15,4.1,-7.6,0.0,0.0,0.0,19.2,0.0
2025-10-16,6.9,-5.7,0.0,0.0,0.0,21.9,0.0
2025-10-17,8.5,-3.7,0.0,0.0,0.0,19.6,0.0
2025-10-18,6.5,0.2,0.0,0.0,0.0,23.3,0.0
2025-10-19,6.9,-1.7,0.0,0.0,0.0,15.3,0.0
2025-10-20,8.7,-2.6,0.0,0.0,0.0,8.6,0.0
2025-10-21,9.7,-3.7,0.0,0.0,0.0,17.4,0.0
2025-10-22,9.5,-1.3,0.0,0.0,0.0,18.1,0.0
2025-10-23,12.1,-1.4,0.0,0.0,0.0,16.3,0.0
2025-10-24,12.4,0.1,0.0,0.0,0.0,13.0,0.0
2025-10-25,8.6,-0.7,0.8,0.0,0.8,14.7,0.0
2025-10-26,7.4,-0.2,0.0,0.0,0.0,15.1,0.0
2025-10-27,5.8,-2.7,0.0,0.0,0.0,9.3,0.0
2025-10-28,8.4,-4.0,0.0,0.0,0.0,10.0,0.0
2025-10-29,10.1,-2.7,0.0,0.0,0.0,10.5,0.0
2025-10-30,10.7,-0.3,0.0,0.0,0.0,15.3,0.0
2025-10-31,13.4,2.6,0.7,0.0,0.7,17.7,0.0
2025-11-01,7.5,1.8,8.0,0.0,8.0,25.6,0.0
2025-11-02,6.1,1.5,0.7,0.0,0.7,16.1,0.0
2025-11-03,5.7,-3.5,10.4,1.33,8.5,19.5,0.0
2025-11-04,-4.6,-11.0,1.6,1.19,0.0,20.9,0.02
2025-11-05,-7.8,-10.8,0.4,0.28,0.0,18.2,0.03
2025-11-06,-1.6,-7.3,2.7,1.89,0.0,25.1,0.05
2025-11-07,0.0,-2.7,2.4,1.68,0.0,25.4,0.06
2025-11-08,0.6,-2.0,4.4,3.01,0.1,30.5,0.07
2025-11-09,2.0,0.3,8.3,4.34,2.1,31.1,0.08
2025-11-10,1.5,-4.9,0.4,0.0,0.4,29.5,0.08
2025-11-11,1.2,-2.6,1.2,0.77,0.1,28.6,0.08
2025-11-12,2.4,-1.8,4.6,0.98,3.2,27.9,0.06
2025-11-13,-2.5,-6.6,0.1,0.07,0.0,16.0,0.04
2025-11-14,-0.4,-8.0,0.0,0.0,0.0,12.6,0.04
2025-11-15,2.9,-1.4,0.0,0.0,0.0,13.7,0.03
2025-11-16,3.9,-3.3,0.0,0.0,0.0,17.5,0.03
2025-11-17,3.5,-0.5,0.0,0.0,0.0,18.4,0.03
2025-11-18,5.2,-1.8,0.0,0.0,0.0,11.6,0.02
2025-11-19,4.3,-1.6,0.0,0.0,0.0,13.7,0.02
2025-11-20,3.4,-1.9,1.7,0.0,1.7,19.9,0.02
2025-11-21,3.8,-3.3,2.5,0.0,2.5,20.2,0.01
2025-11-22,-1.3,-7.0,0.0,0.0,0.0,17.9,0.01
2025-11-23,4.7,-2.3,0.0,0.0,0.0,28.1,0.01
2025-11-24,4.5,-0.4,5.9,0.0,5.9,27.0,0.0
2025-11-25,4.8,0.2,0.0,0.0,0.0,23.4,0.0
2025-11-26,5.2,-0.1,0.0,0.0,0.0,24.7,0.0
2025-11-27,1.4,-1.8,0.0,0.0,0.0,16.5,0.0
2025-11-28,-0.9,-2.7,0.0,0.0,0.0,11.2,0.0
2025-11-29,0.0,-5.7,0.0,0.0,0.0,12.8,0.0
2025-11-30,0.3,-1.9,0.3,0.07,0.2,9.9,0.0
2025-12-01,1.8,-0.5,0.7,0.0,0.7,11.2,0.0
2025-12-02,1.5,-1.2,0.0,0.0,0.0,9.2,0.0
2025-12-03,1.0,-0.9,1.2,0.84,0.0,12.0,0.01
2025-12-04,-0.4,-2.1,0.0,0.0,0.0,20.5,0.0
2025-12-05,-0.4,-2.0,0.2,0.0,0.2,18.1,0.0
2025-12-06,-0.6,-3.0,0.8,0.49,0.1,16.3,0.01
2025-12-07,-3.1,-4.5,0.1,0.0,0.1,12.9,0.03
2025-12-08,-1.2,-6.7,5.3,3.71,0.0,14.0,0.04
2025-12-09,-6.6,-22.3,3.4,2.38,0.0,23.4,0.08
2025-12-10,-16.8,-22.7,0.0,0.0,0.0,19.5,0.09
2025-12-11,-12.0,-24.0,0.0,0.0,0.0,18.6,0.09
2025-12-12,-4.0,-12.1,0.0,0.0,0.0,15.3,0.09
2025-12-13,-3.7,-7.0,2.2,1.54,0.0,19.1,0.1
2025-12-14,1.9,-7.2,1.3,0.14,1.1,30.4,0.1
2025-12-15,-4.4,-11.5,2.1,1.47,0.0,36.0,0.09
2025-12-16,-7.9,-13.4,1.9,1.33,0.0,33.7,0.11
2025-12-17,-14.1,-19.8,0.0,0.0,0.0,23.3,0.11
2025-12-18,-9.7,-18.2,0.3,0.28,0.0,18.5,0.12
2025-12-19,-5.6,-9.6,0.3,0.21,0.0,26.7,0.12
2025-12-20,-6.0,-8.0,5.1,3.57,0.0,26.3,0.14
2025-12-21,-7.5,-24.7,0.4,0.28,0.0,18.5,0.16
2025-12-22,-9.0,-22.6,0.0,0.0,0.0,25.6,0.15
2025-12-23,-1.4,-8.2,0.3,0.14,0.1,28.2,0.15
2025-12-24,-2.8,-4.4,2.3,1.54,0.1,29.0,0.16
2025-12-25,-3.0,-9.8,1.3,0.77,0.2,30.8,0.16
2025-12-26,-9.5,-25.6,0.3,0.21,0.0,20.8,0.16
2025-12-27,-21.0,-25.6,0.0,0.0,0.0,17.9,0.17
2025-12-28,-14.6,-24.9,0.0,0.0,0.0,16.4,0.17
2025-12-29,-2.9,-14.8,0.0,0.0,0.0,19.5,0.17
2025-12-30,2.1,-4.8,8.4,0.21,8.1,24.3,0.15
2025-12-31,-0.4,-8.6,4.4,3.01,0.1,27.5,0.14
2026-01-01,-7.8,-13.8,0.0,0.0,0.0,26.0,0.14
2026-01-02,-6.5,-14.2,0.0,0.0,0.0,11.4,0.14
2026-01-03,-1.8,-6.3,0.0,0.0,0.0,13.0,0.14
2026-01-04,-4.3,-11.7,5.7,3.99,0.0,14.4,0.17
2026-01-05,-8.3,-11.6,0.6,0.42,0.0,27.1,0.19
2026-01-06,-5.0,-8.6,1.9,1.33,0.0,38.0,0.19
2026-01-07,-7.7,-15.7,0.0,0.0,0.0,22.7,0.19
2026-01-08,-13.0,-19.7,0.0,0.0,0.0,14.9,0.19
2026-01-09,-9.3,-15.1,0.0,0.0,0.0,15.7,0.19
2026-01-10,-7.3,-12.1,0.0,0.0,0.0,18.3,0.19
2026-01-11,-0.1,-13.3,0.2,0.14,0.0,19.0,0.19
2026-01-12,-0.5,-11.1,7.6,5.46,0.0,32.7,0.23
2026-01-13,-11.6,-20.6,0.0,0.0,0.0,23.3,0.23
2026-01-14,-21.3,-25.4,0.0,0.0,0.0,27.2,0.24
2026-01-15,-19.6,-26.3,0.0,0.0,0.0,24.6,0.23
2026-01-16,-22.4,-27.7,0.0,0.0,0.0,22.0,0.23
2026-01-17,-23.8,-30.2,0.0,0.0,0.0,14.5,0.23
2026-01-18,-21.9,-29.4,0.0,0.0,0.0,14.6,0.24
2026-01-19,-16.6,-22.5,0.1,0.07,0.0,18.7,0.24
2026-01-20,-14.0,-17.3,0.6,0.56,0.0,17.8,0.25
2026-01-21,-12.8,-14.7,0.6,0.49,0.0,11.6,0.25
2026-01-22,-14.9,-25.0,0.0,0.0,0.0,17.1,0.25
2026-01-23,-22.2,-26.2,0.0,0.0,0.0,13.9,0.25
2026-01-24,-17.2,-27.7,0.4,0.28,0.0,9.0,0.26
2026-01-25,-13.3,-20.6,0.5,0.35,0.0,13.2,0.26
2026-01-26,-15.4,-22.1,0.2,0.14,0.0,12.1,0.26
2026-01-27,-18.7,-23.4,0.0,0.0,0.0,19.9,0.26
2026-01-28,-18.9,-26.4,0.0,0.0,0.0,19.7,0.26
2026-01-29,-14.3,-20.9,0.0,0.0,0.0,16.0,0.26
2026-01-30,-14.8,-20.7,0.0,0.0,0.0,15.3,0.26
2026-01-31,-10.0,-22.9,0.0,0.0,0.0,8.6,0.26
2026-02-01,-8.2,-17.2,0.0,0.0,0.0,14.2,0.26
2026-02-02,-10.9,-15.1,3.3,2.1,0.3,18.3,0.27
2026-02-03,-13.5,-21.4,0.2,0.0,0.2,17.1,0.29
2026-02-04,-9.4,-21.4,0.0,0.0,0.0,18.3,0.29
2026-02-05,0.3,-8.9,2.3,1.61,0.0,21.8,0.29
2026-02-06,0.9,-11.7,18.3,11.83,1.4,19.8,0.38
2026-02-07,-11.9,-20.3,0.2,0.14,0.0,17.1,0.42
2026-02-08,-9.3,-21.9,0.0,0.0,0.0,22.0,0.4
2026-02-09,0.5,-8.9,0.0,0.0,0.0,20.6,0.39
2026-02-10,0.6,-1.6,4.7,3.29,0.0,31.3,0.39
2026-02-11,-1.1,-18.0,1.6,1.12,0.0,34.8,0.43
2026-02-12,-17.6,-24.9,0.0,0.0,0.0,19.0,0.44
2026-02-13,-14.6,-25.8,0.0,0.0,0.0,10.6,0.44
2026-02-14,-13.9,-23.6,0.0,0.0,0.0,12.1,0.44
2026-02-15,-6.5,-22.8,0.0,0.0,0.0,15.9,0.44
2026-02-16,-0.1,-9.3,0.2,0.14,0.0,23.2,0.44
2026-02-17,0.3,-3.4,0.0,0.0,0.0,30.3,0.42
2026-02-18,1.1,-2.3,2.0,1.26,0.2,32.3,0.42
2026-02-19,-3.7,-16.8,0.0,0.0,0.0,21.2,0.42
2026-02-20,-12.0,-21.7,0.0,0.0,0.0,28.0,0.41
2026-02-21,-5.4,-12.6,3.5,2.45,0.0,27.6,0.42
2026-02-22,-2.8,-11.1,3.1,2.17,0.0,31.1,0.42
2026-02-23,-10.0,-24.0,2.1,1.47,0.0,30.3,0.46
2026-02-24,-18.3,-28.4,0.0,0.0,0.0,6.7,0.46
2026-02-25,-13.8,-25.8,0.0,0.0,0.0,15.9,0.45
2026-02-26,-20.6,-28.3,0.0,0.0,0.0,24.6,0.45
2026-02-27,-22.3,-31.8,0.0,0.0,0.0,14.9,0.45
2026-02-28,-19.7,-32.3,0.0,0.0,0.0,10.0,0.44
2026-03-01,-15.4,-29.6,0.0,0.0,0.0,14.8,0.44
2026-03-02,-7.3,-17.4,1.3,0.91,0.0,26.3,0.45
2026-03-03,-3.6,-7.0,1.4,1.05,0.0,25.3,0.46
2026-03-04,-2.5,-10.6,0.0,0.0,0.0,22.1,0.46
2026-03-05,-0.1,-6.6,3.4,2.38,0.0,27.9,0.47
2026-03-06,-1.4,-5.0,0.4,0.21,0.1,20.6,0.48
2026-03-07,0.8,-5.9,2.4,1.61,0.1,32.3,0.51
2026-03-08,0.9,-3.6,5.3,3.57,0.2,31.5,0.51
2026-03-09,-3.1,-7.7,0.4,0.28,0.0,32.0,0.51
2026-03-10,-4.3,-24.7,1.3,0.91,0.0,44.4,0.52
2026-03-11,-11.1,-26.8,0.9,0.63,0.0,40.4,0.52
2026-03-12,-4.2,-10.8,3.4,2.31,0.1,38.2,0.55
2026-03-13,-0.5,-4.0,0.4,0.0,0.4,30.9,0.54
2026-03-14,-0.4,-3.1,0.0,0.0,0.0,27.3,0.52
2026-03-15,0.9,-4.5,0.5,0.35,0.0,19.8,0.52
2026-03-16,1.0,-3.0,0.0,0.0,0.0,9.4,0.52
2026-03-17,-1.2,-10.1,0.0,0.0,0.0,9.7,0.51
2026-03-18,-0.5,-8.4,0.0,0.0,0.0,10.1,0.51
2026-03-19,-2.1,-9.1,0.0,0.0,0.0,14.6,0.51
2026-03-20,-1.0,-9.5,0.0,0.0,0.0,14.4,0.51
2026-03-21,0.7,-10.9,0.0,0.0,0.0,11.1,0.51
2026-03-22,1.3,-6.2,0.0,0.0,0.0,11.6,0.51
2026-03-23,-1.1,-7.7,0.0,0.0,0.0,14.6,0.5
2026-03-24,-0.2,-6.3,0.0,0.0,0.0,12.7,0.5
2026-03-25,2.9,-7.4,0.0,0.0,0.0,11.7,0.48
2026-03-26,5.3,-5.2,0.0,0.0,0.0,9.5,0.44
2026-03-27,5.9,-1.8,0.0,0.0,0.0,18.3,0.4
2026-03-28,6.1,1.7,0.0,0.0,0.0,17.7,0.33
2026-03-29,6.1,-1.8,0.0,0.0,0.0,14.9,0.27
2026-03-30,9.7,0.8,0.0,0.0,0.0,15.5,0.21
2026-03-31,11.5,0.3,0.0,0.0,0.0,12.1,0.15
2026-04-01,11.1,1.1,0.0,0.0,0.0,16.2,0.09
2026-04-02,17.4,1.1,0.0,0.0,0.0,14.8,0.04
2026-04-03,21.4,3.6,0.0,0.0,0.0,16.6,0.02
2026-04-04,19.2,4.6,0.0,0.0,0.0,19.2,0.0
2026-04-05,14.0,5.1,0.3,0.0,0.3,24.2,0.0
2026-04-06,16.6,3.5,0.0,0.0,0.0,15.0,0.0
2026-04-07,16.9,7.1,0.0,0.0,0.0,15.3,0.0
2026-04-08,15.2,6.3,0.0,0.0,0.0,19.7,0.0
2026-04-09,14.9,6.0,12.2,0.0,12.2,21.2,0.0
2026-04-10,10.4,4.5,0.3,0.0,0.3,18.7,0.0
2026-04-11,14.1,3.5,0.1,0.0,0.1,12.1,0.0
2026-04-12,16.7,2.2,0.0,0.0,0.0,13.7,0.0
2026-04-13,14.1,4.6,8.1,0.0,8.1,17.0,0.0
2026-04-14,11.8,-0.2,0.0,0.0,0.0,15.6,0.0
2026-04-15,10.4,0.5,2.6,0.0,2.6,23.8,0.0
2026-04-16,1.8,-3.0,0.0,0.0,0.0,20.3,0.0
2026-04-17,7.2,-5.1,0.0,0.0,0.0,18.8,0.0
2026-04-18,11.3,-0.3,0.0,0.0,0.0,23.8,0.0
2026-04-19,14.3,-0.2,0.0,0.0,0.0,11.7,0.0
2026-04-20,17.1,2.0,0.0,0.0,0.0,11.0,0.0
2026-04-21,19.6,5.0,0.1,0.0,0.1,16.0,0.0
2026-04-22,20.7,7.3,0.0,0.0,0.0,10.0,0.0
2026-04-23,15.2,7.3,2.9,0.0,2.9,17.6,0.0
2026-04-24,19.1,5.1,0.0,0.0,0.0,20.9,0.0
2026-04-25,22.0,9.9,4.6,0.0,4.6,29.4,0.0
2026-04-26,19.6,6.0,4.3,0.0,4.3,34.3,0.0
2026-04-27,13.4,3.2,0.0,0.0,0.0,15.6,0.0
2026-04-28,17.6,3.9,0.0,0.0,0.0,18.5,0.0
2026-04-29,21.2,6.9,0.0,0.0,0.0,17.6,0.0
2026-04-30,26.4,7.7,0.0,0.0,0.0,16.8,0.0
2026-05-01,27.6,11.4,0.0,0.0,0.0,27.3,0.0
2026-05-02,19.0,7.6,0.0,0.0,0.0,22.8,0.0
2026-05-03,17.8,7.4,0.0,0.0,0.0,13.1,0.0
2026-05-04,20.8,7.0,0.0,0.0,0.0,13.8,0.0
2026-05-05,25.7,11.8,0.0,0.0,0.0,27.4,0.0
2026-05-06,23.0,13.3,0.0,0.0,0.0,17.1,0.0
2026-05-07,23.5,13.6,0.0,0.0,0.0,20.8,0.0
2026-05-08,24.2,11.6,0.9,0.0,0.9,15.8,0.0
2026-05-09,23.9,13.7,0.0,0.0,0.0,30.6,0.0
2026-05-10,13.9,6.3,0.9,0.0,0.9,22.5,0.0
2026-05-11,9.2,1.7,0.0,0.0,0.0,20.4,0.0
2026-05-12,15.4,1.9,0.0,0.0,0.0,25.5,0.0
2026-05-13,15.2,8.4,0.8,0.0,0.8,11.7,0.0
2026-05-14,18.5,5.7,0.0,0.0,0.0,18.0,0.0
2026-05-15,18.9,4.5,0.0,0.0,0.0,16.0,0.0
2026-05-16,23.9,8.0,0.0,0.0,0.0,10.7,0.0
2026-05-17,26.0,11.4,0.0,0.0,0.0,18.5,0.0
2026-05-18,22.6,9.8,0.0,0.0,0.0,14.5,0.0
2026-05-19,21.9,9.1,0.0,0.0,0.0,15.0,0.0
2026-05-20,25.5,9.4,0.0,0.0,0.0,18.9,0.0
2026-05-21,16.8,6.6,3.8,0.0,3.8,26.3,0.0
2026-05-22,14.9,2.5,0.0,0.0,0.0,18.2,0.0
2026-05-23,22.3,5.8,0.0,0.0,0.0,25.1,0.0
2026-05-24,24.2,12.4,2.6,0.0,2.6,18.8,0.0
2026-05-25,27.6,13.1,1.2,0.0,1.2,15.8,0.0
2026-05-26,27.2,15.1,0.6,0.0,0.6,17.0,0.0
2026-05-27,30.0,16.1,0.1,0.0,0.1,20.6,0.0
2026-05-28,19.4,12.5,10.2,0.0,10.2,30.4,0.0
2026-05-29,24.5,12.4,0.6,0.0,0.6,28.7,0.0
2026-05-30,29.5,16.2,0.0,0.0,0.0,21.3,0.0
2026-05-31,33.1,18.1,0.0,0.0,0.0,16.9,0.0
2026-06-01,26.2,19.7,1.7,0.0,1.7,21.5,0.0
2026-06-02,26.8,14.7,0.0,0.0,0.0,16.5,0.0
2026-06-03,30.7,16.0,0.0,0.0,0.0,20.1,0.0
2026-06-04,26.2,16.5,4.4,0.0,4.4,17.7,0.0
2026-06-05,26.4,14.5,0.0,0.0,0.0,24.9,0.0
2026-06-06,25.9,14.5,0.0,0.0,0.0,17.2,0.0
2026-06-07,28.8,15.6,0.0,0.0,0.0,13.4,0.0
2026-06-08,32.6,17.3,0.0,0.0,0.0,16.3,0.0
2026-06-09,30.2,17.6,0.3,0.0,0.3,29.5,0.0
2026-06-10,26.3,16.0,0.7,0.0,0.7,27.3,0.0
2026-06-11,26.7,15.7,2.7,0.0,2.7,24.1,0.0
2026-06-12,24.5,14.6,0.8,0.0,0.8,19.4,0.0
2026-06-13,25.1,15.1,2.4,0.0,2.4,17.3,0.0
2026-06-14,27.2,15.7,1.7,0.0,1.7,21.8,0.0
2026-06-15,28.6,16.2,0.0,0.0,0.0,14.6,0.0
2026-06-16,29.0,17.2,0.5,0.0,0.5,11.4,0.0
2026-06-17,31.7,19.5,1.6,0.0,1.6,17.6,0.0
2026-06-18,30.9,18.8,0.0,0.0,0.0,19.0,0.0
2026-06-19,31.0,20.8,1.2,0.0,1.2,16.3,0.0
2026-06-20,30.9,18.7,0.0,0.0,0.0,16.6,0.0
2026-06-21,32.1,19.0,0.0,0.0,0.0,14.3,0.0
2026-06-22,32.4,20.1,0.0,0.0,0.0,14.0,0.0
2026-06-23,35.3,21.0,0.0,0.0,0.0,24.0,0.0
2026-06-24,27.0,18.8,3.2,0.0,3.2,11.8,0.0
2026-06-25,26.3,18.3,2.7,0.0,2.7,17.9,0.0
2026-06-26,29.8,17.5,0.2,0.0,0.2,12.8,0.0
2026-06-27,31.7,19.1,2.0,0.0,2.0,17.5,0.0
2026-06-28,29.9,19.7,0.0,0.0,0.0,15.6,0.0
2026-06-29,24.4,16.9,3.9,0.0,3.9,28.9,0.0
2026-06-30,24.6,15.1,0.8,0.0,0.8,20.5,0.0
2026-07-01,25.6,16.6,0.1,0.0,0.1,22.0,0.0
2026-07-02,29.0,16.1,0.5,0.0,0.5,24.5,0.0
2026-07-03,23.0,16.4,3.1,0.0,3.1,29.2,0.0
2026-07-04,25.7,15.6,0.4,0.0,0.4,20.6,0.0
2026-07-05,25.4,16.0,1.2,0.0,1.2,9.0,0.0
2026-07-06,26.3,16.5,4.1,0.0,4.1,20.6,0.0
2026-07-07,29.4,16.7,0.8,0.0,0.8,15.6,0.0
2026-07-08,30.7,19.2,1.3,0.0,1.3,20.8,0.0
2026-07-09,29.6,20.1,0.0,0.0,0.0,17.3,0.0
2026-07-10,32.2,18.1,0.0,0.0,0.0,14.7,0.0
2026-07-11,33.3,19.1,0.0,0.0,0.0,20.8,0.0
2026-07-12,30.9,18.6,0.0,0.0,0.0,15.3,0.0
2026-07-13,34.4,18.6,0.0,0.0,0.0,11.0,0.0
2026-07-14,36.8,21.5,0.0,0.0,0.0,23.2,0.0
2026-07-15,33.9,23.9,0.4,0.0,0.4,24.4,0.0
2026-07-16,29.9,21.3,5.5,0.0,5.5,36.2,0.0
2026-07-17,29.7,19.1,0.0,0.0,0.0,19.1,0.0
2026-07-18,33.1,20.7,0.1,0.0,0.1,26.1,0.0
2026-07-19,31.8,21.1,0.5,0.0,0.5,23.1,0.0
2026-07-20,28.4,19.5,0.0,0.0,0.0,18.1,0.0
2026-07-21,24.1,17.1,2.6,0.0,2.6,17.8,0.0
2026-07-22,21.3,15.9,6.7,0.0,6.7,13.6,0.0
2026-07-23,23.8,15.0,4.9,0.0,4.9,14.0,0.0
2026-07-24,25.6,16.5,1.7,0.0,1.7,18.6,0.0
2026-07-25,26.3,16.3,0.0,0.0,0.0,15.9,0.0
2026-07-26,27.8,14.4,0.0,0.0,0.0,14.4,0.0
2026-07-27,30.1,18.0,0.6,0.0,0.6,19.3,0.0
2026-07-28,30.0,19.7,0.4,0.0,0.4,20.7,0.0
2026-07-29,30.2,19.6,0.6,0.0,0.6,12.1,0.0
2026-07-30,32.2,19.7,0.0,0.0,0.0,10.7,0.0
2026-07-31,33.8,21.0,0.0,0.0,0.0,17.1,0.0
2026-08-01,34.3,22.9,4.3,0.0,4.3,19.7,0.0
2026-08-02,31.9,19.9,0.1,0.0,0.1,16.2,0.0
2026-08-03,30.7,19.7,0.0,0.0,0.0,16.1,0.0
2026-08-04,30.0,18.4,0.3,0.0,0.3,15.7,0.0
2026-08-05,23.6,18.0,5.8,0.0,5.8,19.6,0.0
2026-08-06,26.3,15.8,0.0,0.0,0.0,11.0,0.0
2026-08-07,25.7,15.5,0.0,0.0,0.0,16.8,0.0
2026-08-08,25.7,13.3,0.0,0.0,0.0,12.7,0.0
2026-08-09,30.7,15.0,0.0,0.0,0.0,7.6,0.0
2026-08-10,34.4,18.0,0.0,0.0,0.0,16.2,0.0
2026-08-11,36.2,20.9,0.0,0.0,0.0,29.6,0.0
2026-08-12,26.2,15.7,0.0,0.0,0.0,19.5,0.0
2026-08-13,29.2,15.7,0.0,0.0,0.0,15.4,0.0
2026-08-14,31.5,19.6,0.0,0.0,0.0,24.8,0.0
2026-08-15,31.3,18.3,0.0,0.0,0.0,14.8,0.0
2026-08-16,24.1,17.9,3.9,0.0,3.9,15.4,0.0
2026-08-17,22.2,12.7,0.0,0.0,0.0,28.4,0.0
2026-08-18,23.5,15.0,0.0,0.0,0.0,24.3,0.0
2026-08-19,22.5,12.9,4.0,0.0,4.0,14.5,0.0
2026-08-20,20.0,12.8,5.6,0.0,5.6,17.5,0.0
2026-08-21,21.8,11.2,0.0,0.0,0.0,14.5,0.0
2026-08-22,24.3,12.1,0.0,0.0,0.0,14.6,0.0
2026-08-23,18.6,12.7,18.3,0.0,18.3,17.1,0.0
2026-08-24,21.6,11.5,1.6,0.0,1.6,13.9,0.0
2026-08-25,23.2,12.5,0.1,0.0,0.1,15.5,0.0
2026-08-26,26.3,12.9,0.5,0.0,0.5,11.9,0.0
2026-08-27,26.8,17.1,0.0,0.0,0.0,23.2,0.0
2026-08-28,22.6,15.1,0.2,0.0,0.2,22.4,0.0
2026-08-29,18.7,11.0,0.0,0.0,0.0,22.5,0.0
2026-08-30,17.1,8.9,1.8,0.0,1.8,21.3,0.0
2026-08-31,13.7,5.3,0.0,0.0,0.0,14.0,0.0
2026-09-01,15.2,6.2,0.4,0.0,0.4,25.6,0.0
2026-09-02,15.5,3.6,0.0,0.0,0.0,10.3,0.0
2026-09-03,19.4,6.9,0.0,0.0,0.0,10.0,0.0
2026-09-04,23.1,8.6,0.0,0.0,0.0,10.6,0.0
2026-09-05,25.6,11.4,0.0,0.0,0.0,11.4,0.0
2026-09-06,27.6,12.0,0.0,0.0,0.0,10.9,0.0
2026-09-07,27.7,11.3,0.0,0.0,0.0,18.1,0.0
2026-09-08,26.7,14.0,0.0,0.0,0.0,19.2,0.0
2026-09-09,30.1,13.7,0.0,0.0,0.0,18.6,0.0
2026-09-10,29.4,15.1,0.0,0.0,0.0,14.7,0.0
2026-09-11,30.7,18.4,0.0,0.0,0.0,23.1,0.0
2026-09-12,21.9,15.4,1.2,0.0,1.2,29.7,0.0
2026-09-13,22.1,13.4,0.5,0.0,0.5,36.3,0.0
2026-09-14,18.5,10.4,0.0,0.0,0.0,29.0,0.0
2026-09-15,17.3,10.8,0.0,0.0,0.0,27.1,0.0
2026-09-16,18.7,9.7,0.0,0.0,0.0,20.1,0.0
2026-09-17,22.8,8.8,0.0,0.0,0.0,12.7,0.0
2026-09-18,24.1,13.1,0.1,0.0,0.1,18.7,0.0
2026-09-19,20.8,13.5,0.1,0.0,0.1,14.6,0.0
2026-09-20,21.9,10.8,0.0,0.0,0.0,16.2,0.0
2026-09-21,21.6,9.5,0.0,0.0,0.0,10.7,0.0
2026-09-22,20.0,9.8,0.0,0.0,0.0,16.0,0.0
2026-09-23,17.0,8.0,0.0,0.0,0.0,21.3,0.0
2026-09-24,19.6,6.3,0.0,0.0,0.0,14.9,0.0
2026-09-25,15.3,10.9,1.1,0.0,1.1,21.7,0.0
2026-09-26,12.8,5.6,0.0,0.0,0.0,21.2,0.0
2026-09-27,13.6,2.2,0.0,0.0,0.0,16.7,0.0
2026-09-28,14.3,3.4,0.0,0.0,0.0,22.7,0.0
2026-09-29,15.0,2.9,0.0,0.0,0.0,25.6,0.0
2026-09-30,19.4,7.8,0.0,0.0,0.0,25.2,0.0
2026-10-01,15.6,8.4,0.5,0.0,0.5,21.0,0.0
2026-10-02,16.7,5.2,0.0,0.0,0.0,23.4,0.0
2026-10-03,16.7,9.7,2.2,0.0,2.2,22.5,0.0
2026-10-04,12.9,4.1,2.8,0.0,2.8,27.4,0.0
2026-10-05,7.1,2.5,6.2,0.56,5.4,36.2,0.0
2026-10-06,5.3,1.8,6.9,0.35,6.4,34.5,0.0
2026-10-07,11.8,2.5,0.0,0.0,0.0,25.6,0.0
2026-10-08,12.9,7.2,9.0,0.0,9.0,33.3,0.0
2026-10-09,10.8,3.5,0.0,0.0,0.0,26.6,0.0
