# REAL metadata extract (not the datasets themselves). dataset_id=AST-A09-D009. Source: third-party crawl of data.egov.kz catalog,
# github.com/Yerassyl20036/egov-web-crawler datasets_export.csv (no licence file; crawled 2026-02-01). Official pages NOT opened (blocked).
# Values are catalog passport fields as captured by the crawler; verify on data.egov.kz before citing.
city_or_scope,title,url,passport_owner,passport_gov_agency,passport_category,passport_actualization_type,passport_actuality_status,passport_creation_date,passport_renewal_date,views,downloads,crawled_at
Астана,№654 Сведения о качестве предоставления тепла в отопительный период в разрезе регионов,https://data.egov.kz/datasets/view?index=435_the_number_of_cattle_by_r,ГУ «Управление энергетики города Астаны»,Акимат города Астана,Строительство и жилищно-коммунальное хозяйство,Ежегодно,Да,02.12.2021 11:14,02.12.2025 10:03,569,10,2026-02-01T14:40:59.415Z
Астана,№668 Сведения об объектах энергоснабжения в разрезе регионов,https://data.egov.kz/datasets/view?index=694_energiyamen_zhabdyktau_ob,ГУ «Управление энергетики города Астаны»,Акимат города Астана,Энергетика,Ежегодно,Да,30.11.2021 15:31,04.12.2025 15:30,608,5,2026-02-01T14:41:36.851Z
Астана,№669 Сведения об объектах газоснабжения в разрезе регионов,https://data.egov.kz/datasets/view?index=695_gazben_zhabdyktau_obekti,ГУ «Управление энергетики города Астаны»,Акимат города Астана,Энергетика,Ежегодно,Да,30.11.2021 15:41,09.12.2025 16:19,698,0,2026-02-01T14:41:31.305Z
Астана,№677 Данные о строительстве инженерно-коммуникационной инфраструктуры в разрезе регионов,https://data.egov.kz/datasets/view?index=nur-sultan_kalasynda_inzhenerl,ГУ Управление топливно-энергетического комплекса и коммунального хозяйства города  Астаны,Акимат города Астана,Строительство и жилищно-коммунальное хозяйство,Ежегодно,Да,19.11.2019 08:47,08.12.2025 08:26,697,7,2026-02-01T14:56:50.435Z
РК (национальный),Анализ заключений по энергоаудиту и оценка планов мероприятий по энергосбережению и повышению энергоэффективности,https://data.egov.kz/datasets/view?index=energiya_auditi_boiynsha_koryt,Қабденов Олжас Мақсүтұлы,АО Институт развития электроэнергетики и энергосбережения (Казахэнергоэкспертиза),Энергетика,Ежегодно,Нет,16.09.2022 11:34,16.09.2022 11:34,590,0,2026-02-01T14:33:02.029Z
РК (национальный),Выработано тепловой энергии источниками теплоснабжения,https://data.egov.kz/datasets/view?index=zhylumen_zhabdyktau_kozderimen,Бюро национальной статистики Агентства по стратегическому планированию и реформам Республики Казахстан,Агентства по стратегическому планированию и реформам РК,Энергетика,Ежегодно,Нет,09.06.2021 15:21,09.06.2021 15:21,601,2,2026-02-01T14:44:29.152Z
РК (национальный),Государственный энергетический реестр ,https://data.egov.kz/datasets/view?index=memlekettik_energetikalyk_tizi,Бокаев Ерлан Нурланович,АО Институт развития электроэнергетики и энергосбережения (Казахэнергоэкспертиза),Энергетика,Ежегодно,Нет,19.09.2022 11:03,19.09.2022 11:03,2301,0,2026-02-01T14:33:02.029Z
Шымкент,654. Сведения о качестве предоставления тепла в отопительный период в разрезе регионов,https://data.egov.kz/datasets/view?index=cvedeniya_o_kachestve_predosta,,Акимат города Шымкент,Энергетика,Ежегодно,Да,23.04.2024 15:06,04.08.2025 15:20,395,6,2026-02-01T14:24:03.610Z
Шымкент,Данные о строительстве инженерно-коммуникационной инфраструктуры в разрезе регионов,https://data.egov.kz/datasets/view?index=inzhenerlik-kommunikaciyalyk_i3,ГУ «Управление строительства города Шымкент»,Акимат города Шымкент,Строительство и жилищно-коммунальное хозяйство,Ежегодно,Да,25.12.2018 16:13,11.05.2025 21:26,1302,10,2026-02-01T14:57:55.743Z
Шымкент,Сведения об объектах газоснабжения в разрезе регионов,https://data.egov.kz/datasets/view?index=shymkent_kalasynyn_gazben_zhab,ГУ «Управление энергетики и развития инфраструктуры города Шымкент»,Акимат города Шымкент,Строительство и жилищно-коммунальное хозяйство,Ежегодно,Да,04.12.2018 16:15,26.01.2026 16:48,916,9,2026-02-01T14:58:34.247Z
Шымкент,Сведения об объектах энергоснабжения в разрезе регионов,https://data.egov.kz/datasets/view?index=energiyamen_zhabdyktau_obekti2,ГУ «Управление энергетики и развития инфраструктуры города Шымкент»,Акимат города Шымкент,Энергетика,Ежегодно,Да,04.12.2018 16:01,27.01.2026 10:31,1610,7,2026-02-01T14:58:34.270Z
