building_id,city_id,country,object_type,period_start,period_end,electricity_kwh,unit,value_status,reading_type,coverage_share,floor_area_m2,area_source,kind,source_id,source_locator,measurement_terms,note
SYN-SHY-01,kz.shymkent,KZ,school,2025-01-01,2025-01-31,9000,kWh,reported,actual,1,3000,techpassport,synthetic,K12-synthetic,make_examples.py,synthetic: invented test values,SYNTHETIC
SYN-SHY-01,kz.shymkent,KZ,school,2025-02-01,2025-02-28,9000,kWh,reported,actual,1,3000,techpassport,synthetic,K12-synthetic,make_examples.py,synthetic: invented test values,SYNTHETIC
SYN-SHY-01,kz.shymkent,KZ,school,2025-03-01,2025-03-31,9000,kWh,reported,actual,1,3000,techpassport,synthetic,K12-synthetic,make_examples.py,synthetic: invented test values,SYNTHETIC
SYN-SHY-01,kz.shymkent,KZ,school,2025-04-01,2025-04-30,9000,kWh,reported,actual,1,3000,techpassport,synthetic,K12-synthetic,make_examples.py,synthetic: invented test values,SYNTHETIC
SYN-SHY-01,kz.shymkent,KZ,school,2025-05-01,2025-05-31,9000,kWh,reported,actual,1,3000,techpassport,synthetic,K12-synthetic,make_examples.py,synthetic: invented test values,SYNTHETIC
SYN-SHY-01,kz.shymkent,KZ,school,2025-06-01,2025-06-30,9000,kWh,reported,actual,1,3000,techpassport,synthetic,K12-synthetic,make_examples.py,synthetic: invented test values,SYNTHETIC
SYN-SHY-01,kz.shymkent,KZ,school,2025-07-01,2025-07-31,9000,kWh,reported,actual,1,3000,techpassport,synthetic,K12-synthetic,make_examples.py,synthetic: invented test values,SYNTHETIC
SYN-SHY-01,kz.shymkent,KZ,school,2025-08-01,2025-08-31,9000,kWh,reported,actual,1,3000,techpassport,synthetic,K12-synthetic,make_examples.py,synthetic: invented test values,SYNTHETIC
SYN-SHY-01,kz.shymkent,KZ,school,2025-09-01,2025-09-30,9000,kWh,reported,actual,1,3000,techpassport,synthetic,K12-synthetic,make_examples.py,synthetic: invented test values,SYNTHETIC
SYN-SHY-01,kz.shymkent,KZ,school,2025-10-01,2025-10-31,9000,kWh,reported,actual,1,3000,techpassport,synthetic,K12-synthetic,make_examples.py,synthetic: invented test values,SYNTHETIC
SYN-SHY-01,kz.shymkent,KZ,school,2025-11-01,2025-11-30,9000,kWh,reported,actual,1,3000,techpassport,synthetic,K12-synthetic,make_examples.py,synthetic: invented test values,SYNTHETIC
SYN-SHY-01,kz.shymkent,KZ,school,2025-12-01,2025-12-31,9000,kWh,reported,actual,1,3000,techpassport,synthetic,K12-synthetic,make_examples.py,synthetic: invented test values,SYNTHETIC
SYN-SHY-02,kz.shymkent,KZ,school,2025-01-01,2025-01-31,6000,kWh,reported,actual,1,3200,techpassport,synthetic,K12-synthetic,make_examples.py,synthetic: invented test values,SYNTHETIC
SYN-SHY-02,kz.shymkent,KZ,school,2025-02-01,2025-02-28,6000,kWh,reported,actual,1,3200,techpassport,synthetic,K12-synthetic,make_examples.py,synthetic: invented test values,SYNTHETIC
SYN-SHY-02,kz.shymkent,KZ,school,2025-03-01,2025-03-31,6000,kWh,reported,actual,1,3200,techpassport,synthetic,K12-synthetic,make_examples.py,synthetic: invented test values,SYNTHETIC
SYN-SHY-02,kz.shymkent,KZ,school,2025-04-01,2025-04-30,6000,kWh,reported,actual,1,3200,techpassport,synthetic,K12-synthetic,make_examples.py,synthetic: invented test values,SYNTHETIC
SYN-SHY-02,kz.shymkent,KZ,school,2025-05-01,2025-05-31,6000,kWh,reported,actual,1,3200,techpassport,synthetic,K12-synthetic,make_examples.py,synthetic: invented test values,SYNTHETIC
SYN-SHY-02,kz.shymkent,KZ,school,2025-06-01,2025-06-30,6000,kWh,reported,actual,1,3200,techpassport,synthetic,K12-synthetic,make_examples.py,synthetic: invented test values,SYNTHETIC
SYN-SHY-02,kz.shymkent,KZ,school,2025-07-01,2025-07-31,6000,kWh,reported,actual,1,3200,techpassport,synthetic,K12-synthetic,make_examples.py,synthetic: invented test values,SYNTHETIC
SYN-SHY-02,kz.shymkent,KZ,school,2025-08-01,2025-08-31,6000,kWh,reported,actual,1,3200,techpassport,synthetic,K12-synthetic,make_examples.py,synthetic: invented test values,SYNTHETIC
SYN-SHY-02,kz.shymkent,KZ,school,2025-09-01,2025-09-30,6000,kWh,reported,actual,1,3200,techpassport,synthetic,K12-synthetic,make_examples.py,synthetic: invented test values,SYNTHETIC
SYN-SHY-02,kz.shymkent,KZ,school,2025-10-01,2025-10-31,6000,kWh,reported,actual,1,3200,techpassport,synthetic,K12-synthetic,make_examples.py,synthetic: invented test values,SYNTHETIC
SYN-SHY-02,kz.shymkent,KZ,school,2025-11-01,2025-11-30,6000,kWh,reported,actual,1,3200,techpassport,synthetic,K12-synthetic,make_examples.py,synthetic: invented test values,SYNTHETIC
SYN-SHY-02,kz.shymkent,KZ,school,2025-12-01,2025-12-31,6000,kWh,reported,actual,1,3200,techpassport,synthetic,K12-synthetic,make_examples.py,synthetic: invented test values,SYNTHETIC
SYN-SHY-03,kz.shymkent,KZ,school,2025-01-01,2025-01-31,4000,kWh,reported,actual,1,2500,techpassport,synthetic,K12-synthetic,make_examples.py,synthetic: invented test values,SYNTHETIC
SYN-SHY-03,kz.shymkent,KZ,school,2025-02-01,2025-02-28,4000,kWh,reported,actual,1,2500,techpassport,synthetic,K12-synthetic,make_examples.py,synthetic: invented test values,SYNTHETIC
SYN-SHY-03,kz.shymkent,KZ,school,2025-03-01,2025-03-31,4000,kWh,reported,actual,1,2500,techpassport,synthetic,K12-synthetic,make_examples.py,synthetic: invented test values,SYNTHETIC
SYN-SHY-03,kz.shymkent,KZ,school,2025-04-01,2025-04-30,4000,kWh,reported,actual,1,2500,techpassport,synthetic,K12-synthetic,make_examples.py,synthetic: invented test values,SYNTHETIC
SYN-SHY-03,kz.shymkent,KZ,school,2025-05-01,2025-05-31,4000,kWh,reported,actual,1,2500,techpassport,synthetic,K12-synthetic,make_examples.py,synthetic: invented test values,SYNTHETIC
SYN-SHY-03,kz.shymkent,KZ,school,2025-06-01,2025-06-30,4000,kWh,reported,actual,1,2500,techpassport,synthetic,K12-synthetic,make_examples.py,synthetic: invented test values,SYNTHETIC
SYN-SHY-03,kz.shymkent,KZ,school,2025-07-01,2025-07-31,4000,kWh,reported,actual,1,2500,techpassport,synthetic,K12-synthetic,make_examples.py,synthetic: invented test values,SYNTHETIC
SYN-SHY-03,kz.shymkent,KZ,school,2025-08-01,2025-08-31,4000,kWh,reported,actual,1,2500,techpassport,synthetic,K12-synthetic,make_examples.py,synthetic: invented test values,SYNTHETIC
SYN-SHY-03,kz.shymkent,KZ,school,2025-09-01,2025-09-30,4000,kWh,reported,actual,1,2500,techpassport,synthetic,K12-synthetic,make_examples.py,synthetic: invented test values,SYNTHETIC
SYN-SHY-03,kz.shymkent,KZ,school,2025-10-01,2025-10-31,4000,kWh,reported,actual,1,2500,techpassport,synthetic,K12-synthetic,make_examples.py,synthetic: invented test values,SYNTHETIC
SYN-SHY-03,kz.shymkent,KZ,school,2025-11-01,2025-11-30,4000,kWh,reported,actual,1,2500,techpassport,synthetic,K12-synthetic,make_examples.py,synthetic: invented test values,SYNTHETIC
SYN-SHY-03,kz.shymkent,KZ,school,2025-12-01,2025-12-31,4000,kWh,reported,actual,1,2500,techpassport,synthetic,K12-synthetic,make_examples.py,synthetic: invented test values,SYNTHETIC
SYN-SHY-04,kz.shymkent,KZ,school,2025-01-01,2025-01-31,3000,kWh,reported,actual,1,4100,techpassport,synthetic,K12-synthetic,make_examples.py,synthetic: invented test values,SYNTHETIC
SYN-SHY-04,kz.shymkent,KZ,school,2025-02-01,2025-02-28,3000,kWh,reported,actual,1,4100,techpassport,synthetic,K12-synthetic,make_examples.py,synthetic: invented test values,SYNTHETIC
SYN-SHY-04,kz.shymkent,KZ,school,2025-03-01,2025-03-31,3000,kWh,reported,actual,1,4100,techpassport,synthetic,K12-synthetic,make_examples.py,synthetic: invented test values,SYNTHETIC
SYN-SHY-04,kz.shymkent,KZ,school,2025-04-01,2025-04-30,3000,kWh,reported,actual,1,4100,techpassport,synthetic,K12-synthetic,make_examples.py,synthetic: invented test values,SYNTHETIC
SYN-SHY-04,kz.shymkent,KZ,school,2025-05-01,2025-05-31,3000,kWh,reported,actual,1,4100,techpassport,synthetic,K12-synthetic,make_examples.py,synthetic: invented test values,SYNTHETIC
SYN-SHY-04,kz.shymkent,KZ,school,2025-06-01,2025-06-30,3000,kWh,reported,actual,1,4100,techpassport,synthetic,K12-synthetic,make_examples.py,synthetic: invented test values,SYNTHETIC
SYN-SHY-04,kz.shymkent,KZ,school,2025-07-01,2025-07-31,3000,kWh,reported,actual,1,4100,techpassport,synthetic,K12-synthetic,make_examples.py,synthetic: invented test values,SYNTHETIC
SYN-SHY-04,kz.shymkent,KZ,school,2025-08-01,2025-08-31,3000,kWh,reported,actual,1,4100,techpassport,synthetic,K12-synthetic,make_examples.py,synthetic: invented test values,SYNTHETIC
SYN-SHY-04,kz.shymkent,KZ,school,2025-09-01,2025-09-30,3000,kWh,reported,actual,1,4100,techpassport,synthetic,K12-synthetic,make_examples.py,synthetic: invented test values,SYNTHETIC
SYN-SHY-04,kz.shymkent,KZ,school,2025-10-01,2025-10-31,3000,kWh,reported,actual,1,4100,techpassport,synthetic,K12-synthetic,make_examples.py,synthetic: invented test values,SYNTHETIC
SYN-SHY-04,kz.shymkent,KZ,school,2025-11-01,2025-11-30,3000,kWh,reported,actual,1,4100,techpassport,synthetic,K12-synthetic,make_examples.py,synthetic: invented test values,SYNTHETIC
SYN-SHY-04,kz.shymkent,KZ,school,2025-12-01,2025-12-31,3000,kWh,reported,actual,1,4100,techpassport,synthetic,K12-synthetic,make_examples.py,synthetic: invented test values,SYNTHETIC
SYN-SHY-05,kz.shymkent,KZ,school,2025-01-01,2025-01-31,5200,kWh,reported,actual,1,1800,techpassport,synthetic,K12-synthetic,make_examples.py,synthetic: invented test values,SYNTHETIC
SYN-SHY-05,kz.shymkent,KZ,school,2025-02-01,2025-02-28,5200,kWh,reported,actual,1,1800,techpassport,synthetic,K12-synthetic,make_examples.py,synthetic: invented test values,SYNTHETIC
SYN-SHY-05,kz.shymkent,KZ,school,2025-03-01,2025-03-31,5200,kWh,reported,actual,1,1800,techpassport,synthetic,K12-synthetic,make_examples.py,synthetic: invented test values,SYNTHETIC
SYN-SHY-05,kz.shymkent,KZ,school,2025-04-01,2025-04-30,5200,kWh,reported,actual,1,1800,techpassport,synthetic,K12-synthetic,make_examples.py,synthetic: invented test values,SYNTHETIC
SYN-SHY-05,kz.shymkent,KZ,school,2025-05-01,2025-05-31,5200,kWh,reported,actual,1,1800,techpassport,synthetic,K12-synthetic,make_examples.py,synthetic: invented test values,SYNTHETIC
SYN-SHY-05,kz.shymkent,KZ,school,2025-06-01,2025-06-30,5200,kWh,reported,actual,1,1800,techpassport,synthetic,K12-synthetic,make_examples.py,synthetic: invented test values,SYNTHETIC
SYN-SHY-05,kz.shymkent,KZ,school,2025-07-01,2025-07-31,5200,kWh,reported,actual,1,1800,techpassport,synthetic,K12-synthetic,make_examples.py,synthetic: invented test values,SYNTHETIC
SYN-SHY-05,kz.shymkent,KZ,school,2025-08-01,2025-08-31,5200,kWh,reported,actual,1,1800,techpassport,synthetic,K12-synthetic,make_examples.py,synthetic: invented test values,SYNTHETIC
SYN-SHY-05,kz.shymkent,KZ,school,2025-09-01,2025-09-30,5200,kWh,reported,actual,1,1800,techpassport,synthetic,K12-synthetic,make_examples.py,synthetic: invented test values,SYNTHETIC
SYN-SHY-05,kz.shymkent,KZ,school,2025-10-01,2025-10-31,5200,kWh,reported,actual,1,1800,techpassport,synthetic,K12-synthetic,make_examples.py,synthetic: invented test values,SYNTHETIC
SYN-SHY-05,kz.shymkent,KZ,school,2025-11-01,2025-11-30,5200,kWh,reported,actual,1,1800,techpassport,synthetic,K12-synthetic,make_examples.py,synthetic: invented test values,SYNTHETIC
SYN-SHY-05,kz.shymkent,KZ,school,2025-12-01,2025-12-31,5200,kWh,reported,actual,1,1800,techpassport,synthetic,K12-synthetic,make_examples.py,synthetic: invented test values,SYNTHETIC
SYN-AST-01,kz.astana,KZ,school,2025-01-01,2025-01-31,7000,kWh,reported,actual,1,2600,techpassport,synthetic,K12-synthetic,make_examples.py,synthetic: invented test values,SYNTHETIC
SYN-AST-01,kz.astana,KZ,school,2025-02-01,2025-02-28,7000,kWh,reported,actual,1,2600,techpassport,synthetic,K12-synthetic,make_examples.py,synthetic: invented test values,SYNTHETIC
SYN-AST-01,kz.astana,KZ,school,2025-03-01,2025-03-31,7000,kWh,reported,actual,1,2600,techpassport,synthetic,K12-synthetic,make_examples.py,synthetic: invented test values,SYNTHETIC
SYN-AST-01,kz.astana,KZ,school,2025-04-01,2025-04-30,7000,kWh,reported,actual,1,2600,techpassport,synthetic,K12-synthetic,make_examples.py,synthetic: invented test values,SYNTHETIC
SYN-AST-01,kz.astana,KZ,school,2025-05-01,2025-05-31,7000,kWh,reported,actual,1,2600,techpassport,synthetic,K12-synthetic,make_examples.py,synthetic: invented test values,SYNTHETIC
SYN-AST-01,kz.astana,KZ,school,2025-06-01,2025-06-30,7000,kWh,reported,actual,1,2600,techpassport,synthetic,K12-synthetic,make_examples.py,synthetic: invented test values,SYNTHETIC
SYN-AST-01,kz.astana,KZ,school,2025-07-01,2025-07-31,7000,kWh,reported,actual,1,2600,techpassport,synthetic,K12-synthetic,make_examples.py,synthetic: invented test values,SYNTHETIC
SYN-AST-01,kz.astana,KZ,school,2025-08-01,2025-08-31,7000,kWh,reported,actual,1,2600,techpassport,synthetic,K12-synthetic,make_examples.py,synthetic: invented test values,SYNTHETIC
SYN-AST-01,kz.astana,KZ,school,2025-09-01,2025-09-30,7000,kWh,reported,actual,1,2600,techpassport,synthetic,K12-synthetic,make_examples.py,synthetic: invented test values,SYNTHETIC
SYN-AST-01,kz.astana,KZ,school,2025-10-01,2025-10-31,7000,kWh,reported,actual,1,2600,techpassport,synthetic,K12-synthetic,make_examples.py,synthetic: invented test values,SYNTHETIC
SYN-AST-01,kz.astana,KZ,school,2025-11-01,2025-11-30,7000,kWh,reported,actual,1,2600,techpassport,synthetic,K12-synthetic,make_examples.py,synthetic: invented test values,SYNTHETIC
SYN-AST-01,kz.astana,KZ,school,2025-12-01,2025-12-31,7000,kWh,reported,actual,1,2600,techpassport,synthetic,K12-synthetic,make_examples.py,synthetic: invented test values,SYNTHETIC
SYN-AST-02,kz.astana,KZ,school,2025-01-01,2025-01-31,5000,kWh,reported,actual,1,3000,techpassport,synthetic,K12-synthetic,make_examples.py,synthetic: invented test values,SYNTHETIC
SYN-AST-02,kz.astana,KZ,school,2025-02-01,2025-02-28,5000,kWh,reported,actual,1,3000,techpassport,synthetic,K12-synthetic,make_examples.py,synthetic: invented test values,SYNTHETIC
SYN-AST-02,kz.astana,KZ,school,2025-03-01,2025-03-31,5000,kWh,reported,actual,1,3000,techpassport,synthetic,K12-synthetic,make_examples.py,synthetic: invented test values,SYNTHETIC
SYN-AST-02,kz.astana,KZ,school,2025-04-01,2025-04-30,5000,kWh,reported,actual,1,3000,techpassport,synthetic,K12-synthetic,make_examples.py,synthetic: invented test values,SYNTHETIC
SYN-AST-02,kz.astana,KZ,school,2025-05-01,2025-05-31,5000,kWh,reported,actual,1,3000,techpassport,synthetic,K12-synthetic,make_examples.py,synthetic: invented test values,SYNTHETIC
SYN-AST-02,kz.astana,KZ,school,2025-06-01,2025-06-30,5000,kWh,reported,actual,1,3000,techpassport,synthetic,K12-synthetic,make_examples.py,synthetic: invented test values,SYNTHETIC
SYN-AST-02,kz.astana,KZ,school,2025-07-01,2025-07-31,5000,kWh,reported,actual,1,3000,techpassport,synthetic,K12-synthetic,make_examples.py,synthetic: invented test values,SYNTHETIC
SYN-AST-02,kz.astana,KZ,school,2025-08-01,2025-08-31,5000,kWh,reported,actual,1,3000,techpassport,synthetic,K12-synthetic,make_examples.py,synthetic: invented test values,SYNTHETIC
SYN-AST-02,kz.astana,KZ,school,2025-09-01,2025-09-30,5000,kWh,reported,actual,1,3000,techpassport,synthetic,K12-synthetic,make_examples.py,synthetic: invented test values,SYNTHETIC
SYN-AST-02,kz.astana,KZ,school,2025-10-01,2025-10-31,5000,kWh,reported,actual,1,3000,techpassport,synthetic,K12-synthetic,make_examples.py,synthetic: invented test values,SYNTHETIC
SYN-AST-02,kz.astana,KZ,school,2025-11-01,2025-11-30,5000,kWh,reported,actual,1,3000,techpassport,synthetic,K12-synthetic,make_examples.py,synthetic: invented test values,SYNTHETIC
SYN-AST-02,kz.astana,KZ,school,2025-12-01,2025-12-31,5000,kWh,reported,actual,1,3000,techpassport,synthetic,K12-synthetic,make_examples.py,synthetic: invented test values,SYNTHETIC
SYN-AST-03,kz.astana,KZ,school,2025-01-01,2025-01-31,3500,kWh,reported,actual,1,2900,techpassport,synthetic,K12-synthetic,make_examples.py,synthetic: invented test values,SYNTHETIC
SYN-AST-03,kz.astana,KZ,school,2025-02-01,2025-02-28,3500,kWh,reported,actual,1,2900,techpassport,synthetic,K12-synthetic,make_examples.py,synthetic: invented test values,SYNTHETIC
SYN-AST-03,kz.astana,KZ,school,2025-03-01,2025-03-31,3500,kWh,reported,actual,1,2900,techpassport,synthetic,K12-synthetic,make_examples.py,synthetic: invented test values,SYNTHETIC
SYN-AST-03,kz.astana,KZ,school,2025-04-01,2025-04-30,3500,kWh,reported,actual,1,2900,techpassport,synthetic,K12-synthetic,make_examples.py,synthetic: invented test values,SYNTHETIC
SYN-AST-03,kz.astana,KZ,school,2025-05-01,2025-05-31,3500,kWh,reported,actual,1,2900,techpassport,synthetic,K12-synthetic,make_examples.py,synthetic: invented test values,SYNTHETIC
SYN-AST-03,kz.astana,KZ,school,2025-06-01,2025-06-30,3500,kWh,reported,actual,1,2900,techpassport,synthetic,K12-synthetic,make_examples.py,synthetic: invented test values,SYNTHETIC
SYN-AST-03,kz.astana,KZ,school,2025-07-01,2025-07-31,3500,kWh,reported,actual,1,2900,techpassport,synthetic,K12-synthetic,make_examples.py,synthetic: invented test values,SYNTHETIC
SYN-AST-03,kz.astana,KZ,school,2025-08-01,2025-08-31,3500,kWh,reported,actual,1,2900,techpassport,synthetic,K12-synthetic,make_examples.py,synthetic: invented test values,SYNTHETIC
SYN-AST-03,kz.astana,KZ,school,2025-09-01,2025-09-30,3500,kWh,reported,actual,1,2900,techpassport,synthetic,K12-synthetic,make_examples.py,synthetic: invented test values,SYNTHETIC
SYN-AST-03,kz.astana,KZ,school,2025-10-01,2025-10-31,3500,kWh,reported,actual,1,2900,techpassport,synthetic,K12-synthetic,make_examples.py,synthetic: invented test values,SYNTHETIC
SYN-AST-03,kz.astana,KZ,school,2025-11-01,2025-11-30,3500,kWh,reported,actual,1,2900,techpassport,synthetic,K12-synthetic,make_examples.py,synthetic: invented test values,SYNTHETIC
SYN-AST-03,kz.astana,KZ,school,2025-12-01,2025-12-31,3500,kWh,reported,actual,1,2900,techpassport,synthetic,K12-synthetic,make_examples.py,synthetic: invented test values,SYNTHETIC
SYN-AST-04,kz.astana,KZ,school,2025-01-01,2025-01-31,8000,kWh,reported,actual,1,3600,techpassport,synthetic,K12-synthetic,make_examples.py,synthetic: invented test values,SYNTHETIC
SYN-AST-04,kz.astana,KZ,school,2025-02-01,2025-02-28,8000,kWh,reported,actual,1,3600,techpassport,synthetic,K12-synthetic,make_examples.py,synthetic: invented test values,SYNTHETIC
SYN-AST-04,kz.astana,KZ,school,2025-03-01,2025-03-31,8000,kWh,reported,actual,1,3600,techpassport,synthetic,K12-synthetic,make_examples.py,synthetic: invented test values,SYNTHETIC
SYN-AST-04,kz.astana,KZ,school,2025-04-01,2025-04-30,8000,kWh,reported,actual,1,3600,techpassport,synthetic,K12-synthetic,make_examples.py,synthetic: invented test values,SYNTHETIC
SYN-AST-04,kz.astana,KZ,school,2025-05-01,2025-05-31,8000,kWh,reported,actual,1,3600,techpassport,synthetic,K12-synthetic,make_examples.py,synthetic: invented test values,SYNTHETIC
SYN-AST-04,kz.astana,KZ,school,2025-06-01,2025-06-30,8000,kWh,reported,actual,1,3600,techpassport,synthetic,K12-synthetic,make_examples.py,synthetic: invented test values,SYNTHETIC
SYN-AST-04,kz.astana,KZ,school,2025-07-01,2025-07-31,8000,kWh,reported,actual,1,3600,techpassport,synthetic,K12-synthetic,make_examples.py,synthetic: invented test values,SYNTHETIC
SYN-AST-04,kz.astana,KZ,school,2025-08-01,2025-08-31,8000,kWh,reported,actual,1,3600,techpassport,synthetic,K12-synthetic,make_examples.py,synthetic: invented test values,SYNTHETIC
SYN-AST-04,kz.astana,KZ,school,2025-09-01,2025-09-30,8000,kWh,reported,actual,1,3600,techpassport,synthetic,K12-synthetic,make_examples.py,synthetic: invented test values,SYNTHETIC
SYN-AST-04,kz.astana,KZ,school,2025-10-01,2025-10-31,8000,kWh,reported,actual,1,3600,techpassport,synthetic,K12-synthetic,make_examples.py,synthetic: invented test values,SYNTHETIC
SYN-AST-04,kz.astana,KZ,school,2025-11-01,2025-11-30,8000,kWh,reported,actual,1,3600,techpassport,synthetic,K12-synthetic,make_examples.py,synthetic: invented test values,SYNTHETIC
SYN-AST-04,kz.astana,KZ,school,2025-12-01,2025-12-31,8000,kWh,reported,actual,1,3600,techpassport,synthetic,K12-synthetic,make_examples.py,synthetic: invented test values,SYNTHETIC
SYN-AST-05,kz.astana,KZ,school,2025-01-01,2025-01-31,2500,kWh,reported,actual,1,2000,techpassport,synthetic,K12-synthetic,make_examples.py,synthetic: invented test values,SYNTHETIC
SYN-AST-05,kz.astana,KZ,school,2025-02-01,2025-02-28,2500,kWh,reported,actual,1,2000,techpassport,synthetic,K12-synthetic,make_examples.py,synthetic: invented test values,SYNTHETIC
SYN-AST-05,kz.astana,KZ,school,2025-03-01,2025-03-31,2500,kWh,reported,actual,1,2000,techpassport,synthetic,K12-synthetic,make_examples.py,synthetic: invented test values,SYNTHETIC
SYN-AST-05,kz.astana,KZ,school,2025-04-01,2025-04-30,2500,kWh,reported,actual,1,2000,techpassport,synthetic,K12-synthetic,make_examples.py,synthetic: invented test values,SYNTHETIC
SYN-AST-05,kz.astana,KZ,school,2025-05-01,2025-05-31,2500,kWh,reported,actual,1,2000,techpassport,synthetic,K12-synthetic,make_examples.py,synthetic: invented test values,SYNTHETIC
SYN-AST-05,kz.astana,KZ,school,2025-06-01,2025-06-30,2500,kWh,reported,actual,1,2000,techpassport,synthetic,K12-synthetic,make_examples.py,synthetic: invented test values,SYNTHETIC
SYN-AST-05,kz.astana,KZ,school,2025-07-01,2025-07-31,2500,kWh,reported,actual,1,2000,techpassport,synthetic,K12-synthetic,make_examples.py,synthetic: invented test values,SYNTHETIC
SYN-AST-05,kz.astana,KZ,school,2025-08-01,2025-08-31,2500,kWh,reported,actual,1,2000,techpassport,synthetic,K12-synthetic,make_examples.py,synthetic: invented test values,SYNTHETIC
SYN-AST-05,kz.astana,KZ,school,2025-09-01,2025-09-30,2500,kWh,reported,actual,1,2000,techpassport,synthetic,K12-synthetic,make_examples.py,synthetic: invented test values,SYNTHETIC
SYN-AST-05,kz.astana,KZ,school,2025-10-01,2025-10-31,2500,kWh,reported,actual,1,2000,techpassport,synthetic,K12-synthetic,make_examples.py,synthetic: invented test values,SYNTHETIC
SYN-AST-05,kz.astana,KZ,school,2025-11-01,2025-11-30,2500,kWh,reported,actual,1,2000,techpassport,synthetic,K12-synthetic,make_examples.py,synthetic: invented test values,SYNTHETIC
SYN-AST-05,kz.astana,KZ,school,2025-12-01,2025-12-31,2500,kWh,reported,actual,1,2000,techpassport,synthetic,K12-synthetic,make_examples.py,synthetic: invented test values,SYNTHETIC
SYN-SHY-MISSING-MONTH,kz.shymkent,KZ,school,2025-01-01,2025-01-31,5000,kWh,reported,actual,1,2000,techpassport,synthetic,K12-synthetic,make_examples.py,synthetic: invented test values,SYNTHETIC
SYN-SHY-MISSING-MONTH,kz.shymkent,KZ,school,2025-02-01,2025-02-28,5000,kWh,reported,actual,1,2000,techpassport,synthetic,K12-synthetic,make_examples.py,synthetic: invented test values,SYNTHETIC
SYN-SHY-MISSING-MONTH,kz.shymkent,KZ,school,2025-03-01,2025-03-31,5000,kWh,reported,actual,1,2000,techpassport,synthetic,K12-synthetic,make_examples.py,synthetic: invented test values,SYNTHETIC
SYN-SHY-MISSING-MONTH,kz.shymkent,KZ,school,2025-04-01,2025-04-30,5000,kWh,reported,actual,1,2000,techpassport,synthetic,K12-synthetic,make_examples.py,synthetic: invented test values,SYNTHETIC
SYN-SHY-MISSING-MONTH,kz.shymkent,KZ,school,2025-05-01,2025-05-31,5000,kWh,reported,actual,1,2000,techpassport,synthetic,K12-synthetic,make_examples.py,synthetic: invented test values,SYNTHETIC
SYN-SHY-MISSING-MONTH,kz.shymkent,KZ,school,2025-06-01,2025-06-30,5000,kWh,reported,actual,1,2000,techpassport,synthetic,K12-synthetic,make_examples.py,synthetic: invented test values,SYNTHETIC
SYN-SHY-MISSING-MONTH,kz.shymkent,KZ,school,2025-07-01,2025-07-31,,kWh,missing,actual,1,2000,techpassport,synthetic,K12-synthetic,make_examples.py,synthetic: invented test values,SYNTHETIC
SYN-SHY-MISSING-MONTH,kz.shymkent,KZ,school,2025-08-01,2025-08-31,5000,kWh,reported,actual,1,2000,techpassport,synthetic,K12-synthetic,make_examples.py,synthetic: invented test values,SYNTHETIC
SYN-SHY-MISSING-MONTH,kz.shymkent,KZ,school,2025-09-01,2025-09-30,5000,kWh,reported,actual,1,2000,techpassport,synthetic,K12-synthetic,make_examples.py,synthetic: invented test values,SYNTHETIC
SYN-SHY-MISSING-MONTH,kz.shymkent,KZ,school,2025-10-01,2025-10-31,5000,kWh,reported,actual,1,2000,techpassport,synthetic,K12-synthetic,make_examples.py,synthetic: invented test values,SYNTHETIC
SYN-SHY-MISSING-MONTH,kz.shymkent,KZ,school,2025-11-01,2025-11-30,5000,kWh,reported,actual,1,2000,techpassport,synthetic,K12-synthetic,make_examples.py,synthetic: invented test values,SYNTHETIC
SYN-SHY-MISSING-MONTH,kz.shymkent,KZ,school,2025-12-01,2025-12-31,5000,kWh,reported,actual,1,2000,techpassport,synthetic,K12-synthetic,make_examples.py,synthetic: invented test values,SYNTHETIC
SYN-SHY-ZERO-UNCONFIRMED,kz.shymkent,KZ,school,2025-01-01,2025-01-31,5000,kWh,reported,actual,1,2000,techpassport,synthetic,K12-synthetic,make_examples.py,synthetic: invented test values,SYNTHETIC
SYN-SHY-ZERO-UNCONFIRMED,kz.shymkent,KZ,school,2025-02-01,2025-02-28,5000,kWh,reported,actual,1,2000,techpassport,synthetic,K12-synthetic,make_examples.py,synthetic: invented test values,SYNTHETIC
SYN-SHY-ZERO-UNCONFIRMED,kz.shymkent,KZ,school,2025-03-01,2025-03-31,5000,kWh,reported,actual,1,2000,techpassport,synthetic,K12-synthetic,make_examples.py,synthetic: invented test values,SYNTHETIC
SYN-SHY-ZERO-UNCONFIRMED,kz.shymkent,KZ,school,2025-04-01,2025-04-30,5000,kWh,reported,actual,1,2000,techpassport,synthetic,K12-synthetic,make_examples.py,synthetic: invented test values,SYNTHETIC
SYN-SHY-ZERO-UNCONFIRMED,kz.shymkent,KZ,school,2025-05-01,2025-05-31,5000,kWh,reported,actual,1,2000,techpassport,synthetic,K12-synthetic,make_examples.py,synthetic: invented test values,SYNTHETIC
SYN-SHY-ZERO-UNCONFIRMED,kz.shymkent,KZ,school,2025-06-01,2025-06-30,5000,kWh,reported,actual,1,2000,techpassport,synthetic,K12-synthetic,make_examples.py,synthetic: invented test values,SYNTHETIC
SYN-SHY-ZERO-UNCONFIRMED,kz.shymkent,KZ,school,2025-07-01,2025-07-31,5000,kWh,reported,actual,1,2000,techpassport,synthetic,K12-synthetic,make_examples.py,synthetic: invented test values,SYNTHETIC
SYN-SHY-ZERO-UNCONFIRMED,kz.shymkent,KZ,school,2025-08-01,2025-08-31,0,kWh,reported,actual,1,2000,techpassport,synthetic,K12-synthetic,make_examples.py,synthetic: invented test values,SYNTHETIC
SYN-SHY-ZERO-UNCONFIRMED,kz.shymkent,KZ,school,2025-09-01,2025-09-30,5000,kWh,reported,actual,1,2000,techpassport,synthetic,K12-synthetic,make_examples.py,synthetic: invented test values,SYNTHETIC
SYN-SHY-ZERO-UNCONFIRMED,kz.shymkent,KZ,school,2025-10-01,2025-10-31,5000,kWh,reported,actual,1,2000,techpassport,synthetic,K12-synthetic,make_examples.py,synthetic: invented test values,SYNTHETIC
SYN-SHY-ZERO-UNCONFIRMED,kz.shymkent,KZ,school,2025-11-01,2025-11-30,5000,kWh,reported,actual,1,2000,techpassport,synthetic,K12-synthetic,make_examples.py,synthetic: invented test values,SYNTHETIC
SYN-SHY-ZERO-UNCONFIRMED,kz.shymkent,KZ,school,2025-12-01,2025-12-31,5000,kWh,reported,actual,1,2000,techpassport,synthetic,K12-synthetic,make_examples.py,synthetic: invented test values,SYNTHETIC
SYN-SHY-ZERO-CONFIRMED,kz.shymkent,KZ,school,2025-01-01,2025-01-31,5000,kWh,reported,actual,1,2000,techpassport,synthetic,K12-synthetic,make_examples.py,synthetic: invented test values,SYNTHETIC
SYN-SHY-ZERO-CONFIRMED,kz.shymkent,KZ,school,2025-02-01,2025-02-28,5000,kWh,reported,actual,1,2000,techpassport,synthetic,K12-synthetic,make_examples.py,synthetic: invented test values,SYNTHETIC
SYN-SHY-ZERO-CONFIRMED,kz.shymkent,KZ,school,2025-03-01,2025-03-31,5000,kWh,reported,actual,1,2000,techpassport,synthetic,K12-synthetic,make_examples.py,synthetic: invented test values,SYNTHETIC
SYN-SHY-ZERO-CONFIRMED,kz.shymkent,KZ,school,2025-04-01,2025-04-30,5000,kWh,reported,actual,1,2000,techpassport,synthetic,K12-synthetic,make_examples.py,synthetic: invented test values,SYNTHETIC
SYN-SHY-ZERO-CONFIRMED,kz.shymkent,KZ,school,2025-05-01,2025-05-31,5000,kWh,reported,actual,1,2000,techpassport,synthetic,K12-synthetic,make_examples.py,synthetic: invented test values,SYNTHETIC
SYN-SHY-ZERO-CONFIRMED,kz.shymkent,KZ,school,2025-06-01,2025-06-30,5000,kWh,reported,actual,1,2000,techpassport,synthetic,K12-synthetic,make_examples.py,synthetic: invented test values,SYNTHETIC
SYN-SHY-ZERO-CONFIRMED,kz.shymkent,KZ,school,2025-07-01,2025-07-31,5000,kWh,reported,actual,1,2000,techpassport,synthetic,K12-synthetic,make_examples.py,synthetic: invented test values,SYNTHETIC
SYN-SHY-ZERO-CONFIRMED,kz.shymkent,KZ,school,2025-08-01,2025-08-31,0,kWh,reported_zero,actual,1,2000,techpassport,synthetic,K12-synthetic,make_examples.py,synthetic: invented test values,SYNTHETIC
SYN-SHY-ZERO-CONFIRMED,kz.shymkent,KZ,school,2025-09-01,2025-09-30,5000,kWh,reported,actual,1,2000,techpassport,synthetic,K12-synthetic,make_examples.py,synthetic: invented test values,SYNTHETIC
SYN-SHY-ZERO-CONFIRMED,kz.shymkent,KZ,school,2025-10-01,2025-10-31,5000,kWh,reported,actual,1,2000,techpassport,synthetic,K12-synthetic,make_examples.py,synthetic: invented test values,SYNTHETIC
SYN-SHY-ZERO-CONFIRMED,kz.shymkent,KZ,school,2025-11-01,2025-11-30,5000,kWh,reported,actual,1,2000,techpassport,synthetic,K12-synthetic,make_examples.py,synthetic: invented test values,SYNTHETIC
SYN-SHY-ZERO-CONFIRMED,kz.shymkent,KZ,school,2025-12-01,2025-12-31,5000,kWh,reported,actual,1,2000,techpassport,synthetic,K12-synthetic,make_examples.py,synthetic: invented test values,SYNTHETIC
SYN-SHY-NEGATIVE,kz.shymkent,KZ,school,2025-01-01,2025-01-31,5000,kWh,reported,actual,1,2000,techpassport,synthetic,K12-synthetic,make_examples.py,synthetic: invented test values,SYNTHETIC
SYN-SHY-NEGATIVE,kz.shymkent,KZ,school,2025-02-01,2025-02-28,5000,kWh,reported,actual,1,2000,techpassport,synthetic,K12-synthetic,make_examples.py,synthetic: invented test values,SYNTHETIC
SYN-SHY-NEGATIVE,kz.shymkent,KZ,school,2025-03-01,2025-03-31,-120,kWh,reported,actual,1,2000,techpassport,synthetic,K12-synthetic,make_examples.py,synthetic: invented test values,SYNTHETIC
SYN-SHY-NEGATIVE,kz.shymkent,KZ,school,2025-04-01,2025-04-30,5000,kWh,reported,actual,1,2000,techpassport,synthetic,K12-synthetic,make_examples.py,synthetic: invented test values,SYNTHETIC
SYN-SHY-NEGATIVE,kz.shymkent,KZ,school,2025-05-01,2025-05-31,5000,kWh,reported,actual,1,2000,techpassport,synthetic,K12-synthetic,make_examples.py,synthetic: invented test values,SYNTHETIC
SYN-SHY-NEGATIVE,kz.shymkent,KZ,school,2025-06-01,2025-06-30,5000,kWh,reported,actual,1,2000,techpassport,synthetic,K12-synthetic,make_examples.py,synthetic: invented test values,SYNTHETIC
SYN-SHY-NEGATIVE,kz.shymkent,KZ,school,2025-07-01,2025-07-31,5000,kWh,reported,actual,1,2000,techpassport,synthetic,K12-synthetic,make_examples.py,synthetic: invented test values,SYNTHETIC
SYN-SHY-NEGATIVE,kz.shymkent,KZ,school,2025-08-01,2025-08-31,5000,kWh,reported,actual,1,2000,techpassport,synthetic,K12-synthetic,make_examples.py,synthetic: invented test values,SYNTHETIC
SYN-SHY-NEGATIVE,kz.shymkent,KZ,school,2025-09-01,2025-09-30,5000,kWh,reported,actual,1,2000,techpassport,synthetic,K12-synthetic,make_examples.py,synthetic: invented test values,SYNTHETIC
SYN-SHY-NEGATIVE,kz.shymkent,KZ,school,2025-10-01,2025-10-31,5000,kWh,reported,actual,1,2000,techpassport,synthetic,K12-synthetic,make_examples.py,synthetic: invented test values,SYNTHETIC
SYN-SHY-NEGATIVE,kz.shymkent,KZ,school,2025-11-01,2025-11-30,5000,kWh,reported,actual,1,2000,techpassport,synthetic,K12-synthetic,make_examples.py,synthetic: invented test values,SYNTHETIC
SYN-SHY-NEGATIVE,kz.shymkent,KZ,school,2025-12-01,2025-12-31,5000,kWh,reported,actual,1,2000,techpassport,synthetic,K12-synthetic,make_examples.py,synthetic: invented test values,SYNTHETIC
SYN-SHY-AREA-ZERO,kz.shymkent,KZ,school,2025-01-01,2025-01-31,5000,kWh,reported,actual,1,0,techpassport,synthetic,K12-synthetic,make_examples.py,synthetic: invented test values,SYNTHETIC
SYN-SHY-AREA-ZERO,kz.shymkent,KZ,school,2025-02-01,2025-02-28,5000,kWh,reported,actual,1,0,techpassport,synthetic,K12-synthetic,make_examples.py,synthetic: invented test values,SYNTHETIC
SYN-SHY-AREA-ZERO,kz.shymkent,KZ,school,2025-03-01,2025-03-31,5000,kWh,reported,actual,1,0,techpassport,synthetic,K12-synthetic,make_examples.py,synthetic: invented test values,SYNTHETIC
SYN-SHY-AREA-ZERO,kz.shymkent,KZ,school,2025-04-01,2025-04-30,5000,kWh,reported,actual,1,0,techpassport,synthetic,K12-synthetic,make_examples.py,synthetic: invented test values,SYNTHETIC
SYN-SHY-AREA-ZERO,kz.shymkent,KZ,school,2025-05-01,2025-05-31,5000,kWh,reported,actual,1,0,techpassport,synthetic,K12-synthetic,make_examples.py,synthetic: invented test values,SYNTHETIC
SYN-SHY-AREA-ZERO,kz.shymkent,KZ,school,2025-06-01,2025-06-30,5000,kWh,reported,actual,1,0,techpassport,synthetic,K12-synthetic,make_examples.py,synthetic: invented test values,SYNTHETIC
SYN-SHY-AREA-ZERO,kz.shymkent,KZ,school,2025-07-01,2025-07-31,5000,kWh,reported,actual,1,0,techpassport,synthetic,K12-synthetic,make_examples.py,synthetic: invented test values,SYNTHETIC
SYN-SHY-AREA-ZERO,kz.shymkent,KZ,school,2025-08-01,2025-08-31,5000,kWh,reported,actual,1,0,techpassport,synthetic,K12-synthetic,make_examples.py,synthetic: invented test values,SYNTHETIC
SYN-SHY-AREA-ZERO,kz.shymkent,KZ,school,2025-09-01,2025-09-30,5000,kWh,reported,actual,1,0,techpassport,synthetic,K12-synthetic,make_examples.py,synthetic: invented test values,SYNTHETIC
SYN-SHY-AREA-ZERO,kz.shymkent,KZ,school,2025-10-01,2025-10-31,5000,kWh,reported,actual,1,0,techpassport,synthetic,K12-synthetic,make_examples.py,synthetic: invented test values,SYNTHETIC
SYN-SHY-AREA-ZERO,kz.shymkent,KZ,school,2025-11-01,2025-11-30,5000,kWh,reported,actual,1,0,techpassport,synthetic,K12-synthetic,make_examples.py,synthetic: invented test values,SYNTHETIC
SYN-SHY-AREA-ZERO,kz.shymkent,KZ,school,2025-12-01,2025-12-31,5000,kWh,reported,actual,1,0,techpassport,synthetic,K12-synthetic,make_examples.py,synthetic: invented test values,SYNTHETIC
SYN-SHY-AREA-UNKNOWN,kz.shymkent,KZ,school,2025-01-01,2025-01-31,5000,kWh,reported,actual,1,,unknown,synthetic,K12-synthetic,make_examples.py,synthetic: invented test values,SYNTHETIC
SYN-SHY-AREA-UNKNOWN,kz.shymkent,KZ,school,2025-02-01,2025-02-28,5000,kWh,reported,actual,1,,unknown,synthetic,K12-synthetic,make_examples.py,synthetic: invented test values,SYNTHETIC
SYN-SHY-AREA-UNKNOWN,kz.shymkent,KZ,school,2025-03-01,2025-03-31,5000,kWh,reported,actual,1,,unknown,synthetic,K12-synthetic,make_examples.py,synthetic: invented test values,SYNTHETIC
SYN-SHY-AREA-UNKNOWN,kz.shymkent,KZ,school,2025-04-01,2025-04-30,5000,kWh,reported,actual,1,,unknown,synthetic,K12-synthetic,make_examples.py,synthetic: invented test values,SYNTHETIC
SYN-SHY-AREA-UNKNOWN,kz.shymkent,KZ,school,2025-05-01,2025-05-31,5000,kWh,reported,actual,1,,unknown,synthetic,K12-synthetic,make_examples.py,synthetic: invented test values,SYNTHETIC
SYN-SHY-AREA-UNKNOWN,kz.shymkent,KZ,school,2025-06-01,2025-06-30,5000,kWh,reported,actual,1,,unknown,synthetic,K12-synthetic,make_examples.py,synthetic: invented test values,SYNTHETIC
SYN-SHY-AREA-UNKNOWN,kz.shymkent,KZ,school,2025-07-01,2025-07-31,5000,kWh,reported,actual,1,,unknown,synthetic,K12-synthetic,make_examples.py,synthetic: invented test values,SYNTHETIC
SYN-SHY-AREA-UNKNOWN,kz.shymkent,KZ,school,2025-08-01,2025-08-31,5000,kWh,reported,actual,1,,unknown,synthetic,K12-synthetic,make_examples.py,synthetic: invented test values,SYNTHETIC
SYN-SHY-AREA-UNKNOWN,kz.shymkent,KZ,school,2025-09-01,2025-09-30,5000,kWh,reported,actual,1,,unknown,synthetic,K12-synthetic,make_examples.py,synthetic: invented test values,SYNTHETIC
SYN-SHY-AREA-UNKNOWN,kz.shymkent,KZ,school,2025-10-01,2025-10-31,5000,kWh,reported,actual,1,,unknown,synthetic,K12-synthetic,make_examples.py,synthetic: invented test values,SYNTHETIC
SYN-SHY-AREA-UNKNOWN,kz.shymkent,KZ,school,2025-11-01,2025-11-30,5000,kWh,reported,actual,1,,unknown,synthetic,K12-synthetic,make_examples.py,synthetic: invented test values,SYNTHETIC
SYN-SHY-AREA-UNKNOWN,kz.shymkent,KZ,school,2025-12-01,2025-12-31,5000,kWh,reported,actual,1,,unknown,synthetic,K12-synthetic,make_examples.py,synthetic: invented test values,SYNTHETIC
SYN-SHY-NORM,kz.shymkent,KZ,school,2025-01-01,2025-01-31,5000,kWh,reported,norm,1,2000,techpassport,synthetic,K12-synthetic,make_examples.py,synthetic: invented test values,SYNTHETIC
SYN-SHY-NORM,kz.shymkent,KZ,school,2025-02-01,2025-02-28,5000,kWh,reported,norm,1,2000,techpassport,synthetic,K12-synthetic,make_examples.py,synthetic: invented test values,SYNTHETIC
SYN-SHY-NORM,kz.shymkent,KZ,school,2025-03-01,2025-03-31,5000,kWh,reported,actual,1,2000,techpassport,synthetic,K12-synthetic,make_examples.py,synthetic: invented test values,SYNTHETIC
SYN-SHY-NORM,kz.shymkent,KZ,school,2025-04-01,2025-04-30,5000,kWh,reported,actual,1,2000,techpassport,synthetic,K12-synthetic,make_examples.py,synthetic: invented test values,SYNTHETIC
SYN-SHY-NORM,kz.shymkent,KZ,school,2025-05-01,2025-05-31,5000,kWh,reported,actual,1,2000,techpassport,synthetic,K12-synthetic,make_examples.py,synthetic: invented test values,SYNTHETIC
SYN-SHY-NORM,kz.shymkent,KZ,school,2025-06-01,2025-06-30,5000,kWh,reported,actual,1,2000,techpassport,synthetic,K12-synthetic,make_examples.py,synthetic: invented test values,SYNTHETIC
SYN-SHY-NORM,kz.shymkent,KZ,school,2025-07-01,2025-07-31,5000,kWh,reported,actual,1,2000,techpassport,synthetic,K12-synthetic,make_examples.py,synthetic: invented test values,SYNTHETIC
SYN-SHY-NORM,kz.shymkent,KZ,school,2025-08-01,2025-08-31,5000,kWh,reported,actual,1,2000,techpassport,synthetic,K12-synthetic,make_examples.py,synthetic: invented test values,SYNTHETIC
SYN-SHY-NORM,kz.shymkent,KZ,school,2025-09-01,2025-09-30,5000,kWh,reported,actual,1,2000,techpassport,synthetic,K12-synthetic,make_examples.py,synthetic: invented test values,SYNTHETIC
SYN-SHY-NORM,kz.shymkent,KZ,school,2025-10-01,2025-10-31,5000,kWh,reported,actual,1,2000,techpassport,synthetic,K12-synthetic,make_examples.py,synthetic: invented test values,SYNTHETIC
SYN-SHY-NORM,kz.shymkent,KZ,school,2025-11-01,2025-11-30,5000,kWh,reported,actual,1,2000,techpassport,synthetic,K12-synthetic,make_examples.py,synthetic: invented test values,SYNTHETIC
SYN-SHY-NORM,kz.shymkent,KZ,school,2025-12-01,2025-12-31,5000,kWh,reported,actual,1,2000,techpassport,synthetic,K12-synthetic,make_examples.py,synthetic: invented test values,SYNTHETIC
SYN-SHY-MWH,kz.shymkent,KZ,school,2025-01-01,2025-01-31,5.0,MWh,reported,actual,1,2000,techpassport,synthetic,K12-synthetic,make_examples.py,synthetic: invented test values,SYNTHETIC
SYN-SHY-MWH,kz.shymkent,KZ,school,2025-02-01,2025-02-28,5.0,MWh,reported,actual,1,2000,techpassport,synthetic,K12-synthetic,make_examples.py,synthetic: invented test values,SYNTHETIC
SYN-SHY-MWH,kz.shymkent,KZ,school,2025-03-01,2025-03-31,5.0,MWh,reported,actual,1,2000,techpassport,synthetic,K12-synthetic,make_examples.py,synthetic: invented test values,SYNTHETIC
SYN-SHY-MWH,kz.shymkent,KZ,school,2025-04-01,2025-04-30,5.0,MWh,reported,actual,1,2000,techpassport,synthetic,K12-synthetic,make_examples.py,synthetic: invented test values,SYNTHETIC
SYN-SHY-MWH,kz.shymkent,KZ,school,2025-05-01,2025-05-31,5.0,MWh,reported,actual,1,2000,techpassport,synthetic,K12-synthetic,make_examples.py,synthetic: invented test values,SYNTHETIC
SYN-SHY-MWH,kz.shymkent,KZ,school,2025-06-01,2025-06-30,5.0,MWh,reported,actual,1,2000,techpassport,synthetic,K12-synthetic,make_examples.py,synthetic: invented test values,SYNTHETIC
SYN-SHY-MWH,kz.shymkent,KZ,school,2025-07-01,2025-07-31,5.0,MWh,reported,actual,1,2000,techpassport,synthetic,K12-synthetic,make_examples.py,synthetic: invented test values,SYNTHETIC
SYN-SHY-MWH,kz.shymkent,KZ,school,2025-08-01,2025-08-31,5.0,MWh,reported,actual,1,2000,techpassport,synthetic,K12-synthetic,make_examples.py,synthetic: invented test values,SYNTHETIC
SYN-SHY-MWH,kz.shymkent,KZ,school,2025-09-01,2025-09-30,5.0,MWh,reported,actual,1,2000,techpassport,synthetic,K12-synthetic,make_examples.py,synthetic: invented test values,SYNTHETIC
SYN-SHY-MWH,kz.shymkent,KZ,school,2025-10-01,2025-10-31,5.0,MWh,reported,actual,1,2000,techpassport,synthetic,K12-synthetic,make_examples.py,synthetic: invented test values,SYNTHETIC
SYN-SHY-MWH,kz.shymkent,KZ,school,2025-11-01,2025-11-30,5.0,MWh,reported,actual,1,2000,techpassport,synthetic,K12-synthetic,make_examples.py,synthetic: invented test values,SYNTHETIC
SYN-SHY-MWH,kz.shymkent,KZ,school,2025-12-01,2025-12-31,5.0,MWh,reported,actual,1,2000,techpassport,synthetic,K12-synthetic,make_examples.py,synthetic: invented test values,SYNTHETIC
SYN-SHY-KW,kz.shymkent,KZ,school,2025-01-01,2025-01-31,5000,kWh,reported,actual,1,2000,techpassport,synthetic,K12-synthetic,make_examples.py,synthetic: invented test values,SYNTHETIC
SYN-SHY-KW,kz.shymkent,KZ,school,2025-02-01,2025-02-28,5000,kWh,reported,actual,1,2000,techpassport,synthetic,K12-synthetic,make_examples.py,synthetic: invented test values,SYNTHETIC
SYN-SHY-KW,kz.shymkent,KZ,school,2025-03-01,2025-03-31,5000,kWh,reported,actual,1,2000,techpassport,synthetic,K12-synthetic,make_examples.py,synthetic: invented test values,SYNTHETIC
SYN-SHY-KW,kz.shymkent,KZ,school,2025-04-01,2025-04-30,5000,kW,reported,actual,1,2000,techpassport,synthetic,K12-synthetic,make_examples.py,synthetic: invented test values,SYNTHETIC
SYN-SHY-KW,kz.shymkent,KZ,school,2025-05-01,2025-05-31,5000,kWh,reported,actual,1,2000,techpassport,synthetic,K12-synthetic,make_examples.py,synthetic: invented test values,SYNTHETIC
SYN-SHY-KW,kz.shymkent,KZ,school,2025-06-01,2025-06-30,5000,kWh,reported,actual,1,2000,techpassport,synthetic,K12-synthetic,make_examples.py,synthetic: invented test values,SYNTHETIC
SYN-SHY-KW,kz.shymkent,KZ,school,2025-07-01,2025-07-31,5000,kWh,reported,actual,1,2000,techpassport,synthetic,K12-synthetic,make_examples.py,synthetic: invented test values,SYNTHETIC
SYN-SHY-KW,kz.shymkent,KZ,school,2025-08-01,2025-08-31,5000,kWh,reported,actual,1,2000,techpassport,synthetic,K12-synthetic,make_examples.py,synthetic: invented test values,SYNTHETIC
SYN-SHY-KW,kz.shymkent,KZ,school,2025-09-01,2025-09-30,5000,kWh,reported,actual,1,2000,techpassport,synthetic,K12-synthetic,make_examples.py,synthetic: invented test values,SYNTHETIC
SYN-SHY-KW,kz.shymkent,KZ,school,2025-10-01,2025-10-31,5000,kWh,reported,actual,1,2000,techpassport,synthetic,K12-synthetic,make_examples.py,synthetic: invented test values,SYNTHETIC
SYN-SHY-KW,kz.shymkent,KZ,school,2025-11-01,2025-11-30,5000,kWh,reported,actual,1,2000,techpassport,synthetic,K12-synthetic,make_examples.py,synthetic: invented test values,SYNTHETIC
SYN-SHY-KW,kz.shymkent,KZ,school,2025-12-01,2025-12-31,5000,kWh,reported,actual,1,2000,techpassport,synthetic,K12-synthetic,make_examples.py,synthetic: invented test values,SYNTHETIC
SYN-SHY-GCAL,kz.shymkent,KZ,school,2025-01-01,2025-01-31,5000,kWh,reported,actual,1,2000,techpassport,synthetic,K12-synthetic,make_examples.py,synthetic: invented test values,SYNTHETIC
SYN-SHY-GCAL,kz.shymkent,KZ,school,2025-02-01,2025-02-28,5000,kWh,reported,actual,1,2000,techpassport,synthetic,K12-synthetic,make_examples.py,synthetic: invented test values,SYNTHETIC
SYN-SHY-GCAL,kz.shymkent,KZ,school,2025-03-01,2025-03-31,5000,kWh,reported,actual,1,2000,techpassport,synthetic,K12-synthetic,make_examples.py,synthetic: invented test values,SYNTHETIC
SYN-SHY-GCAL,kz.shymkent,KZ,school,2025-04-01,2025-04-30,5000,kWh,reported,actual,1,2000,techpassport,synthetic,K12-synthetic,make_examples.py,synthetic: invented test values,SYNTHETIC
SYN-SHY-GCAL,kz.shymkent,KZ,school,2025-05-01,2025-05-31,5000,Gcal,reported,actual,1,2000,techpassport,synthetic,K12-synthetic,make_examples.py,synthetic: invented test values,SYNTHETIC
SYN-SHY-GCAL,kz.shymkent,KZ,school,2025-06-01,2025-06-30,5000,kWh,reported,actual,1,2000,techpassport,synthetic,K12-synthetic,make_examples.py,synthetic: invented test values,SYNTHETIC
SYN-SHY-GCAL,kz.shymkent,KZ,school,2025-07-01,2025-07-31,5000,kWh,reported,actual,1,2000,techpassport,synthetic,K12-synthetic,make_examples.py,synthetic: invented test values,SYNTHETIC
SYN-SHY-GCAL,kz.shymkent,KZ,school,2025-08-01,2025-08-31,5000,kWh,reported,actual,1,2000,techpassport,synthetic,K12-synthetic,make_examples.py,synthetic: invented test values,SYNTHETIC
SYN-SHY-GCAL,kz.shymkent,KZ,school,2025-09-01,2025-09-30,5000,kWh,reported,actual,1,2000,techpassport,synthetic,K12-synthetic,make_examples.py,synthetic: invented test values,SYNTHETIC
SYN-SHY-GCAL,kz.shymkent,KZ,school,2025-10-01,2025-10-31,5000,kWh,reported,actual,1,2000,techpassport,synthetic,K12-synthetic,make_examples.py,synthetic: invented test values,SYNTHETIC
SYN-SHY-GCAL,kz.shymkent,KZ,school,2025-11-01,2025-11-30,5000,kWh,reported,actual,1,2000,techpassport,synthetic,K12-synthetic,make_examples.py,synthetic: invented test values,SYNTHETIC
SYN-SHY-GCAL,kz.shymkent,KZ,school,2025-12-01,2025-12-31,5000,kWh,reported,actual,1,2000,techpassport,synthetic,K12-synthetic,make_examples.py,synthetic: invented test values,SYNTHETIC
SYN-SHY-LOWCOV,kz.shymkent,KZ,school,2025-01-01,2025-01-31,5000,kWh,reported,actual,0.6,2000,techpassport,synthetic,K12-synthetic,make_examples.py,synthetic: invented test values,SYNTHETIC
SYN-SHY-LOWCOV,kz.shymkent,KZ,school,2025-02-01,2025-02-28,5000,kWh,reported,actual,0.6,2000,techpassport,synthetic,K12-synthetic,make_examples.py,synthetic: invented test values,SYNTHETIC
SYN-SHY-LOWCOV,kz.shymkent,KZ,school,2025-03-01,2025-03-31,5000,kWh,reported,actual,0.6,2000,techpassport,synthetic,K12-synthetic,make_examples.py,synthetic: invented test values,SYNTHETIC
SYN-SHY-LOWCOV,kz.shymkent,KZ,school,2025-04-01,2025-04-30,5000,kWh,reported,actual,1,2000,techpassport,synthetic,K12-synthetic,make_examples.py,synthetic: invented test values,SYNTHETIC
SYN-SHY-LOWCOV,kz.shymkent,KZ,school,2025-05-01,2025-05-31,5000,kWh,reported,actual,1,2000,techpassport,synthetic,K12-synthetic,make_examples.py,synthetic: invented test values,SYNTHETIC
SYN-SHY-LOWCOV,kz.shymkent,KZ,school,2025-06-01,2025-06-30,5000,kWh,reported,actual,1,2000,techpassport,synthetic,K12-synthetic,make_examples.py,synthetic: invented test values,SYNTHETIC
SYN-SHY-LOWCOV,kz.shymkent,KZ,school,2025-07-01,2025-07-31,5000,kWh,reported,actual,1,2000,techpassport,synthetic,K12-synthetic,make_examples.py,synthetic: invented test values,SYNTHETIC
SYN-SHY-LOWCOV,kz.shymkent,KZ,school,2025-08-01,2025-08-31,5000,kWh,reported,actual,1,2000,techpassport,synthetic,K12-synthetic,make_examples.py,synthetic: invented test values,SYNTHETIC
SYN-SHY-LOWCOV,kz.shymkent,KZ,school,2025-09-01,2025-09-30,5000,kWh,reported,actual,1,2000,techpassport,synthetic,K12-synthetic,make_examples.py,synthetic: invented test values,SYNTHETIC
SYN-SHY-LOWCOV,kz.shymkent,KZ,school,2025-10-01,2025-10-31,5000,kWh,reported,actual,1,2000,techpassport,synthetic,K12-synthetic,make_examples.py,synthetic: invented test values,SYNTHETIC
SYN-SHY-LOWCOV,kz.shymkent,KZ,school,2025-11-01,2025-11-30,5000,kWh,reported,actual,1,2000,techpassport,synthetic,K12-synthetic,make_examples.py,synthetic: invented test values,SYNTHETIC
SYN-SHY-LOWCOV,kz.shymkent,KZ,school,2025-12-01,2025-12-31,5000,kWh,reported,actual,1,2000,techpassport,synthetic,K12-synthetic,make_examples.py,synthetic: invented test values,SYNTHETIC
SYN-SHY-DUP-EXACT,kz.shymkent,KZ,school,2025-01-01,2025-01-31,5000,kWh,reported,actual,1,2000,techpassport,synthetic,K12-synthetic,make_examples.py,synthetic: invented test values,SYNTHETIC
SYN-SHY-DUP-EXACT,kz.shymkent,KZ,school,2025-02-01,2025-02-28,5000,kWh,reported,actual,1,2000,techpassport,synthetic,K12-synthetic,make_examples.py,synthetic: invented test values,SYNTHETIC
SYN-SHY-DUP-EXACT,kz.shymkent,KZ,school,2025-03-01,2025-03-31,5000,kWh,reported,actual,1,2000,techpassport,synthetic,K12-synthetic,make_examples.py,synthetic: invented test values,SYNTHETIC
SYN-SHY-DUP-EXACT,kz.shymkent,KZ,school,2025-04-01,2025-04-30,5000,kWh,reported,actual,1,2000,techpassport,synthetic,K12-synthetic,make_examples.py,synthetic: invented test values,SYNTHETIC
SYN-SHY-DUP-EXACT,kz.shymkent,KZ,school,2025-05-01,2025-05-31,5000,kWh,reported,actual,1,2000,techpassport,synthetic,K12-synthetic,make_examples.py,synthetic: invented test values,SYNTHETIC
SYN-SHY-DUP-EXACT,kz.shymkent,KZ,school,2025-06-01,2025-06-30,5000,kWh,reported,actual,1,2000,techpassport,synthetic,K12-synthetic,make_examples.py,synthetic: invented test values,SYNTHETIC
SYN-SHY-DUP-EXACT,kz.shymkent,KZ,school,2025-07-01,2025-07-31,5000,kWh,reported,actual,1,2000,techpassport,synthetic,K12-synthetic,make_examples.py,synthetic: invented test values,SYNTHETIC
SYN-SHY-DUP-EXACT,kz.shymkent,KZ,school,2025-08-01,2025-08-31,5000,kWh,reported,actual,1,2000,techpassport,synthetic,K12-synthetic,make_examples.py,synthetic: invented test values,SYNTHETIC
SYN-SHY-DUP-EXACT,kz.shymkent,KZ,school,2025-09-01,2025-09-30,5000,kWh,reported,actual,1,2000,techpassport,synthetic,K12-synthetic,make_examples.py,synthetic: invented test values,SYNTHETIC
SYN-SHY-DUP-EXACT,kz.shymkent,KZ,school,2025-10-01,2025-10-31,5000,kWh,reported,actual,1,2000,techpassport,synthetic,K12-synthetic,make_examples.py,synthetic: invented test values,SYNTHETIC
SYN-SHY-DUP-EXACT,kz.shymkent,KZ,school,2025-11-01,2025-11-30,5000,kWh,reported,actual,1,2000,techpassport,synthetic,K12-synthetic,make_examples.py,synthetic: invented test values,SYNTHETIC
SYN-SHY-DUP-EXACT,kz.shymkent,KZ,school,2025-12-01,2025-12-31,5000,kWh,reported,actual,1,2000,techpassport,synthetic,K12-synthetic,make_examples.py,synthetic: invented test values,SYNTHETIC
SYN-SHY-DUP-EXACT,kz.shymkent,KZ,school,2025-06-01,2025-06-30,5000,kWh,reported,actual,1,2000,techpassport,synthetic,K12-synthetic,make_examples.py,synthetic: invented test values,SYNTHETIC
SYN-SHY-DUP-CONFLICT,kz.shymkent,KZ,school,2025-01-01,2025-01-31,5000,kWh,reported,actual,1,2000,techpassport,synthetic,K12-synthetic,make_examples.py,synthetic: invented test values,SYNTHETIC
SYN-SHY-DUP-CONFLICT,kz.shymkent,KZ,school,2025-02-01,2025-02-28,5000,kWh,reported,actual,1,2000,techpassport,synthetic,K12-synthetic,make_examples.py,synthetic: invented test values,SYNTHETIC
SYN-SHY-DUP-CONFLICT,kz.shymkent,KZ,school,2025-03-01,2025-03-31,5000,kWh,reported,actual,1,2000,techpassport,synthetic,K12-synthetic,make_examples.py,synthetic: invented test values,SYNTHETIC
SYN-SHY-DUP-CONFLICT,kz.shymkent,KZ,school,2025-04-01,2025-04-30,5000,kWh,reported,actual,1,2000,techpassport,synthetic,K12-synthetic,make_examples.py,synthetic: invented test values,SYNTHETIC
SYN-SHY-DUP-CONFLICT,kz.shymkent,KZ,school,2025-05-01,2025-05-31,5000,kWh,reported,actual,1,2000,techpassport,synthetic,K12-synthetic,make_examples.py,synthetic: invented test values,SYNTHETIC
SYN-SHY-DUP-CONFLICT,kz.shymkent,KZ,school,2025-06-01,2025-06-30,5000,kWh,reported,actual,1,2000,techpassport,synthetic,K12-synthetic,make_examples.py,synthetic: invented test values,SYNTHETIC
SYN-SHY-DUP-CONFLICT,kz.shymkent,KZ,school,2025-07-01,2025-07-31,5000,kWh,reported,actual,1,2000,techpassport,synthetic,K12-synthetic,make_examples.py,synthetic: invented test values,SYNTHETIC
SYN-SHY-DUP-CONFLICT,kz.shymkent,KZ,school,2025-08-01,2025-08-31,5000,kWh,reported,actual,1,2000,techpassport,synthetic,K12-synthetic,make_examples.py,synthetic: invented test values,SYNTHETIC
SYN-SHY-DUP-CONFLICT,kz.shymkent,KZ,school,2025-09-01,2025-09-30,5000,kWh,reported,actual,1,2000,techpassport,synthetic,K12-synthetic,make_examples.py,synthetic: invented test values,SYNTHETIC
SYN-SHY-DUP-CONFLICT,kz.shymkent,KZ,school,2025-10-01,2025-10-31,5000,kWh,reported,actual,1,2000,techpassport,synthetic,K12-synthetic,make_examples.py,synthetic: invented test values,SYNTHETIC
SYN-SHY-DUP-CONFLICT,kz.shymkent,KZ,school,2025-11-01,2025-11-30,5000,kWh,reported,actual,1,2000,techpassport,synthetic,K12-synthetic,make_examples.py,synthetic: invented test values,SYNTHETIC
SYN-SHY-DUP-CONFLICT,kz.shymkent,KZ,school,2025-12-01,2025-12-31,5000,kWh,reported,actual,1,2000,techpassport,synthetic,K12-synthetic,make_examples.py,synthetic: invented test values,SYNTHETIC
SYN-SHY-DUP-CONFLICT,kz.shymkent,KZ,school,2025-06-01,2025-06-30,7000,kWh,reported,actual,1,2000,techpassport,synthetic,K12-synthetic,make_examples.py,synthetic: invented test values,SYNTHETIC
SYN-SHY-BILLING-15TH,kz.shymkent,KZ,school,2025-01-15,2025-02-14,5000,kWh,reported,actual,1,2000,techpassport,synthetic,K12-synthetic,make_examples.py,synthetic: invented test values,SYNTHETIC
SYN-SHY-BILLING-15TH,kz.shymkent,KZ,school,2025-02-15,2025-03-14,5000,kWh,reported,actual,1,2000,techpassport,synthetic,K12-synthetic,make_examples.py,synthetic: invented test values,SYNTHETIC
SYN-SHY-BILLING-15TH,kz.shymkent,KZ,school,2025-03-15,2025-04-14,5000,kWh,reported,actual,1,2000,techpassport,synthetic,K12-synthetic,make_examples.py,synthetic: invented test values,SYNTHETIC
SYN-SHY-BILLING-15TH,kz.shymkent,KZ,school,2025-04-15,2025-05-14,5000,kWh,reported,actual,1,2000,techpassport,synthetic,K12-synthetic,make_examples.py,synthetic: invented test values,SYNTHETIC
SYN-SHY-BILLING-15TH,kz.shymkent,KZ,school,2025-05-15,2025-06-14,5000,kWh,reported,actual,1,2000,techpassport,synthetic,K12-synthetic,make_examples.py,synthetic: invented test values,SYNTHETIC
SYN-SHY-BILLING-15TH,kz.shymkent,KZ,school,2025-06-15,2025-07-14,5000,kWh,reported,actual,1,2000,techpassport,synthetic,K12-synthetic,make_examples.py,synthetic: invented test values,SYNTHETIC
SYN-SHY-BILLING-15TH,kz.shymkent,KZ,school,2025-07-15,2025-08-14,5000,kWh,reported,actual,1,2000,techpassport,synthetic,K12-synthetic,make_examples.py,synthetic: invented test values,SYNTHETIC
SYN-SHY-BILLING-15TH,kz.shymkent,KZ,school,2025-08-15,2025-09-14,5000,kWh,reported,actual,1,2000,techpassport,synthetic,K12-synthetic,make_examples.py,synthetic: invented test values,SYNTHETIC
SYN-SHY-BILLING-15TH,kz.shymkent,KZ,school,2025-09-15,2025-10-14,5000,kWh,reported,actual,1,2000,techpassport,synthetic,K12-synthetic,make_examples.py,synthetic: invented test values,SYNTHETIC
SYN-SHY-BILLING-15TH,kz.shymkent,KZ,school,2025-10-15,2025-11-14,5000,kWh,reported,actual,1,2000,techpassport,synthetic,K12-synthetic,make_examples.py,synthetic: invented test values,SYNTHETIC
SYN-SHY-BILLING-15TH,kz.shymkent,KZ,school,2025-11-15,2025-12-14,5000,kWh,reported,actual,1,2000,techpassport,synthetic,K12-synthetic,make_examples.py,synthetic: invented test values,SYNTHETIC
SYN-SHY-BILLING-15TH,kz.shymkent,KZ,school,2025-12-15,2026-01-14,5000,kWh,reported,actual,1,2000,techpassport,synthetic,K12-synthetic,make_examples.py,synthetic: invented test values,SYNTHETIC
SYN-SHY-OVERLAP,kz.shymkent,KZ,school,2025-01-01,2025-01-31,5000,kWh,reported,actual,1,2000,techpassport,synthetic,K12-synthetic,make_examples.py,synthetic: invented test values,SYNTHETIC
SYN-SHY-OVERLAP,kz.shymkent,KZ,school,2025-02-01,2025-02-28,5000,kWh,reported,actual,1,2000,techpassport,synthetic,K12-synthetic,make_examples.py,synthetic: invented test values,SYNTHETIC
SYN-SHY-OVERLAP,kz.shymkent,KZ,school,2025-03-01,2025-03-31,5000,kWh,reported,actual,1,2000,techpassport,synthetic,K12-synthetic,make_examples.py,synthetic: invented test values,SYNTHETIC
SYN-SHY-OVERLAP,kz.shymkent,KZ,school,2025-04-01,2025-04-30,5000,kWh,reported,actual,1,2000,techpassport,synthetic,K12-synthetic,make_examples.py,synthetic: invented test values,SYNTHETIC
SYN-SHY-OVERLAP,kz.shymkent,KZ,school,2025-05-01,2025-05-31,5000,kWh,reported,actual,1,2000,techpassport,synthetic,K12-synthetic,make_examples.py,synthetic: invented test values,SYNTHETIC
SYN-SHY-OVERLAP,kz.shymkent,KZ,school,2025-06-01,2025-06-30,5000,kWh,reported,actual,1,2000,techpassport,synthetic,K12-synthetic,make_examples.py,synthetic: invented test values,SYNTHETIC
SYN-SHY-OVERLAP,kz.shymkent,KZ,school,2025-07-01,2025-07-31,5000,kWh,reported,actual,1,2000,techpassport,synthetic,K12-synthetic,make_examples.py,synthetic: invented test values,SYNTHETIC
SYN-SHY-OVERLAP,kz.shymkent,KZ,school,2025-08-01,2025-08-31,5000,kWh,reported,actual,1,2000,techpassport,synthetic,K12-synthetic,make_examples.py,synthetic: invented test values,SYNTHETIC
SYN-SHY-OVERLAP,kz.shymkent,KZ,school,2025-09-01,2025-09-30,5000,kWh,reported,actual,1,2000,techpassport,synthetic,K12-synthetic,make_examples.py,synthetic: invented test values,SYNTHETIC
SYN-SHY-OVERLAP,kz.shymkent,KZ,school,2025-10-01,2025-10-31,5000,kWh,reported,actual,1,2000,techpassport,synthetic,K12-synthetic,make_examples.py,synthetic: invented test values,SYNTHETIC
SYN-SHY-OVERLAP,kz.shymkent,KZ,school,2025-11-01,2025-11-30,5000,kWh,reported,actual,1,2000,techpassport,synthetic,K12-synthetic,make_examples.py,synthetic: invented test values,SYNTHETIC
SYN-SHY-OVERLAP,kz.shymkent,KZ,school,2025-12-01,2025-12-31,5000,kWh,reported,actual,1,2000,techpassport,synthetic,K12-synthetic,make_examples.py,synthetic: invented test values,SYNTHETIC
SYN-SHY-OVERLAP,kz.shymkent,KZ,school,2025-01-01,2025-03-31,15000,kWh,reported,actual,1,2000,techpassport,synthetic,K12-synthetic,make_examples.py,synthetic: invented test values,SYNTHETIC
SYN-SHY-ESTIMATED,kz.shymkent,KZ,school,2025-01-01,2025-01-31,5000,kWh,reported,actual,1,2000,techpassport,synthetic,K12-synthetic,make_examples.py,synthetic: invented test values,SYNTHETIC
SYN-SHY-ESTIMATED,kz.shymkent,KZ,school,2025-02-01,2025-02-28,5000,kWh,reported,actual,1,2000,techpassport,synthetic,K12-synthetic,make_examples.py,synthetic: invented test values,SYNTHETIC
SYN-SHY-ESTIMATED,kz.shymkent,KZ,school,2025-03-01,2025-03-31,5000,kWh,reported,actual,1,2000,techpassport,synthetic,K12-synthetic,make_examples.py,synthetic: invented test values,SYNTHETIC
SYN-SHY-ESTIMATED,kz.shymkent,KZ,school,2025-04-01,2025-04-30,5000,kWh,reported,actual,1,2000,techpassport,synthetic,K12-synthetic,make_examples.py,synthetic: invented test values,SYNTHETIC
SYN-SHY-ESTIMATED,kz.shymkent,KZ,school,2025-05-01,2025-05-31,5000,kWh,reported,actual,1,2000,techpassport,synthetic,K12-synthetic,make_examples.py,synthetic: invented test values,SYNTHETIC
SYN-SHY-ESTIMATED,kz.shymkent,KZ,school,2025-06-01,2025-06-30,5000,kWh,reported,estimated,1,2000,techpassport,synthetic,K12-synthetic,make_examples.py,synthetic: invented test values,SYNTHETIC
SYN-SHY-ESTIMATED,kz.shymkent,KZ,school,2025-07-01,2025-07-31,5000,kWh,reported,estimated,1,2000,techpassport,synthetic,K12-synthetic,make_examples.py,synthetic: invented test values,SYNTHETIC
SYN-SHY-ESTIMATED,kz.shymkent,KZ,school,2025-08-01,2025-08-31,5000,kWh,reported,actual,1,2000,techpassport,synthetic,K12-synthetic,make_examples.py,synthetic: invented test values,SYNTHETIC
SYN-SHY-ESTIMATED,kz.shymkent,KZ,school,2025-09-01,2025-09-30,5000,kWh,reported,actual,1,2000,techpassport,synthetic,K12-synthetic,make_examples.py,synthetic: invented test values,SYNTHETIC
SYN-SHY-ESTIMATED,kz.shymkent,KZ,school,2025-10-01,2025-10-31,5000,kWh,reported,actual,1,2000,techpassport,synthetic,K12-synthetic,make_examples.py,synthetic: invented test values,SYNTHETIC
SYN-SHY-ESTIMATED,kz.shymkent,KZ,school,2025-11-01,2025-11-30,5000,kWh,reported,actual,1,2000,techpassport,synthetic,K12-synthetic,make_examples.py,synthetic: invented test values,SYNTHETIC
SYN-SHY-ESTIMATED,kz.shymkent,KZ,school,2025-12-01,2025-12-31,5000,kWh,reported,actual,1,2000,techpassport,synthetic,K12-synthetic,make_examples.py,synthetic: invented test values,SYNTHETIC
SYN-SHY-TWO-CITIES,kz.shymkent,KZ,school,2025-01-01,2025-01-31,5000,kWh,reported,actual,1,2000,techpassport,synthetic,K12-synthetic,make_examples.py,synthetic: invented test values,SYNTHETIC
SYN-SHY-TWO-CITIES,kz.shymkent,KZ,school,2025-02-01,2025-02-28,5000,kWh,reported,actual,1,2000,techpassport,synthetic,K12-synthetic,make_examples.py,synthetic: invented test values,SYNTHETIC
SYN-SHY-TWO-CITIES,kz.shymkent,KZ,school,2025-03-01,2025-03-31,5000,kWh,reported,actual,1,2000,techpassport,synthetic,K12-synthetic,make_examples.py,synthetic: invented test values,SYNTHETIC
SYN-SHY-TWO-CITIES,kz.shymkent,KZ,school,2025-04-01,2025-04-30,5000,kWh,reported,actual,1,2000,techpassport,synthetic,K12-synthetic,make_examples.py,synthetic: invented test values,SYNTHETIC
SYN-SHY-TWO-CITIES,kz.shymkent,KZ,school,2025-05-01,2025-05-31,5000,kWh,reported,actual,1,2000,techpassport,synthetic,K12-synthetic,make_examples.py,synthetic: invented test values,SYNTHETIC
SYN-SHY-TWO-CITIES,kz.shymkent,KZ,school,2025-06-01,2025-06-30,5000,kWh,reported,actual,1,2000,techpassport,synthetic,K12-synthetic,make_examples.py,synthetic: invented test values,SYNTHETIC
SYN-SHY-TWO-CITIES,kz.shymkent,KZ,school,2025-07-01,2025-07-31,5000,kWh,reported,actual,1,2000,techpassport,synthetic,K12-synthetic,make_examples.py,synthetic: invented test values,SYNTHETIC
SYN-SHY-TWO-CITIES,kz.shymkent,KZ,school,2025-08-01,2025-08-31,5000,kWh,reported,actual,1,2000,techpassport,synthetic,K12-synthetic,make_examples.py,synthetic: invented test values,SYNTHETIC
SYN-SHY-TWO-CITIES,kz.shymkent,KZ,school,2025-09-01,2025-09-30,5000,kWh,reported,actual,1,2000,techpassport,synthetic,K12-synthetic,make_examples.py,synthetic: invented test values,SYNTHETIC
SYN-SHY-TWO-CITIES,kz.shymkent,KZ,school,2025-10-01,2025-10-31,5000,kWh,reported,actual,1,2000,techpassport,synthetic,K12-synthetic,make_examples.py,synthetic: invented test values,SYNTHETIC
SYN-SHY-TWO-CITIES,kz.shymkent,KZ,school,2025-11-01,2025-11-30,5000,kWh,reported,actual,1,2000,techpassport,synthetic,K12-synthetic,make_examples.py,synthetic: invented test values,SYNTHETIC
SYN-SHY-TWO-CITIES,kz.astana,KZ,school,2025-12-01,2025-12-31,5000,kWh,reported,actual,1,2000,techpassport,synthetic,K12-synthetic,make_examples.py,synthetic: invented test values,SYNTHETIC
SYN-ALMATY-01,kz.almaty,KZ,school,2025-01-01,2025-01-31,5000,kWh,reported,actual,1,2000,techpassport,synthetic,K12-synthetic,make_examples.py,synthetic: invented test values,SYNTHETIC
SYN-SHY-BADDATE,kz.shymkent,KZ,school,2025-02-30,2025-03-01,5000,kWh,reported,actual,1,2000,techpassport,synthetic,K12-synthetic,make_examples.py,synthetic: invented test values,SYNTHETIC
SYN-SHY-BACKWARDS,kz.shymkent,KZ,school,2025-03-31,2025-03-01,5000,kWh,reported,actual,1,2000,techpassport,synthetic,K12-synthetic,make_examples.py,synthetic: invented test values,SYNTHETIC
,kz.shymkent,KZ,school,2025-01-01,2025-01-31,5000,kWh,reported,actual,1,2000,techpassport,synthetic,K12-synthetic,make_examples.py,synthetic: invented test values,SYNTHETIC
SYN-SHY-HYPOTHESIS,kz.shymkent,KZ,school,2025-01-01,2025-01-31,5000,kWh,reported,actual,1,2000,techpassport,hypothesis,K12-synthetic,make_examples.py,synthetic: invented test values,SYNTHETIC
SYN-SHY-COMMA,kz.shymkent,KZ,school,2025-01-01,2025-01-31,"5000,5",kWh,reported,actual,1,2000,techpassport,synthetic,K12-synthetic,make_examples.py,synthetic: invented test values,SYNTHETIC
