route,direction_id,band,n,p10_min,p50_min,p90_min,p90_over_p50
10,1,06-09,777,70.4,87.1,123.5,1.419
10,1,09-16,1547,78.7,108.5,124.8,1.15
10,1,16-19,524,90.8,116.4,138.9,1.193
10,1,19-23,480,70.9,86.3,108.4,1.257
10,2,06-09,697,68.9,80.5,101.2,1.258
10,2,09-16,1551,74.3,83.0,92.4,1.114
10,2,16-19,501,78.5,91.6,110.9,1.211
10,2,19-23,395,66.4,81.2,107.5,1.324
12,1,06-09,665,75.8,93.8,149.9,1.598
12,1,09-16,1377,78.6,106.2,120.9,1.138
12,1,16-19,486,84.0,102.2,123.1,1.204
12,1,19-23,387,68.9,86.7,140.1,1.615
12,2,06-09,469,73.6,92.1,130.0,1.411
12,2,09-16,1141,69.7,78.0,86.2,1.105
12,2,16-19,414,73.6,85.7,104.6,1.221
12,2,19-23,205,64.4,78.1,115.4,1.478
46,1,06-09,899,80.2,99.4,150.0,1.509
46,1,09-16,1876,84.2,113.1,127.1,1.123
46,1,16-19,659,92.6,112.2,130.3,1.162
46,1,19-23,505,69.5,90.4,150.7,1.668
46,2,06-09,826,81.2,99.5,138.2,1.389
46,2,09-16,1969,79.7,87.0,94.4,1.085
46,2,16-19,711,85.3,98.0,129.0,1.316
46,2,19-23,672,77.0,112.4,174.1,1.55
