city,unit_type,stable_id_proposed,legacy_id,name_ru,name_kk_or_osm_name,osm_relation,admin_level,kato,kato_origin,wikidata,kpssu_code,date,date_kind,geometry,area_km2_geodesic,provenance,geometry_check,official_status,status,notes
astana,city,kz.astana,,Астана,Астана,,,,,,,2026-09-22T08:45:51Z,osm_base_timestamp,derived_union_of_6_osm_districts,789.257,data/geo_sources/astana_districts_overpass.json; ISO KZ-71 из data/geo_sources/sara_nominatim.json sha256=43401251df6f3034…,"объединение 6 районов, частей 4: [770.41, 9.021, 5.033, 4.794]","not_verified: adilet.zan.kz, stat.gov.kz — host_not_allowed (proxy CONNECT 403) 2026-10-05",derived_from_osm,relation самого города в снимке нет (запрос admin_level 5–9); ISO3166-2-lvl4 KZ-71 по Nominatim
astana,district,kz.astana.district.almaty,almaty,район Алматы,Алматы ауданы,3482819,6,711110000,osm_tag_kato,Q12528524,,2026-09-22T08:45:51Z,osm_base_timestamp,osm_community_polygon,93.379,data/geo_sources/astana_districts_overpass.json sha256=ebd6019b0ea32cef…,"valid, rebuilt independently by K03","not_verified: adilet.zan.kz, stat.gov.kz — host_not_allowed (proxy CONNECT 403) 2026-10-05",observed_osm,"частей: 2, км²: [88.586, 4.794]; IoU слоя продукта и сырого OSM = 1.0"
astana,district,kz.astana.district.baikonur,baikonur,район Байконур,Байқоңыр ауданы,8593081,6,711410000,osm_tag_kato,Q57782659,,2026-09-22T08:45:51Z,osm_base_timestamp,osm_community_polygon,183.501,data/geo_sources/astana_districts_overpass.json sha256=ebd6019b0ea32cef…,"valid, rebuilt independently by K03","not_verified: adilet.zan.kz, stat.gov.kz — host_not_allowed (proxy CONNECT 403) 2026-10-05",observed_osm,"частей: 3, км²: [169.448, 9.021, 5.033]; площадной конфликт 9.021 км² с relation 3403760 (Целиноград ауданы), точка [71.66574, 51.33028]; IoU слоя продукта и сырого OSM = 1.0"
astana,district,kz.astana.district.esil,esil,район Есиль,Есіл ауданы,3479876,6,711210000,osm_tag_kato,Q16648877,,2026-09-22T08:45:51Z,osm_base_timestamp,osm_community_polygon,194.556,data/geo_sources/astana_districts_overpass.json sha256=ebd6019b0ea32cef…,"valid, rebuilt independently by K03","not_verified: adilet.zan.kz, stat.gov.kz — host_not_allowed (proxy CONNECT 403) 2026-10-05",observed_osm,IoU слоя продукта и сырого OSM = 1.0
astana,district,kz.astana.district.nura,nura,район Нура,Нұра ауданы,20593940,6,,,,,2026-09-22T08:45:51Z,osm_base_timestamp,osm_community_polygon,188.574,data/geo_sources/astana_districts_overpass.json sha256=ebd6019b0ea32cef…,"valid, rebuilt independently by K03","not_verified: adilet.zan.kz, stat.gov.kz — host_not_allowed (proxy CONNECT 403) 2026-10-05",observed_osm,нет тега kato в OSM; IoU слоя продукта и сырого OSM = 1.0
astana,district,kz.astana.district.saraishyk,saraishyk,район Сарайшык,Сарайшық ауданы,19733918,8,,,,,2026-09-22T08:45:51Z,osm_base_timestamp,osm_community_polygon,61.425,data/geo_sources/astana_districts_overpass.json sha256=ebd6019b0ea32cef…,"valid, rebuilt independently by K03","not_verified: adilet.zan.kz, stat.gov.kz — host_not_allowed (proxy CONNECT 403) 2026-10-05",observed_osm,"admin_level=8, у остальных районов 6; нет тега kato в OSM; relation v17 от 2026-09-21T13:44:01Z; в city_data.json ТЗ отсутствует; IoU слоя продукта и сырого OSM = 1.0"
astana,district,kz.astana.district.saryarka,saryarka,район Сарыарка,Сарыарқа ауданы,3486954,6,711310000,osm_tag_kato,Q16694762,,2026-09-22T08:45:51Z,osm_base_timestamp,osm_community_polygon,67.823,data/geo_sources/astana_districts_overpass.json sha256=ebd6019b0ea32cef…,"valid, rebuilt independently by K03","not_verified: adilet.zan.kz, stat.gov.kz — host_not_allowed (proxy CONNECT 403) 2026-10-05",observed_osm,IoU слоя продукта и сырого OSM = 1.0
akmola_region_neighbour,district_or_city_admin,osm:relation/3403782,,Аршалынский район,Аршалы ауданы,3403782,6,,,Q2321988,,2026-09-22T08:45:51Z,osm_base_timestamp,osm_community_polygon,5846.904,data/geo_sources/astana_districts_overpass.json sha256=ebd6019b0ea32cef…,"valid, rebuilt independently by K03","not_verified: adilet.zan.kz, stat.gov.kz — host_not_allowed (proxy CONNECT 403) 2026-10-05",observed_osm,сосед вне города; попадает в bbox-запрос; в агрегаты Астаны не включать
akmola_region_neighbour,rural_administration,osm:relation/17952313,,Тайтобинская сельская администрация,Тайтөбе ауылдық әкімдігі,17952313,8,,,Q56367432,,2026-09-22T08:45:51Z,osm_base_timestamp,osm_community_polygon,89.314,data/geo_sources/astana_districts_overpass.json sha256=ebd6019b0ea32cef…,"valid, rebuilt independently by K03","not_verified: adilet.zan.kz, stat.gov.kz — host_not_allowed (proxy CONNECT 403) 2026-10-05",observed_osm,сосед вне города; попадает в bbox-запрос; в агрегаты Астаны не включать
akmola_region_neighbour,district_or_city_admin,osm:relation/3403760,,Целиноградский район,Целиноград ауданы,3403760,6,,,Q2224859,,2026-09-22T08:45:51Z,osm_base_timestamp,osm_community_polygon,7666.728,data/geo_sources/astana_districts_overpass.json sha256=ebd6019b0ea32cef…,"valid, rebuilt independently by K03","not_verified: adilet.zan.kz, stat.gov.kz — host_not_allowed (proxy CONNECT 403) 2026-10-05",observed_osm,"частей: 2, км²: [6049.245, 1617.483]; сосед вне города; попадает в bbox-запрос; в агрегаты Астаны не включать"
akmola_region_neighbour,district_or_city_admin,osm:relation/3404061,,Шортандинский район,Шортанды ауданы,3404061,6,,,Q2556281,,2026-09-22T08:45:51Z,osm_base_timestamp,osm_community_polygon,4681.659,data/geo_sources/astana_districts_overpass.json sha256=ebd6019b0ea32cef…,"valid, rebuilt independently by K03","not_verified: adilet.zan.kz, stat.gov.kz — host_not_allowed (proxy CONNECT 403) 2026-10-05",observed_osm,сосед вне города; попадает в bbox-запрос; в агрегаты Астаны не включать
akmola_region_neighbour,district_or_city_admin,osm:relation/15594335,,городская администрация Косшы,Қосшы қалалық әкімдігі,15594335,6,,,,,2026-09-22T08:45:51Z,osm_base_timestamp,osm_community_polygon,141.201,data/geo_sources/astana_districts_overpass.json sha256=ebd6019b0ea32cef…,"valid, rebuilt independently by K03","not_verified: adilet.zan.kz, stat.gov.kz — host_not_allowed (proxy CONNECT 403) 2026-10-05",observed_osm,сосед вне города; попадает в bbox-запрос; в агрегаты Астаны не включать
shymkent,city,kz.shymkent,,Шымкент,,,,,,,1979,2026-10-04,retrieved_at (A10 via WebFetch),none,,research/govtech-results/10_safety/A10_sample_kpssu_shymkent_aggregates.json sha256=97255e05292d0b5b…,нет сохранённой геометрии ни в одном файле репозитория,"not_verified: adilet.zan.kz, stat.gov.kz — host_not_allowed (proxy CONNECT 403) 2026-10-05","observed_code_only (A10, не перепроверено K03)","ISO KZ-79 — гипотеза A12-F018. Состав районов «Абайский, Аль-Фарабийский, Енбекшинский, Каратауский, Туранский» — гипотеза A12-F016 (память модели), с кодами не сопоставлен."
shymkent,district_code,,,,,,,,,,197910,2018–2026,"годы, в которых код встречается в слое ДТП",none,,research/govtech-results/10_safety/A10_sample_kpssu_shymkent_aggregates.json sha256=97255e05292d0b5b…; поле fd1r06p2,нет,"not_verified: adilet.zan.kz, stat.gov.kz — host_not_allowed (proxy CONNECT 403) 2026-10-05","observed_code_only (A10, не перепроверено K03)",название района неизвестно: справочник кодов КПСиСУ не найден
shymkent,district_code,,,,,,,,,,197911,2018–2026,"годы, в которых код встречается в слое ДТП",none,,research/govtech-results/10_safety/A10_sample_kpssu_shymkent_aggregates.json sha256=97255e05292d0b5b…; поле fd1r06p2,нет,"not_verified: adilet.zan.kz, stat.gov.kz — host_not_allowed (proxy CONNECT 403) 2026-10-05","observed_code_only (A10, не перепроверено K03)",название района неизвестно: справочник кодов КПСиСУ не найден
shymkent,district_code,,,,,,,,,,197912,2018–2026,"годы, в которых код встречается в слое ДТП",none,,research/govtech-results/10_safety/A10_sample_kpssu_shymkent_aggregates.json sha256=97255e05292d0b5b…; поле fd1r06p2,нет,"not_verified: adilet.zan.kz, stat.gov.kz — host_not_allowed (proxy CONNECT 403) 2026-10-05","observed_code_only (A10, не перепроверено K03)",название района неизвестно: справочник кодов КПСиСУ не найден
shymkent,district_code,,,,,,,,,,197913,2018–2026,"годы, в которых код встречается в слое ДТП",none,,research/govtech-results/10_safety/A10_sample_kpssu_shymkent_aggregates.json sha256=97255e05292d0b5b…; поле fd1r06p2,нет,"not_verified: adilet.zan.kz, stat.gov.kz — host_not_allowed (proxy CONNECT 403) 2026-10-05","observed_code_only (A10, не перепроверено K03)",название района неизвестно: справочник кодов КПСиСУ не найден
shymkent,district_code,,,,,,,,,,197914,2023–2026,"годы, в которых код встречается в слое ДТП",none,,research/govtech-results/10_safety/A10_sample_kpssu_shymkent_aggregates.json sha256=97255e05292d0b5b…; поле fd1r06p2,нет,"not_verified: adilet.zan.kz, stat.gov.kz — host_not_allowed (proxy CONNECT 403) 2026-10-05","observed_code_only (A10, не перепроверено K03)",название района неизвестно: справочник кодов КПСиСУ не найден; код появляется только с 2023 — вероятно изменение границ/учёта
