Категория;словарь;логрегрессия;трансформер;Δ трансформер − логрегрессия
Дороги (roads);0.75;0.72;0.72;+0.01
Снег и гололёд (snow_ice);0.81;0.81;0.87;+0.06
Тротуары (sidewalks);0.68;0.78;0.75;-0.03
Остановки и транспорт (transport);0.79;0.94;0.84;-0.10
Освещение (lighting);0.84;0.89;0.84;-0.05
Дворы и площадки (yards);0.74;0.80;0.82;+0.02
Мусор (waste);0.87;0.85;0.89;+0.04
ЖКХ: тепло и вода (utilities);0.44;0.77;0.81;+0.04
Запахи и воздух (smell_air);0.77;0.77;0.78;+0.02
Шум и безопасность (noise_safety);0.65;0.67;0.71;+0.05
Парковки (parking);0.57;0.77;0.82;+0.05
Другое (other);0.29;0.81;0.89;+0.08
macro-F1;0.684;0.797;0.812;+0.015
