Срез;n;словарь;логрегрессия;трансформер
язык: kk;97;0.684;0.767;0.802
язык: mixed;48;0.650;0.789;0.813
язык: ru;155;0.684;0.816;0.816
стиль: colloquial;81;0.623;0.798;0.760
стиль: long;36;0.739;0.829;0.909
стиль: official;36;0.736;0.836;0.889
стиль: question;25;0.757;0.800;0.797
стиль: short;36;0.795;0.971;0.944
стиль: slang;24;0.661;0.681;0.744
стиль: thanks;2;0.000;0.667;0.667
стиль: translit;24;0.013;0.458;0.528
стиль: typos;36;0.784;0.805;0.802
трудный случай: False;206;0.743;0.824;0.855
трудный случай: True;94;0.513;0.681;0.668
