uid,hours_expected,hours_observed,negative_values_set_missing,nonnull_outside_meta_period,missing_share_in_weekday_09_15,expected_share_weekday_09_15,impute_fallback_daytype_hour,impute_fallback_building_mean
PrimClass_Everett,8784,8641,0,0,0.4895,0.208,0,0
PrimClass_Elisabeth,8784,8648,0,0,0.4044,0.208,0,0
PrimClass_Jolie,8760,8315,0,0,0.4292,0.2086,0,0
PrimClass_Jaylin,8760,8134,0,0,0.5974,0.2086,0,0
PrimClass_Esmeralda,8784,8754,0,0,0.2667,0.208,0,0
PrimClass_Eoghan,8784,8754,0,0,0.2667,0.208,0,0
PrimClass_Edwin,8784,8692,0,2,0.6413,0.208,0,0
PrimClass_Eli,8784,8622,0,0,0.8395,0.208,0,0
PrimClass_Ethel,8784,8673,0,2,0.6937,0.208,0,0
PrimClass_Ernesto,8784,8553,0,2,0.7792,0.208,0,0
PrimClass_Emanuela,8784,8424,0,1,0.5,0.208,0,0
PrimClass_Emilio,8784,8688,0,0,0.2708,0.208,0,0
PrimClass_Eleanor,8784,8627,0,0,0.6943,0.208,0,0
PrimClass_Ezekiel,8784,8644,0,0,0.3714,0.208,0,0
PrimClass_Elliott,8784,8649,0,0,0.7333,0.208,0,0
PrimClass_Ellen,8784,8694,0,1,0.5111,0.208,0,0
PrimClass_Evie,8784,8636,0,1,0.6216,0.208,0,0
PrimClass_Elijah,8784,8623,0,0,0.795,0.208,0,0
PrimClass_Ezra,8784,8623,0,0,0.795,0.208,0,0
PrimClass_Edmund,8784,8613,0,0,0.345,0.208,0,0
PrimClass_Eva,8784,8738,0,0,0.5217,0.208,0,0
PrimClass_Ebony,8784,8621,0,1,0.4233,0.208,0,0
PrimClass_Ethan,8784,8578,0,0,0.5971,0.208,0,0
PrimClass_Elmer,8784,8652,0,1,0.6288,0.208,0,0
PrimClass_Ervin,8784,8707,0,0,0.1688,0.208,0,0
PrimClass_Uma,8760,8650,0,0,0.5636,0.2086,0,0
PrimClass_Ernest,8784,8666,0,1,0.5,0.208,0,0
PrimClass_Emily,8784,8748,0,1,0.1944,0.208,0,0
PrimClass_Jayla,8760,8340,0,0,0.3214,0.2086,0,0
PrimClass_Janiya,8760,8314,0,0,0.3251,0.2086,0,0
PrimClass_Umar,8760,8553,0,0,0.3865,0.2086,0,0
PrimClass_Janice,8760,8260,0,0,0.18,0.2086,0,0
PrimClass_Uriah,8760,8559,0,0,0.199,0.2086,0,0
PrimClass_Ulysses,8760,8612,0,0,0.4797,0.2086,0,0
PrimClass_Jaden,8760,8623,0,0,0.6131,0.2086,0,0
PrimClass_Jermaine,8760,8357,0,0,0.3747,0.2086,0,0
PrimClass_Josephine,8760,8399,0,0,0.3019,0.2086,0,0
PrimClass_Javier,8760,8088,0,0,0.3914,0.2086,0,0
PrimClass_Jeanette,8760,8356,0,0,0.3688,0.2086,0,0
PrimClass_Julius,8760,8153,0,0,0.2076,0.2086,0,0
PrimClass_Jaylinn,8760,8378,0,0,0.3403,0.2086,0,0
PrimClass_Johanna,8760,8304,0,0,0.4474,0.2086,0,0
PrimClass_Jodie,8760,8379,0,0,0.3386,0.2086,0,0
PrimClass_Johnathan,8760,8416,0,0,0.2006,0.2086,0,0
PrimClass_Janis,8760,8414,0,0,0.2514,0.2086,0,0
PrimClass_Jamal,8760,8332,0,0,0.4112,0.2086,0,0
PrimClass_Jose,8760,8329,0,0,0.4153,0.2086,0,0
PrimClass_Julianna,8760,8330,0,0,0.414,0.2086,0,0
PrimClass_Jasmine,8760,8427,0,0,0.1922,0.2086,0,0
PrimClass_Jazmine,8760,8339,0,0,0.3444,0.2086,0,0
PrimClass_Justin,8760,8300,0,0,0.4217,0.2086,0,0
PrimClass_Jody,8760,8410,0,0,0.28,0.2086,0,0
PrimClass_Julianne,8760,8445,0,0,0.2,0.2086,0,0
PrimClass_Justice,8760,8079,0,0,0.2937,0.2086,0,0
PrimClass_Jean,8760,8452,0,0,0.1818,0.2086,0,0
PrimClass_Jenna,8760,8186,0,0,0.2787,0.2086,0,0
PrimClass_Judith,8760,8370,0,0,0.3487,0.2086,0,0
PrimClass_Jessie,8760,8441,0,0,0.21,0.2086,0,0
PrimClass_Joselyn,8760,8350,0,0,0.3854,0.2086,0,0
PrimClass_Judy,8760,8368,0,0,0.2959,0.2086,0,0
PrimClass_Jarrett,8760,8429,0,0,0.2387,0.2086,0,0
PrimClass_Jeannine,8760,8065,0,0,0.2835,0.2086,0,0
PrimClass_Jeff,8760,8208,0,0,0.4529,0.2086,0,0
PrimClass_Julian,8760,8549,0,0,0.654,0.2086,0,0
PrimClass_Jeanine,8760,8333,0,0,0.37,0.2086,0,0
PrimClass_Jerome,8760,8108,0,0,0.2623,0.2086,0,0
PrimClass_Jacqueline,8760,8421,0,0,0.2566,0.2086,0,0
PrimClass_Jill,8760,8390,0,0,0.3189,0.2086,0,0
PrimClass_Jim,8760,8484,0,0,0.2609,0.2086,0,0
PrimClass_Janet,8760,8487,0,0,0.8242,0.2086,0,0
PrimClass_Janie,8760,8579,0,0,0.4199,0.2086,0,0
PrimClass_Jensen,8760,8423,0,0,0.2522,0.2086,0,0
PrimClass_Jeffrey,8760,8324,0,0,0.3876,0.2086,0,0
PrimClass_Jennifer,8760,8450,0,0,0.1871,0.2086,0,0
PrimClass_Jesse,8760,8550,0,0,0.2619,0.2086,0,0
PrimClass_Jaxson,8760,8086,0,0,0.2864,0.2086,0,0
PrimClass_Jimmie,8760,8255,0,0,0.4812,0.2086,0,0
PrimClass_Jayda,8760,8326,0,0,0.4009,0.2086,0,0
PrimClass_Jocelyn,8760,8552,0,0,0.4952,0.2086,0,0
PrimClass_Jeffery,8760,8644,0,0,0.5862,0.2086,0,0
PrimClass_Jayson,8760,8149,0,0,0.2128,0.2086,0,0
PrimClass_Jennie,8760,8623,0,0,0.2336,0.2086,0,0
PrimClass_Jonathon,8760,8059,0,0,0.3138,0.2086,0,0
PrimClass_Jaqueline,8760,8591,0,0,0.2722,0.2086,0,0
PrimClass_Jeremy,8760,8372,0,0,0.317,0.2086,0,0
PrimClass_Josue,8760,8173,0,0,0.4753,0.2086,0,0
PrimClass_Julio,8760,8106,0,0,0.2645,0.2086,0,0
PrimClass_Jacquelyn,8760,8398,0,0,0.3039,0.2086,0,0
PrimClass_Juanita,8760,8448,0,0,0.1923,0.2086,0,0
PrimClass_Joel,8760,8408,0,0,0.2841,0.2086,0,0
PrimClass_Joey,8760,8134,0,0,0.2045,0.2086,0,0
PrimClass_Joanna,8760,8123,0,0,0.2449,0.2086,0,0
PrimClass_Jediah,8760,8454,0,0,0.1895,0.2086,0,0
PrimClass_Janelle,8760,8188,0,0,0.0979,0.2086,0,0
PrimClass_Jane,8760,8692,0,0,1.0,0.2086,0,0
PrimClass_Jon,8760,8248,0,0,0.5078,0.2086,0,0
PrimClass_Jake,8760,8497,0,0,0.6008,0.2086,0,0
PrimClass_Johnnie,8760,8274,0,0,0.465,0.2086,0,0
PrimClass_Johnathon,8760,8331,0,0,0.3287,0.2086,0,0
PrimClass_Jamie,8760,8145,0,0,0.2179,0.2086,0,0
PrimClass_Jacob,8760,8134,0,0,0.2045,0.2086,0,0
PrimClass_Angela,8760,8589,0,0,0.3275,0.2086,0,0
PrimClass_Jazmin,8760,8449,0,0,0.1833,0.2086,0,0
PrimClass_Jaiden,8760,8170,0,0,0.1068,0.2086,0,0
PrimClass_Angel,8760,8684,0,0,0.2237,0.2086,0,0
