uid,month_local,hours_expected,hours_observed,kwh_observed_sum,kwh_with_imputed_hours
PrimClass_Everett,2012-01,744,744,1807.9261,1807.9261
PrimClass_Everett,2012-02,696,624,1528.2056,1670.8335
PrimClass_Everett,2012-03,743,743,1572.995,1572.995
PrimClass_Everett,2012-04,720,720,1502.1952,1502.1952
PrimClass_Everett,2012-05,744,709,1768.5711,1897.1228
PrimClass_Everett,2012-06,720,715,2046.5702,2066.8773
PrimClass_Everett,2012-07,744,740,2144.4764,2159.1581
PrimClass_Everett,2012-08,744,744,1976.4219,1976.4219
PrimClass_Everett,2012-09,720,708,1869.263,1916.1959
PrimClass_Everett,2012-10,744,734,1718.8823,1749.8447
PrimClass_Everett,2012-11,721,721,1505.1872,1505.1872
PrimClass_Everett,2012-12,744,739,1500.6118,1511.033
PrimClass_Elisabeth,2012-01,744,744,5453.6433,5453.6433
PrimClass_Elisabeth,2012-02,696,672,4986.6905,5202.6183
PrimClass_Elisabeth,2012-03,743,743,5572.8697,5572.8697
PrimClass_Elisabeth,2012-04,720,720,5315.9661,5315.9661
PrimClass_Elisabeth,2012-05,744,744,5588.8975,5588.8975
PrimClass_Elisabeth,2012-06,720,720,5159.8771,5159.8771
PrimClass_Elisabeth,2012-07,744,744,5584.2708,5584.2708
PrimClass_Elisabeth,2012-08,744,693,6708.705,7595.3832
PrimClass_Elisabeth,2012-09,720,675,5695.1169,6516.3267
PrimClass_Elisabeth,2012-10,744,733,6062.3853,6238.7987
PrimClass_Elisabeth,2012-11,721,721,5589.6328,5589.6328
PrimClass_Elisabeth,2012-12,744,739,4405.3882,4443.5181
PrimClass_Jolie,2014-12,744,696,892.6516,1011.8064
PrimClass_Jolie,2015-01,744,701,1021.4,1224.8056
PrimClass_Jolie,2015-02,672,636,792.8,912.2939
PrimClass_Jolie,2015-03,743,701,1050.7,1193.529
PrimClass_Jolie,2015-04,720,720,848.6,848.6
PrimClass_Jolie,2015-05,744,742,836.9,843.78
PrimClass_Jolie,2015-06,720,505,736.8,1031.3652
PrimClass_Jolie,2015-07,744,744,755.2,755.2
PrimClass_Jolie,2015-08,744,744,328.7,328.7
PrimClass_Jolie,2015-09,720,717,1065.5,1079.7095
PrimClass_Jolie,2015-10,745,743,909.7,916.8619
PrimClass_Jolie,2015-11,720,666,1076.5014,1129.2641
PrimClass_Jaylin,2014-12,744,685,1439.8546,1614.8392
PrimClass_Jaylin,2015-01,744,697,1730.7,2005.2332
PrimClass_Jaylin,2015-02,672,639,1457.5,1639.1596
PrimClass_Jaylin,2015-03,743,680,1596.1,1907.86
PrimClass_Jaylin,2015-04,720,706,1444.1,1526.7824
PrimClass_Jaylin,2015-05,744,722,1427.0,1547.4238
PrimClass_Jaylin,2015-06,720,488,1276.9,1999.2893
PrimClass_Jaylin,2015-07,744,724,1393.0,1442.9302
PrimClass_Jaylin,2015-08,744,744,696.1,696.1
PrimClass_Jaylin,2015-09,720,696,1800.8,2016.5218
PrimClass_Jaylin,2015-10,745,719,1488.8,1573.0194
PrimClass_Jaylin,2015-11,720,634,1529.469,1813.4659
PrimClass_Esmeralda,2012-01,744,744,6431.4249,6431.4249
PrimClass_Esmeralda,2012-02,696,672,5662.202,5902.8168
PrimClass_Esmeralda,2012-03,743,743,6052.5716,6052.5716
PrimClass_Esmeralda,2012-04,720,720,5239.3426,5239.3426
PrimClass_Esmeralda,2012-05,744,743,11911.2984,11933.1154
PrimClass_Esmeralda,2012-06,720,720,11736.6041,11736.6041
PrimClass_Esmeralda,2012-07,744,744,15362.3072,15362.3072
PrimClass_Esmeralda,2012-08,744,744,13875.2022,13875.2022
PrimClass_Esmeralda,2012-09,720,720,10830.3495,10830.3495
PrimClass_Esmeralda,2012-10,744,744,9364.5919,9364.5919
PrimClass_Esmeralda,2012-11,721,721,8856.4356,8856.4356
PrimClass_Esmeralda,2012-12,744,739,7816.3221,7858.2145
PrimClass_Eoghan,2012-01,744,744,7337.8849,7337.8849
PrimClass_Eoghan,2012-02,696,672,6460.2508,6734.7786
PrimClass_Eoghan,2012-03,743,743,6905.6423,6905.6423
PrimClass_Eoghan,2012-04,720,720,5977.7935,5977.7935
PrimClass_Eoghan,2012-05,744,743,13590.1224,13615.0143
PrimClass_Eoghan,2012-06,720,720,13390.805,13390.805
PrimClass_Eoghan,2012-07,744,744,17527.5274,17527.5274
PrimClass_Eoghan,2012-08,744,744,15830.8245,15830.8245
PrimClass_Eoghan,2012-09,720,720,12356.8182,12356.8182
PrimClass_Eoghan,2012-10,744,744,10684.4655,10684.4655
PrimClass_Eoghan,2012-11,721,721,10104.6912,10104.6912
PrimClass_Eoghan,2012-12,744,739,8917.9779,8965.7748
PrimClass_Edwin,2012-01,744,744,4064.1214,4064.1214
PrimClass_Edwin,2012-02,696,672,3513.6712,3664.4644
PrimClass_Edwin,2012-03,743,743,3609.2912,3609.2912
PrimClass_Edwin,2012-04,720,720,4054.3236,4054.3236
PrimClass_Edwin,2012-05,744,740,3885.647,3931.5225
PrimClass_Edwin,2012-06,720,720,2181.9784,2181.9784
PrimClass_Edwin,2012-07,744,744,1662.1327,1662.1327
PrimClass_Edwin,2012-08,744,718,3531.5884,3817.4742
PrimClass_Edwin,2012-09,720,691,3482.3146,3833.8183
PrimClass_Edwin,2012-10,744,744,3637.4189,3637.4189
PrimClass_Edwin,2012-11,721,721,3219.3403,3219.3403
PrimClass_Edwin,2012-12,744,735,2982.3607,3011.7603
PrimClass_Eli,2012-01,744,744,4703.539,4703.539
PrimClass_Eli,2012-02,696,672,4144.9858,4309.2558
PrimClass_Eli,2012-03,743,743,4368.306,4368.306
PrimClass_Eli,2012-04,720,720,4098.921,4098.921
PrimClass_Eli,2012-05,744,709,4503.228,4964.1706
PrimClass_Eli,2012-06,720,709,5480.8884,5649.4805
PrimClass_Eli,2012-07,744,740,5606.9662,5662.0922
PrimClass_Eli,2012-08,744,744,6219.5032,6219.5032
PrimClass_Eli,2012-09,720,658,5103.4331,6084.7428
PrimClass_Eli,2012-10,744,723,4557.2755,4794.5856
PrimClass_Eli,2012-11,721,721,4406.9723,4406.9723
PrimClass_Eli,2012-12,744,739,4365.0111,4386.6679
PrimClass_Ethel,2012-01,744,744,5062.8485,5062.8485
PrimClass_Ethel,2012-02,696,672,4443.2966,4629.3835
PrimClass_Ethel,2012-03,743,743,4442.5073,4442.5073
PrimClass_Ethel,2012-04,720,720,4551.7714,4551.7714
PrimClass_Ethel,2012-05,744,742,4278.0608,4305.0661
PrimClass_Ethel,2012-06,720,720,3557.6071,3557.6071
PrimClass_Ethel,2012-07,744,744,3729.9901,3729.9901
PrimClass_Ethel,2012-08,744,710,4425.009,4917.9322
PrimClass_Ethel,2012-09,720,682,4245.8347,4833.6219
PrimClass_Ethel,2012-10,744,740,5046.6482,5107.3185
PrimClass_Ethel,2012-11,721,721,4296.7679,4296.7679
PrimClass_Ethel,2012-12,744,735,3958.6632,4003.5684
PrimClass_Ernesto,2012-01,744,744,4165.6805,4165.6805
PrimClass_Ernesto,2012-02,696,672,3586.6315,3735.6733
PrimClass_Ernesto,2012-03,743,743,3815.4775,3815.4775
PrimClass_Ernesto,2012-04,720,711,4110.7972,4223.7543
PrimClass_Ernesto,2012-05,744,724,3779.4809,4040.9491
PrimClass_Ernesto,2012-06,720,720,1857.2823,1857.2823
PrimClass_Ernesto,2012-07,744,744,2006.9246,2006.9246
PrimClass_Ernesto,2012-08,744,662,3548.3151,4715.1592
PrimClass_Ernesto,2012-09,720,651,3269.7577,4226.6544
PrimClass_Ernesto,2012-10,744,726,3972.0751,4214.6576
PrimClass_Ernesto,2012-11,721,721,3603.4552,3603.4552
PrimClass_Ernesto,2012-12,744,735,3402.8666,3441.6146
PrimClass_Emanuela,2012-01,744,744,5056.3686,5056.3686
PrimClass_Emanuela,2012-02,696,672,4479.3495,4670.7508
PrimClass_Emanuela,2012-03,743,743,4408.5945,4408.5945
PrimClass_Emanuela,2012-04,720,717,5244.7083,5296.9058
PrimClass_Emanuela,2012-05,744,705,5862.3676,6687.9028
PrimClass_Emanuela,2012-06,720,706,3733.0224,3869.7476
PrimClass_Emanuela,2012-07,744,736,4145.7678,4217.497
PrimClass_Emanuela,2012-08,744,570,4892.5286,6952.8679
PrimClass_Emanuela,2012-09,720,632,4713.5208,6608.4155
PrimClass_Emanuela,2012-10,744,741,6025.5764,6078.328
PrimClass_Emanuela,2012-11,721,721,4281.4714,4281.4714
PrimClass_Emanuela,2012-12,744,737,3885.0296,3916.4128
PrimClass_Emilio,2012-01,744,744,4765.1243,4765.1243
PrimClass_Emilio,2012-02,696,672,4296.2321,4469.2459
PrimClass_Emilio,2012-03,743,743,3975.5043,3975.5043
PrimClass_Emilio,2012-04,720,720,3308.4644,3308.4644
PrimClass_Emilio,2012-05,744,734,5825.4378,5961.6467
PrimClass_Emilio,2012-06,720,720,7899.4615,7899.4615
PrimClass_Emilio,2012-07,744,744,8108.0438,8108.0438
PrimClass_Emilio,2012-08,744,720,8254.9921,8437.3658
PrimClass_Emilio,2012-09,720,711,7598.0944,7764.485
PrimClass_Emilio,2012-10,744,744,4485.5619,4485.5619
PrimClass_Emilio,2012-11,721,697,4275.3472,4354.5259
PrimClass_Emilio,2012-12,744,739,4616.3326,4641.6741
PrimClass_Eleanor,2012-01,744,744,5058.6396,5058.6396
PrimClass_Eleanor,2012-02,696,672,4606.3671,4801.0701
PrimClass_Eleanor,2012-03,743,740,4856.7259,4908.0319
PrimClass_Eleanor,2012-04,720,696,4147.9024,4209.7654
PrimClass_Eleanor,2012-05,744,726,5038.7199,5340.9889
PrimClass_Eleanor,2012-06,720,715,3594.3226,3648.6887
PrimClass_Eleanor,2012-07,744,744,2800.4287,2800.4287
PrimClass_Eleanor,2012-08,744,724,4611.2123,4917.3308
PrimClass_Eleanor,2012-09,720,681,4611.4673,5335.4143
PrimClass_Eleanor,2012-10,744,726,4932.233,5216.8637
PrimClass_Eleanor,2012-11,721,720,4451.1173,4464.6849
PrimClass_Eleanor,2012-12,744,739,4335.3246,4356.5452
PrimClass_Ezekiel,2012-01,744,744,9498.8679,9498.8679
PrimClass_Ezekiel,2012-02,696,672,8126.2441,8473.2748
PrimClass_Ezekiel,2012-03,743,743,9837.747,9837.747
PrimClass_Ezekiel,2012-04,720,720,8802.7526,8802.7526
PrimClass_Ezekiel,2012-05,744,742,10218.8456,10276.2911
PrimClass_Ezekiel,2012-06,720,707,9018.0447,9365.6918
PrimClass_Ezekiel,2012-07,744,744,7639.2172,7639.2172
PrimClass_Ezekiel,2012-08,744,744,10874.8548,10874.8548
PrimClass_Ezekiel,2012-09,720,712,8818.1179,9041.2773
PrimClass_Ezekiel,2012-10,744,692,8575.7959,9337.804
PrimClass_Ezekiel,2012-11,721,685,8070.7445,8569.0158
PrimClass_Ezekiel,2012-12,744,739,8383.0947,8428.7038
PrimClass_Elliott,2012-01,744,744,14498.9124,14498.9124
PrimClass_Elliott,2012-02,696,672,12827.6018,13351.6025
PrimClass_Elliott,2012-03,743,743,13616.2388,13616.2388
PrimClass_Elliott,2012-04,720,720,11307.8882,11307.8882
PrimClass_Elliott,2012-05,744,728,14759.9196,15389.3162
PrimClass_Elliott,2012-06,720,714,11407.8239,11561.4443
PrimClass_Elliott,2012-07,744,744,11482.4659,11482.4659
PrimClass_Elliott,2012-08,744,705,13079.7104,14437.3859
PrimClass_Elliott,2012-09,720,686,12593.2915,13991.8242
PrimClass_Elliott,2012-10,744,735,13298.4938,13605.067
PrimClass_Elliott,2012-11,721,721,12552.4025,12552.4025
PrimClass_Elliott,2012-12,744,737,12275.8673,12374.5821
PrimClass_Ellen,2012-01,744,742,5283.1667,5316.1958
PrimClass_Ellen,2012-02,696,670,4681.6091,4916.4703
PrimClass_Ellen,2012-03,743,743,4151.3774,4151.3774
PrimClass_Ellen,2012-04,720,720,4529.193,4529.193
PrimClass_Ellen,2012-05,744,741,5595.0955,5647.4429
PrimClass_Ellen,2012-06,720,720,3433.0973,3433.0973
PrimClass_Ellen,2012-07,744,743,4732.6344,4737.9671
PrimClass_Ellen,2012-08,744,715,6043.2563,6546.2158
PrimClass_Ellen,2012-09,720,698,4924.4523,5326.221
PrimClass_Ellen,2012-10,744,744,4339.3316,4339.3316
PrimClass_Ellen,2012-11,721,721,4702.209,4702.209
PrimClass_Ellen,2012-12,744,737,4191.8979,4223.0544
PrimClass_Evie,2012-01,744,744,10916.0154,10916.0154
PrimClass_Evie,2012-02,696,672,10704.1743,11121.8955
PrimClass_Evie,2012-03,743,743,12258.7191,12258.7191
PrimClass_Evie,2012-04,720,716,11179.3799,11286.4736
PrimClass_Evie,2012-05,744,725,13829.9677,14487.8539
PrimClass_Evie,2012-06,720,720,10873.3802,10873.3802
PrimClass_Evie,2012-07,744,744,12826.2837,12826.2837
PrimClass_Evie,2012-08,744,683,13329.286,15614.4749
PrimClass_Evie,2012-09,720,687,12296.2882,13428.8166
PrimClass_Evie,2012-10,744,744,11852.2926,11852.2926
PrimClass_Evie,2012-11,721,721,10138.8404,10138.8404
PrimClass_Evie,2012-12,744,737,10396.8321,10475.411
PrimClass_Elijah,2012-01,744,689,7559.388,8357.9543
PrimClass_Elijah,2012-02,696,647,6584.0847,7216.8728
PrimClass_Elijah,2012-03,743,743,5264.6027,5264.6027
PrimClass_Elijah,2012-04,720,720,4883.9686,4883.9686
PrimClass_Elijah,2012-05,744,742,5881.0827,5903.6558
PrimClass_Elijah,2012-06,720,719,5751.1771,5762.6395
PrimClass_Elijah,2012-07,744,744,6198.7004,6198.7004
PrimClass_Elijah,2012-08,744,729,6913.0924,7103.6133
PrimClass_Elijah,2012-09,720,686,4672.12,4998.8015
PrimClass_Elijah,2012-10,744,744,4631.3869,4631.3869
PrimClass_Elijah,2012-11,721,721,4526.1537,4526.1537
PrimClass_Elijah,2012-12,744,739,4363.2366,4387.9582
PrimClass_Ezra,2012-01,744,689,7401.1387,8182.9888
PrimClass_Ezra,2012-02,696,647,6446.2487,7065.7896
PrimClass_Ezra,2012-03,743,743,5154.3792,5154.3792
PrimClass_Ezra,2012-04,720,720,4781.715,4781.715
PrimClass_Ezra,2012-05,744,742,5757.9633,5780.0638
PrimClass_Ezra,2012-06,720,719,5630.7758,5641.9982
PrimClass_Ezra,2012-07,744,744,6068.9401,6068.9401
PrimClass_Ezra,2012-08,744,729,6768.382,6954.9143
PrimClass_Ezra,2012-09,720,686,4574.3034,4894.1456
PrimClass_Ezra,2012-10,744,744,4534.4353,4534.4353
PrimClass_Ezra,2012-11,721,721,4431.406,4431.406
PrimClass_Ezra,2012-12,744,739,4271.9031,4296.1072
PrimClass_Edmund,2012-01,744,677,6697.6101,8051.4946
PrimClass_Edmund,2012-02,696,644,8411.0326,9397.4574
PrimClass_Edmund,2012-03,743,733,5751.844,5935.0553
PrimClass_Edmund,2012-04,720,720,4552.8196,4552.8196
PrimClass_Edmund,2012-05,744,744,5767.227,5767.227
PrimClass_Edmund,2012-06,720,720,3415.2682,3415.2682
PrimClass_Edmund,2012-07,744,744,2743.6672,2743.6672
PrimClass_Edmund,2012-08,744,744,4361.9948,4361.9948
PrimClass_Edmund,2012-09,720,719,5322.462,5340.8623
PrimClass_Edmund,2012-10,744,744,5115.9718,5115.9718
PrimClass_Edmund,2012-11,721,699,5703.3061,6155.6886
PrimClass_Edmund,2012-12,744,725,5082.0985,5337.277
PrimClass_Eva,2012-01,744,744,7137.8015,7137.8015
PrimClass_Eva,2012-02,696,672,6807.7149,7098.7568
PrimClass_Eva,2012-03,743,728,7815.2672,8248.8479
PrimClass_Eva,2012-04,720,720,6388.3289,6388.3289
PrimClass_Eva,2012-05,744,743,9636.948,9670.4212
PrimClass_Eva,2012-06,720,720,7389.7682,7389.7682
PrimClass_Eva,2012-07,744,744,6160.059,6160.059
PrimClass_Eva,2012-08,744,744,9074.8863,9074.8863
PrimClass_Eva,2012-09,720,720,15576.4105,15576.4105
PrimClass_Eva,2012-10,744,743,12307.525,12334.4419
PrimClass_Eva,2012-11,721,721,7388.3468,7388.3468
PrimClass_Eva,2012-12,744,739,7541.1541,7579.2143
PrimClass_Ebony,2012-01,744,744,12645.3513,12645.3513
PrimClass_Ebony,2012-02,696,672,12020.4015,12490.7736
PrimClass_Ebony,2012-03,743,743,14170.5586,14170.5586
PrimClass_Ebony,2012-04,720,716,12919.5767,13035.4016
PrimClass_Ebony,2012-05,744,728,15075.2917,15647.3249
PrimClass_Ebony,2012-06,720,720,13072.2591,13072.2591
PrimClass_Ebony,2012-07,744,744,14388.8788,14388.8788
PrimClass_Ebony,2012-08,744,664,13750.9711,16842.0339
PrimClass_Ebony,2012-09,720,688,13895.5638,15007.1814
PrimClass_Ebony,2012-10,744,744,12980.5349,12980.5349
PrimClass_Ebony,2012-11,721,721,11656.7799,11656.7799
PrimClass_Ebony,2012-12,744,737,11149.0946,11239.0061
PrimClass_Ethan,2012-01,744,744,5988.6344,5988.6344
PrimClass_Ethan,2012-02,696,672,5083.6265,5288.0123
PrimClass_Ethan,2012-03,743,743,5829.963,5829.963
PrimClass_Ethan,2012-04,720,720,5746.0167,5746.0167
PrimClass_Ethan,2012-05,744,724,7078.8973,7406.3448
PrimClass_Ethan,2012-06,720,686,7123.8217,7724.5914
PrimClass_Ethan,2012-07,744,705,7584.1153,8323.7241
PrimClass_Ethan,2012-08,744,738,8262.489,8357.9193
PrimClass_Ethan,2012-09,720,712,7277.5591,7412.6394
PrimClass_Ethan,2012-10,744,690,6077.3637,6601.9512
PrimClass_Ethan,2012-11,721,705,5258.7271,5398.2018
PrimClass_Ethan,2012-12,744,739,5415.2967,5446.9351
PrimClass_Elmer,2012-01,744,744,6882.8358,6882.8358
PrimClass_Elmer,2012-02,696,672,6631.2835,6894.4278
PrimClass_Elmer,2012-03,743,743,8046.8253,8046.8253
PrimClass_Elmer,2012-04,720,720,7674.075,7674.075
PrimClass_Elmer,2012-05,744,731,9306.1217,9615.7448
PrimClass_Elmer,2012-06,720,720,7527.7016,7527.7016
PrimClass_Elmer,2012-07,744,744,9234.6356,9234.6356
PrimClass_Elmer,2012-08,744,684,9449.9847,10974.8204
PrimClass_Elmer,2012-09,720,692,8651.6556,9340.5969
PrimClass_Elmer,2012-10,744,744,8249.6622,8249.6622
PrimClass_Elmer,2012-11,721,721,6756.2602,6756.2602
PrimClass_Elmer,2012-12,744,737,6829.0605,6881.3925
PrimClass_Ervin,2012-01,744,744,10921.7017,10921.7017
PrimClass_Ervin,2012-02,696,668,9627.4033,10120.73
PrimClass_Ervin,2012-03,743,743,9902.0832,9902.0832
PrimClass_Ervin,2012-04,720,720,8032.2132,8032.2132
PrimClass_Ervin,2012-05,744,739,10365.7472,10489.2764
PrimClass_Ervin,2012-06,720,695,9252.8152,9420.0364
PrimClass_Ervin,2012-07,744,731,10050.9952,10169.1511
PrimClass_Ervin,2012-08,744,744,9691.0583,9691.0583
PrimClass_Ervin,2012-09,720,720,10083.4072,10083.4072
PrimClass_Ervin,2012-10,744,744,8830.3197,8830.3197
PrimClass_Ervin,2012-11,721,721,8678.8213,8678.8213
PrimClass_Ervin,2012-12,744,738,9040.1623,9106.4215
PrimClass_Uma,2012-02,672,667,9112.0,9263.2222
PrimClass_Uma,2012-03,744,717,9568.0,10117.2539
PrimClass_Uma,2012-04,720,713,7927.0,8057.6671
PrimClass_Uma,2012-05,744,740,10801.0,10925.4026
PrimClass_Uma,2012-06,720,718,7979.0,8023.1053
PrimClass_Uma,2012-07,744,742,5975.0,5988.1429
PrimClass_Uma,2012-08,744,740,9889.0,9994.8095
PrimClass_Uma,2012-09,720,716,9522.0,9636.8421
PrimClass_Uma,2012-10,744,738,8143.0,8257.3182
PrimClass_Uma,2012-11,720,713,9766.0,9952.4667
PrimClass_Uma,2012-12,744,718,7714.0,8025.8053
PrimClass_Uma,2013-01,744,728,10016.0,10285.5974
PrimClass_Ernest,2012-01,744,744,10029.9523,10029.9523
PrimClass_Ernest,2012-02,696,672,9274.6124,9641.1374
PrimClass_Ernest,2012-03,743,743,11440.2877,11440.2877
PrimClass_Ernest,2012-04,720,720,10842.4213,10842.4213
PrimClass_Ernest,2012-05,744,743,13626.5571,13659.8146
PrimClass_Ernest,2012-06,720,720,11088.863,11088.863
PrimClass_Ernest,2012-07,744,744,14761.9851,14761.9851
PrimClass_Ernest,2012-08,744,692,13507.5596,15413.1958
PrimClass_Ernest,2012-09,720,686,11702.7197,12824.6628
PrimClass_Ernest,2012-10,744,744,11024.4098,11024.4098
PrimClass_Ernest,2012-11,721,721,8812.2582,8812.2582
PrimClass_Ernest,2012-12,744,737,8844.853,8913.4768
PrimClass_Emily,2012-01,744,743,27942.6061,28004.059
PrimClass_Emily,2012-02,696,670,26732.0945,27922.7317
PrimClass_Emily,2012-03,743,743,20136.2934,20136.2934
PrimClass_Emily,2012-04,720,720,21287.895,21287.895
PrimClass_Emily,2012-05,744,744,22757.4397,22757.4397
PrimClass_Emily,2012-06,720,720,17165.1825,17165.1825
PrimClass_Emily,2012-07,744,744,21709.3464,21709.3464
PrimClass_Emily,2012-08,744,744,26094.0484,26094.0484
PrimClass_Emily,2012-09,720,720,27729.842,27729.842
PrimClass_Emily,2012-10,744,744,30048.8354,30048.8354
PrimClass_Emily,2012-11,721,721,31884.7055,31884.7055
PrimClass_Emily,2012-12,744,735,27658.5822,28005.5414
PrimClass_Jayla,2014-12,744,716,2578.3041,2711.9255
PrimClass_Jayla,2015-01,744,687,2915.8,3397.1241
PrimClass_Jayla,2015-02,672,670,2382.0,2397.9579
PrimClass_Jayla,2015-03,743,721,2613.9,2719.3143
PrimClass_Jayla,2015-04,720,720,1936.0,1936.0
PrimClass_Jayla,2015-05,744,740,2377.0,2408.1347
PrimClass_Jayla,2015-06,720,506,1966.6,2757.0123
PrimClass_Jayla,2015-07,744,744,2283.7,2283.7
PrimClass_Jayla,2015-08,744,744,1491.6,1491.6
PrimClass_Jayla,2015-09,720,717,2855.9,2883.2632
PrimClass_Jayla,2015-10,745,722,2292.6,2383.0524
PrimClass_Jayla,2015-11,720,653,2850.3055,3129.8775
PrimClass_Janiya,2014-12,744,683,3923.7041,4314.6238
PrimClass_Janiya,2015-01,744,726,4890.9,5212.8992
PrimClass_Janiya,2015-02,672,661,4060.4,4239.8451
PrimClass_Janiya,2015-03,743,715,4412.3,4713.1959
PrimClass_Janiya,2015-04,720,720,3025.8,3025.8
PrimClass_Janiya,2015-05,744,742,3150.6,3174.03
PrimClass_Janiya,2015-06,720,506,2647.1,3692.3726
PrimClass_Janiya,2015-07,744,744,2900.1,2900.1
PrimClass_Janiya,2015-08,744,744,1425.2,1425.2
PrimClass_Janiya,2015-09,720,717,4354.6,4407.9762
PrimClass_Janiya,2015-10,745,741,3777.2,3833.5933
PrimClass_Janiya,2015-11,720,615,4215.2041,5001.6669
PrimClass_Umar,2012-02,672,586,13031.0,14565.826
PrimClass_Umar,2012-03,744,740,16249.0,16408.981
PrimClass_Umar,2012-04,720,712,13830.0,14036.0855
PrimClass_Umar,2012-05,744,742,16715.0,16808.5
PrimClass_Umar,2012-06,720,718,15572.0,15658.8
PrimClass_Umar,2012-07,744,744,11473.0,11473.0
PrimClass_Umar,2012-08,744,743,16464.0,16469.6818
PrimClass_Umar,2012-09,720,706,16596.0,16864.0234
PrimClass_Umar,2012-10,744,726,15483.0,16246.2726
PrimClass_Umar,2012-11,720,689,18244.0,19431.9842
PrimClass_Umar,2012-12,744,727,14049.0,14728.9196
PrimClass_Umar,2013-01,744,720,16906.0,17813.6861
PrimClass_Janice,2014-12,744,658,2965.4021,3615.0915
PrimClass_Janice,2015-01,744,696,4003.1,4491.6553
PrimClass_Janice,2015-02,672,631,3487.8,3962.9038
PrimClass_Janice,2015-03,743,719,3414.1,3558.5943
PrimClass_Janice,2015-04,720,720,2157.9,2157.9
PrimClass_Janice,2015-05,744,720,2094.3896,2169.16
PrimClass_Janice,2015-06,720,506,1238.2,1771.0177
PrimClass_Janice,2015-07,744,744,2102.3,2102.3
PrimClass_Janice,2015-08,744,744,2529.6,2529.6
PrimClass_Janice,2015-09,720,716,2396.7,2409.6
PrimClass_Janice,2015-10,745,744,3297.4,3309.7429
PrimClass_Janice,2015-11,720,662,3696.9055,4109.8474
PrimClass_Uriah,2012-02,672,672,17129.75,17129.75
PrimClass_Uriah,2012-03,744,744,19024.9583,19024.9583
PrimClass_Uriah,2012-04,720,720,16169.75,16169.75
PrimClass_Uriah,2012-05,744,734,19232.0833,19427.7735
PrimClass_Uriah,2012-06,720,720,16697.375,16697.375
PrimClass_Uriah,2012-07,744,744,15005.75,15005.75
PrimClass_Uriah,2012-08,744,744,19844.4167,19844.4167
PrimClass_Uriah,2012-09,720,720,19724.1667,19724.1667
PrimClass_Uriah,2012-10,744,744,18805.2917,18805.2917
PrimClass_Uriah,2012-11,720,720,19861.9167,19861.9167
PrimClass_Uriah,2012-12,744,555,12640.4226,17057.5176
PrimClass_Uriah,2013-01,744,742,17777.625,17859.0871
PrimClass_Ulysses,2012-02,672,667,17974.0,18312.1053
PrimClass_Ulysses,2012-03,744,738,19366.0,19765.981
PrimClass_Ulysses,2012-04,720,716,14144.0,14265.55
PrimClass_Ulysses,2012-05,744,740,20132.0,20372.4632
PrimClass_Ulysses,2012-06,720,713,14008.0,14224.4816
PrimClass_Ulysses,2012-07,744,743,10664.0,10671.5714
PrimClass_Ulysses,2012-08,744,738,21108.0,21452.2684
PrimClass_Ulysses,2012-09,720,715,21676.0,21950.5906
PrimClass_Ulysses,2012-10,744,738,17993.0,18281.9134
PrimClass_Ulysses,2012-11,720,714,22652.0,23106.5
PrimClass_Ulysses,2012-12,744,666,13443.0,15784.2464
PrimClass_Ulysses,2013-01,744,724,22211.0,22978.4524
PrimClass_Jaden,2014-12,744,718,4585.6795,4799.6216
PrimClass_Jaden,2015-01,744,715,5452.09,6017.7903
PrimClass_Jaden,2015-02,672,649,4165.603,4482.9354
PrimClass_Jaden,2015-03,743,729,5126.454,5285.428
PrimClass_Jaden,2015-04,720,720,3734.899,3734.899
PrimClass_Jaden,2015-05,744,744,3958.304,3958.304
PrimClass_Jaden,2015-06,720,720,3619.192,3619.192
PrimClass_Jaden,2015-07,744,744,3612.934,3612.934
PrimClass_Jaden,2015-08,744,744,1788.099,1788.099
PrimClass_Jaden,2015-09,720,719,4847.14,4864.5983
PrimClass_Jaden,2015-10,745,745,4584.58,4584.58
PrimClass_Jaden,2015-11,720,676,5399.6667,5878.1285
PrimClass_Jermaine,2014-12,744,714,3817.6041,4064.7523
PrimClass_Jermaine,2015-01,744,730,4796.6,5077.9377
PrimClass_Jermaine,2015-02,672,641,3488.4,3946.3023
PrimClass_Jermaine,2015-03,743,709,4334.5,4772.6779
PrimClass_Jermaine,2015-04,720,720,3223.1,3223.1
PrimClass_Jermaine,2015-05,744,743,3515.0,3528.75
PrimClass_Jermaine,2015-06,720,506,3012.0,4192.245
PrimClass_Jermaine,2015-07,744,744,3189.3,3189.3
PrimClass_Jermaine,2015-08,744,744,1346.8,1346.8
PrimClass_Jermaine,2015-09,720,720,4494.1,4494.1
PrimClass_Jermaine,2015-10,745,742,4169.1,4219.6619
PrimClass_Jermaine,2015-11,720,644,4421.5379,5116.3766
PrimClass_Josephine,2014-12,744,716,7559.6598,7964.5703
PrimClass_Josephine,2015-01,744,731,8948.0,9371.285
PrimClass_Josephine,2015-02,672,644,6984.3,7692.3505
PrimClass_Josephine,2015-03,743,714,8421.0,9021.6316
PrimClass_Josephine,2015-04,720,720,6374.0,6374.0
PrimClass_Josephine,2015-05,744,744,6336.6,6336.6
PrimClass_Josephine,2015-06,720,505,5611.8,7836.9331
PrimClass_Josephine,2015-07,744,744,6834.5,6834.5
PrimClass_Josephine,2015-08,744,744,2289.2,2289.2
PrimClass_Josephine,2015-09,720,720,7557.0,7557.0
PrimClass_Josephine,2015-10,745,745,6905.6,6905.6
PrimClass_Josephine,2015-11,720,672,8067.2096,8284.8096
PrimClass_Javier,2014-12,744,675,3649.3567,4260.7317
PrimClass_Javier,2015-01,744,688,4476.9,5399.5228
PrimClass_Javier,2015-02,672,642,3850.9,4239.1414
PrimClass_Javier,2015-03,743,698,4495.4,4934.3795
PrimClass_Javier,2015-04,720,662,3080.8,3371.9253
PrimClass_Javier,2015-05,744,719,3269.9,3429.9751
PrimClass_Javier,2015-06,720,501,2797.5,3900.4518
PrimClass_Javier,2015-07,744,715,3173.4,3242.6775
PrimClass_Javier,2015-08,744,701,1650.0,1698.3381
PrimClass_Javier,2015-09,720,700,4267.3,4280.4286
PrimClass_Javier,2015-10,745,740,4129.7,4147.3673
PrimClass_Javier,2015-11,720,647,4625.5407,5099.9288
PrimClass_Jeanette,2014-12,744,692,6191.168,6795.4388
PrimClass_Jeanette,2015-01,744,705,6925.7,7566.8165
PrimClass_Jeanette,2015-02,672,649,6226.4,6564.3069
PrimClass_Jeanette,2015-03,743,715,6337.6,6658.8576
PrimClass_Jeanette,2015-04,720,720,4108.5,4108.5
PrimClass_Jeanette,2015-05,744,744,3708.0,3708.0
PrimClass_Jeanette,2015-06,720,506,2242.2,3131.9355
PrimClass_Jeanette,2015-07,744,744,2533.9,2533.9
PrimClass_Jeanette,2015-08,744,744,1431.7,1431.7
PrimClass_Jeanette,2015-09,720,720,3629.2,3629.2
PrimClass_Jeanette,2015-10,745,745,3743.8,3743.8
PrimClass_Jeanette,2015-11,720,672,5198.7421,5429.4849
PrimClass_Julius,2014-12,744,744,18309.0,18309.0
PrimClass_Julius,2015-01,744,744,21810.5,21810.5
PrimClass_Julius,2015-02,672,672,19180.5,19180.5
PrimClass_Julius,2015-03,743,743,20612.8,20612.8
PrimClass_Julius,2015-04,720,696,15705.8997,16349.6949
PrimClass_Julius,2015-05,744,216,2387.7085,8437.5012
PrimClass_Julius,2015-06,720,720,20359.6,20359.6
PrimClass_Julius,2015-07,744,744,16962.0,16962.0
PrimClass_Julius,2015-08,744,744,8964.3,8964.3
PrimClass_Julius,2015-09,720,720,23792.5,23792.5
PrimClass_Julius,2015-10,745,745,22562.9,22562.9
PrimClass_Julius,2015-11,720,665,23804.1331,25049.844
PrimClass_Jaylinn,2014-12,744,707,6589.8577,7141.4053
PrimClass_Jaylinn,2015-01,744,712,7760.9,8668.193
PrimClass_Jaylinn,2015-02,672,656,6561.6,6962.7472
PrimClass_Jaylinn,2015-03,743,717,7870.9,8308.9459
PrimClass_Jaylinn,2015-04,720,720,5450.9,5450.9
PrimClass_Jaylinn,2015-05,744,744,6004.9,6004.9
PrimClass_Jaylinn,2015-06,720,506,4310.7,6021.5842
PrimClass_Jaylinn,2015-07,744,744,4693.4,4693.4
PrimClass_Jaylinn,2015-08,744,744,2385.9,2385.9
PrimClass_Jaylinn,2015-09,720,720,6757.8,6757.8
PrimClass_Jaylinn,2015-10,745,745,6949.9,6949.9
PrimClass_Jaylinn,2015-11,720,663,7702.9407,8162.0331
PrimClass_Johanna,2014-12,744,690,5629.4588,6359.3515
PrimClass_Johanna,2015-01,744,689,6470.5,7650.567
PrimClass_Johanna,2015-02,672,640,5868.8,6517.4729
PrimClass_Johanna,2015-03,743,701,6756.0,7595.1532
PrimClass_Johanna,2015-04,720,720,5306.0,5306.0
PrimClass_Johanna,2015-05,744,744,5720.5,5720.5
PrimClass_Johanna,2015-06,720,506,4614.0,6455.8404
PrimClass_Johanna,2015-07,744,744,4825.9,4825.9
PrimClass_Johanna,2015-08,744,744,2758.7,2758.7
PrimClass_Johanna,2015-09,720,720,6438.3,6438.3
PrimClass_Johanna,2015-10,745,744,6062.1,6083.4286
PrimClass_Johanna,2015-11,720,662,7028.7759,7477.4109
PrimClass_Jodie,2014-12,744,717,5842.7072,6142.9461
PrimClass_Jodie,2015-01,744,723,6743.2,7335.111
PrimClass_Jodie,2015-02,672,635,4952.3,5721.314
PrimClass_Jodie,2015-03,743,711,6642.8,7215.2883
PrimClass_Jodie,2015-04,720,719,5186.8,5204.6952
PrimClass_Jodie,2015-05,744,744,5809.1,5809.1
PrimClass_Jodie,2015-06,720,506,4601.8,6421.2014
PrimClass_Jodie,2015-07,744,744,5391.9,5391.9
PrimClass_Jodie,2015-08,744,744,3141.3,3141.3
PrimClass_Jodie,2015-09,720,720,6566.5,6566.5
PrimClass_Jodie,2015-10,745,744,6907.8,6931.2333
PrimClass_Jodie,2015-11,720,672,7043.6435,7236.072
PrimClass_Johnathan,2014-12,744,716,6936.0124,7301.2332
PrimClass_Johnathan,2015-01,744,740,8495.9,8607.3444
PrimClass_Johnathan,2015-02,672,668,7079.3,7179.308
PrimClass_Johnathan,2015-03,743,720,8349.1,8725.4928
PrimClass_Johnathan,2015-04,720,720,6632.8,6632.8
PrimClass_Johnathan,2015-05,744,721,6532.5,6630.4504
PrimClass_Johnathan,2015-06,720,506,5742.7,8004.2417
PrimClass_Johnathan,2015-07,744,744,6440.6,6440.6
PrimClass_Johnathan,2015-08,744,744,2404.5,2404.5
PrimClass_Johnathan,2015-09,720,720,6043.7,6043.7
PrimClass_Johnathan,2015-10,745,745,5510.3,5510.3
PrimClass_Johnathan,2015-11,720,672,5645.8503,5870.2218
PrimClass_Janis,2014-12,744,715,1623.9031,1715.6655
PrimClass_Janis,2015-01,744,731,2055.1,2147.9588
PrimClass_Janis,2015-02,672,664,1694.9,1746.5632
PrimClass_Janis,2015-03,743,718,1886.0,1985.0211
PrimClass_Janis,2015-04,720,720,1563.5,1563.5
PrimClass_Janis,2015-05,744,743,1730.5,1735.925
PrimClass_Janis,2015-06,720,505,1370.5,1922.8474
PrimClass_Janis,2015-07,744,744,1621.2,1621.2
PrimClass_Janis,2015-08,744,744,897.8,897.8
PrimClass_Janis,2015-09,720,719,1944.5,1951.5476
PrimClass_Janis,2015-10,745,745,1762.0,1762.0
PrimClass_Janis,2015-11,720,666,1787.3352,1875.4497
PrimClass_Jamal,2014-12,744,707,6331.3062,6923.6132
PrimClass_Jamal,2015-01,744,697,6764.1,8149.7071
PrimClass_Jamal,2015-02,672,636,5198.1,5882.0722
PrimClass_Jamal,2015-03,743,700,6538.2,7501.4943
PrimClass_Jamal,2015-04,720,720,4592.6,4592.6
PrimClass_Jamal,2015-05,744,744,5096.0,5096.0
PrimClass_Jamal,2015-06,720,506,4466.5,6194.962
PrimClass_Jamal,2015-07,744,744,4294.7,4294.7
PrimClass_Jamal,2015-08,744,744,1819.4,1819.4
PrimClass_Jamal,2015-09,720,720,6489.0,6489.0
PrimClass_Jamal,2015-10,745,745,5879.8,5879.8
PrimClass_Jamal,2015-11,720,669,6821.5379,7035.811
PrimClass_Jose,2014-12,744,692,3173.3557,3549.4918
PrimClass_Jose,2015-01,744,717,3178.3,3462.9212
PrimClass_Jose,2015-02,672,642,2755.2,3049.2678
PrimClass_Jose,2015-03,743,706,2913.4,3234.1305
PrimClass_Jose,2015-04,720,720,2426.8,2426.8
PrimClass_Jose,2015-05,744,742,2522.0,2541.7053
PrimClass_Jose,2015-06,720,506,2200.4,3071.6057
PrimClass_Jose,2015-07,744,744,2278.6,2278.6
PrimClass_Jose,2015-08,744,744,1215.8,1215.8
PrimClass_Jose,2015-09,720,720,2928.5,2928.5
PrimClass_Jose,2015-10,745,731,2698.4,2841.1674
PrimClass_Jose,2015-11,720,665,2982.0366,3160.5588
PrimClass_Julianna,2014-12,744,707,8092.0598,8781.6473
PrimClass_Julianna,2015-01,744,701,9229.0,10738.0564
PrimClass_Julianna,2015-02,672,624,7905.8,9263.6474
PrimClass_Julianna,2015-03,743,710,9672.9,10520.1646
PrimClass_Julianna,2015-04,720,720,6998.7,6998.7
PrimClass_Julianna,2015-05,744,744,7166.5,7166.5
PrimClass_Julianna,2015-06,720,506,6044.2,8419.8563
PrimClass_Julianna,2015-07,744,744,7102.5,7102.5
PrimClass_Julianna,2015-08,744,744,3007.8,3007.8
PrimClass_Julianna,2015-09,720,720,8733.4,8733.4
PrimClass_Julianna,2015-10,745,745,9095.8,9095.8
PrimClass_Julianna,2015-11,720,665,9727.1786,10231.7216
PrimClass_Jasmine,2014-12,744,696,6493.1111,7037.7502
PrimClass_Jasmine,2015-01,744,744,8046.2,8046.2
PrimClass_Jasmine,2015-02,672,671,6255.2,6278.8053
PrimClass_Jasmine,2015-03,743,721,7264.4,7568.1905
PrimClass_Jasmine,2015-04,720,720,5812.1,5812.1
PrimClass_Jasmine,2015-05,744,744,6192.5,6192.5
PrimClass_Jasmine,2015-06,720,506,4961.7,6896.4117
PrimClass_Jasmine,2015-07,744,744,5664.4,5664.4
PrimClass_Jasmine,2015-08,744,744,2457.2,2457.2
PrimClass_Jasmine,2015-09,720,720,7414.7,7414.7
PrimClass_Jasmine,2015-10,745,745,7079.1,7079.1
PrimClass_Jasmine,2015-11,720,672,7815.0773,7998.4773
PrimClass_Jazmine,2014-12,744,709,5408.9093,5820.9846
PrimClass_Jazmine,2015-01,744,710,6031.0,6801.2899
PrimClass_Jazmine,2015-02,672,639,4766.4,5253.2205
PrimClass_Jazmine,2015-03,743,720,6079.5,6347.9162
PrimClass_Jazmine,2015-04,720,720,4567.8,4567.8
PrimClass_Jazmine,2015-05,744,744,5020.1,5020.1
PrimClass_Jazmine,2015-06,720,506,4122.7,5771.7014
PrimClass_Jazmine,2015-07,744,744,4710.2,4710.2
PrimClass_Jazmine,2015-08,744,720,2379.9,2457.7556
PrimClass_Jazmine,2015-09,720,720,6113.9,6113.9
PrimClass_Jazmine,2015-10,745,741,5696.8,5770.7433
PrimClass_Jazmine,2015-11,720,666,6305.1421,6646.3035
PrimClass_Justin,2014-12,744,720,3368.7215,3502.9043
PrimClass_Justin,2015-01,744,705,3601.1,4097.6109
PrimClass_Justin,2015-02,672,578,2258.5,3010.1564
PrimClass_Justin,2015-03,743,703,3795.8,4220.2265
PrimClass_Justin,2015-04,720,720,3046.0,3046.0
PrimClass_Justin,2015-05,744,744,3145.0,3145.0
PrimClass_Justin,2015-06,720,506,2452.3,3425.4453
PrimClass_Justin,2015-07,744,744,3085.5,3085.5
PrimClass_Justin,2015-08,744,744,1840.1,1840.1
PrimClass_Justin,2015-09,720,720,3903.8,3903.8
PrimClass_Justin,2015-10,745,745,3833.3,3833.3
PrimClass_Justin,2015-11,720,671,4512.0055,4674.5792
PrimClass_Jody,2014-12,744,709,7091.3629,7634.4835
PrimClass_Jody,2015-01,744,727,8340.0,8844.7378
PrimClass_Jody,2015-02,672,664,6860.6,7069.7047
PrimClass_Jody,2015-03,743,718,7936.0,8340.7057
PrimClass_Jody,2015-04,720,719,5078.1,5096.6
PrimClass_Jody,2015-05,744,744,5748.5,5748.5
PrimClass_Jody,2015-06,720,506,4374.6,6083.1672
PrimClass_Jody,2015-07,744,744,4542.6,4542.6
PrimClass_Jody,2015-08,744,744,1659.0,1659.0
PrimClass_Jody,2015-09,720,720,6714.3,6714.3
PrimClass_Jody,2015-10,745,743,6746.3,6793.5667
PrimClass_Jody,2015-11,720,672,7459.2393,7656.7822
PrimClass_Julianne,2014-12,744,719,6085.9567,6356.7864
PrimClass_Julianne,2015-01,744,742,8028.9,8085.4667
PrimClass_Julianne,2015-02,672,669,7126.6,7203.6
PrimClass_Julianne,2015-03,743,721,7019.3,7319.2809
PrimClass_Julianne,2015-04,720,720,5075.4,5075.4
PrimClass_Julianne,2015-05,744,744,5741.1,5741.1
PrimClass_Julianne,2015-06,720,506,4823.1,6717.3919
PrimClass_Julianne,2015-07,744,744,5278.6,5278.6
PrimClass_Julianne,2015-08,744,744,2603.1,2603.1
PrimClass_Julianne,2015-09,720,720,7421.2,7421.2
PrimClass_Julianne,2015-10,745,745,6753.1,6753.1
PrimClass_Julianne,2015-11,720,671,6623.9745,6812.8307
PrimClass_Justice,2014-12,744,725,30977.7,32595.4195
PrimClass_Justice,2015-01,744,725,39685.2,42189.972
PrimClass_Justice,2015-02,672,646,32706.7,35325.4975
PrimClass_Justice,2015-03,743,731,37735.5,39142.7447
PrimClass_Justice,2015-04,720,696,26941.975,28010.8215
PrimClass_Justice,2015-05,744,216,4485.116,15721.6999
PrimClass_Justice,2015-06,720,720,32994.6,32994.6
PrimClass_Justice,2015-07,744,744,25224.3,25224.3
PrimClass_Justice,2015-08,744,744,19011.9,19011.9
PrimClass_Justice,2015-09,720,720,34541.0,34541.0
PrimClass_Justice,2015-10,745,745,33641.8,33641.8
PrimClass_Justice,2015-11,720,667,36243.3173,37939.4346
PrimClass_Jean,2014-12,744,720,7113.4588,7397.7705
PrimClass_Jean,2015-01,744,744,8934.9,8934.9
PrimClass_Jean,2015-02,672,672,7326.7,7326.7
PrimClass_Jean,2015-03,743,721,8418.7,8765.1952
PrimClass_Jean,2015-04,720,720,6601.0,6601.0
PrimClass_Jean,2015-05,744,744,6787.3,6787.3
PrimClass_Jean,2015-06,720,506,5473.3,7641.204
PrimClass_Jean,2015-07,744,744,6199.8,6199.8
PrimClass_Jean,2015-08,744,744,3459.0,3459.0
PrimClass_Jean,2015-09,720,720,7903.8,7903.8
PrimClass_Jean,2015-10,745,745,7696.8,7696.8
PrimClass_Jean,2015-11,720,672,8466.4435,8697.2149
PrimClass_Jenna,2014-12,744,599,2451.4546,3071.5202
PrimClass_Jenna,2015-01,744,694,3490.8,3965.5937
PrimClass_Jenna,2015-02,672,663,2794.6,2865.3957
PrimClass_Jenna,2015-03,743,712,3649.2,3874.8396
PrimClass_Jenna,2015-04,720,720,3260.5,3260.5
PrimClass_Jenna,2015-05,744,740,3427.3,3457.395
PrimClass_Jenna,2015-06,720,506,1783.3,2507.8293
PrimClass_Jenna,2015-07,744,721,2229.5,2279.5
PrimClass_Jenna,2015-08,744,744,1615.1,1615.1
PrimClass_Jenna,2015-09,720,720,3044.6,3044.6
PrimClass_Jenna,2015-10,745,696,2862.6,3007.6429
PrimClass_Jenna,2015-11,720,671,3234.6041,3374.7612
PrimClass_Judith,2014-12,744,688,3873.4072,4348.096
PrimClass_Judith,2015-01,744,709,4316.5,4765.9483
PrimClass_Judith,2015-02,672,664,3711.3,3801.4926
PrimClass_Judith,2015-03,743,718,3877.4,4070.119
PrimClass_Judith,2015-04,720,720,2798.1,2798.1
PrimClass_Judith,2015-05,744,744,3006.1,3006.1
PrimClass_Judith,2015-06,720,506,2233.3,3117.9002
PrimClass_Judith,2015-07,744,744,2594.3,2594.3
PrimClass_Judith,2015-08,744,744,1271.6,1271.6
PrimClass_Judith,2015-09,720,720,3437.5,3437.5
PrimClass_Judith,2015-10,745,745,3345.8,3345.8
PrimClass_Judith,2015-11,720,668,3861.3393,4060.4763
PrimClass_Jessie,2014-12,744,720,8725.5144,9073.9105
PrimClass_Jessie,2015-01,744,737,10746.2,11008.2662
PrimClass_Jessie,2015-02,672,670,9183.9,9253.4222
PrimClass_Jessie,2015-03,743,719,10232.8,10743.4143
PrimClass_Jessie,2015-04,720,720,7527.3,7527.3
PrimClass_Jessie,2015-05,744,744,7884.6,7884.6
PrimClass_Jessie,2015-06,720,506,6742.3,9407.258
PrimClass_Jessie,2015-07,744,744,7142.6,7142.6
PrimClass_Jessie,2015-08,744,744,3999.2,3999.2
PrimClass_Jessie,2015-09,720,720,9516.7,9516.7
PrimClass_Jessie,2015-10,745,745,9094.1,9094.1
PrimClass_Jessie,2015-11,720,672,10405.8786,10683.1358
PrimClass_Joselyn,2014-12,744,650,6695.6124,8221.5478
PrimClass_Joselyn,2015-01,744,739,10956.9,11178.9492
PrimClass_Joselyn,2015-02,672,661,9121.8,9542.2541
PrimClass_Joselyn,2015-03,743,715,10232.2,10931.2635
PrimClass_Joselyn,2015-04,720,720,8258.7,8258.7
PrimClass_Joselyn,2015-05,744,744,8442.2,8442.2
PrimClass_Joselyn,2015-06,720,506,6629.6,9240.5657
PrimClass_Joselyn,2015-07,744,744,6644.5,6644.5
PrimClass_Joselyn,2015-08,744,744,3475.5,3475.5
PrimClass_Joselyn,2015-09,720,720,9528.6,9528.6
PrimClass_Joselyn,2015-10,745,739,8849.8,9057.7557
PrimClass_Joselyn,2015-11,720,668,10273.4814,10691.7455
PrimClass_Judy,2014-12,744,710,3130.2031,3382.6155
PrimClass_Judy,2015-01,744,714,3820.3,4281.5278
PrimClass_Judy,2015-02,672,658,3258.3,3446.1961
PrimClass_Judy,2015-03,743,717,3716.7,3948.8151
PrimClass_Judy,2015-04,720,720,2670.5,2670.5
PrimClass_Judy,2015-05,744,720,2694.7041,2728.8282
PrimClass_Judy,2015-06,720,506,2589.0,3609.4511
PrimClass_Judy,2015-07,744,744,2685.1,2685.1
PrimClass_Judy,2015-08,744,744,996.9,996.9
PrimClass_Judy,2015-09,720,720,3623.9,3623.9
PrimClass_Judy,2015-10,745,744,3223.2,3235.9905
PrimClass_Judy,2015-11,720,671,3624.0703,3726.1616
PrimClass_Jarrett,2014-12,744,717,7285.3134,7641.514
PrimClass_Jarrett,2015-01,744,734,10425.9,10729.9579
PrimClass_Jarrett,2015-02,672,668,9493.4,9600.886
PrimClass_Jarrett,2015-03,743,718,8635.2,9066.4443
PrimClass_Jarrett,2015-04,720,720,7731.9,7731.9
PrimClass_Jarrett,2015-05,744,743,7406.0,7429.86
PrimClass_Jarrett,2015-06,720,506,5816.0,8115.593
PrimClass_Jarrett,2015-07,744,744,6223.3,6223.3
PrimClass_Jarrett,2015-08,744,744,4246.7,4246.7
PrimClass_Jarrett,2015-09,720,720,8411.3,8411.3
PrimClass_Jarrett,2015-10,745,745,8082.7,8082.7
PrimClass_Jarrett,2015-11,720,670,8442.0448,8731.9625
PrimClass_Jeannine,2014-12,744,733,45018.8,46244.0635
PrimClass_Jeannine,2015-01,744,720,49361.3,52804.0626
PrimClass_Jeannine,2015-02,672,645,39498.0,42571.0016
PrimClass_Jeannine,2015-03,743,734,47022.5,48256.5648
PrimClass_Jeannine,2015-04,720,672,33102.6948,35771.5543
PrimClass_Jeannine,2015-05,744,216,6912.3253,24226.5032
PrimClass_Jeannine,2015-06,720,720,44197.4999,44197.4999
PrimClass_Jeannine,2015-07,744,744,33281.0,33281.0
PrimClass_Jeannine,2015-08,744,744,18369.5,18369.5
PrimClass_Jeannine,2015-09,720,720,37974.1,37974.1
PrimClass_Jeannine,2015-10,745,745,38384.1999,38384.1999
PrimClass_Jeannine,2015-11,720,672,40749.442,42160.8992
PrimClass_Jeff,2014-12,744,661,3008.2557,3546.8339
PrimClass_Jeff,2015-01,744,675,3809.8,4725.7724
PrimClass_Jeff,2015-02,672,634,3397.8,3848.9635
PrimClass_Jeff,2015-03,743,710,4087.3,4414.3772
PrimClass_Jeff,2015-04,720,718,2429.0,2441.4905
PrimClass_Jeff,2015-05,744,697,2762.6567,2876.6532
PrimClass_Jeff,2015-06,720,506,2392.6,3360.565
PrimClass_Jeff,2015-07,744,744,2845.0,2845.0
PrimClass_Jeff,2015-08,744,744,1456.9,1456.9
PrimClass_Jeff,2015-09,720,720,3514.6,3514.6
PrimClass_Jeff,2015-10,745,745,3886.0,3886.0
PrimClass_Jeff,2015-11,720,654,4186.6393,4605.9911
PrimClass_Julian,2014-12,744,696,5108.7374,5732.4763
PrimClass_Julian,2015-01,744,698,5654.481,6589.7276
PrimClass_Julian,2015-02,672,636,4707.19,5338.3904
PrimClass_Julian,2015-03,743,722,5858.443,6222.0399
PrimClass_Julian,2015-04,720,720,4543.649,4543.649
PrimClass_Julian,2015-05,744,744,5045.699,5045.699
PrimClass_Julian,2015-06,720,720,4411.687,4411.687
PrimClass_Julian,2015-07,744,744,4858.832,4858.832
PrimClass_Julian,2015-08,744,744,2660.25,2660.25
PrimClass_Julian,2015-09,720,719,5897.773,5919.981
PrimClass_Julian,2015-10,745,743,5827.983,5870.3793
PrimClass_Julian,2015-11,720,663,6244.5893,6719.0158
PrimClass_Jeanine,2014-12,744,675,9053.9435,10418.0467
PrimClass_Jeanine,2015-01,744,709,10930.9,12252.7417
PrimClass_Jeanine,2015-02,672,655,9277.6,9867.0548
PrimClass_Jeanine,2015-03,743,711,10926.9,11859.2622
PrimClass_Jeanine,2015-04,720,720,8403.9,8403.9
PrimClass_Jeanine,2015-05,744,740,8914.2,9037.5305
PrimClass_Jeanine,2015-06,720,506,7599.4,10593.0037
PrimClass_Jeanine,2015-07,744,742,8009.8,8063.7143
PrimClass_Jeanine,2015-08,744,744,2797.8,2797.8
PrimClass_Jeanine,2015-09,720,718,11086.3,11174.8667
PrimClass_Jeanine,2015-10,745,741,10533.9,10681.4366
PrimClass_Jeanine,2015-11,720,672,8326.58,8637.9229
PrimClass_Jerome,2014-12,744,737,26513.8,27168.1361
PrimClass_Jerome,2015-01,744,726,32035.9,34345.6541
PrimClass_Jerome,2015-02,672,654,26744.0001,28606.8971
PrimClass_Jerome,2015-03,743,740,35081.5,35474.6846
PrimClass_Jerome,2015-04,720,696,21121.4302,21950.584
PrimClass_Jerome,2015-05,744,216,3998.6141,14199.6151
PrimClass_Jerome,2015-06,720,720,28365.8,28365.8
PrimClass_Jerome,2015-07,744,744,21323.1,21323.1
PrimClass_Jerome,2015-08,744,744,13272.7,13272.7
PrimClass_Jerome,2015-09,720,720,29109.6,29109.6
PrimClass_Jerome,2015-10,745,745,29361.4,29361.4
PrimClass_Jerome,2015-11,720,666,31393.0048,33075.2034
PrimClass_Jacqueline,2014-12,744,717,8888.7629,9342.2994
PrimClass_Jacqueline,2015-01,744,735,10723.3,11049.1221
PrimClass_Jacqueline,2015-02,672,666,8570.8,8748.0549
PrimClass_Jacqueline,2015-03,743,721,10457.2,10894.2286
PrimClass_Jacqueline,2015-04,720,720,7317.0,7317.0
PrimClass_Jacqueline,2015-05,744,744,7776.9,7776.9
PrimClass_Jacqueline,2015-06,720,506,6211.3,8664.1377
PrimClass_Jacqueline,2015-07,744,744,7418.6,7418.6
PrimClass_Jacqueline,2015-08,744,744,3487.1,3487.1
PrimClass_Jacqueline,2015-09,720,720,9339.9,9339.9
PrimClass_Jacqueline,2015-10,745,745,8489.6,8489.6
PrimClass_Jacqueline,2015-11,720,659,11771.6572,12704.8112
PrimClass_Jill,2014-12,744,712,6918.2103,7381.4411
PrimClass_Jill,2015-01,744,721,8767.4,9215.1032
PrimClass_Jill,2015-02,672,658,7386.2,7661.7368
PrimClass_Jill,2015-03,743,717,8424.8,8912.112
PrimClass_Jill,2015-04,720,720,6198.0,6198.0
PrimClass_Jill,2015-05,744,744,6060.7,6060.7
PrimClass_Jill,2015-06,720,506,5094.6,7092.6319
PrimClass_Jill,2015-07,744,744,5669.2,5669.2
PrimClass_Jill,2015-08,744,744,2992.0,2992.0
PrimClass_Jill,2015-09,720,720,8148.9,8148.9
PrimClass_Jill,2015-10,745,740,7846.1,7982.3714
PrimClass_Jill,2015-11,720,664,8225.4434,8706.9623
PrimClass_Jim,2014-12,744,720,3215.6062,3341.7792
PrimClass_Jim,2015-01,744,740,3989.1,4048.805
PrimClass_Jim,2015-02,672,665,3252.6,3338.8074
PrimClass_Jim,2015-03,743,718,3704.6,3903.274
PrimClass_Jim,2015-04,720,720,2905.9,2905.9
PrimClass_Jim,2015-05,744,744,2894.1,2894.1
PrimClass_Jim,2015-06,720,506,2696.8,3757.1565
PrimClass_Jim,2015-07,744,744,3021.2,3021.2
PrimClass_Jim,2015-08,744,744,1468.3,1468.3
PrimClass_Jim,2015-09,720,720,3620.2,3620.2
PrimClass_Jim,2015-10,745,745,3342.5,3342.5
PrimClass_Jim,2015-11,720,718,3712.4,3743.2
PrimClass_Janet,2014-12,744,694,26405.3,29174.094
PrimClass_Janet,2015-01,744,661,31954.4,38182.3821
PrimClass_Janet,2015-02,672,618,27660.0,32976.3638
PrimClass_Janet,2015-03,743,715,34981.6,38567.0191
PrimClass_Janet,2015-04,720,720,28007.6603,28007.6603
PrimClass_Janet,2015-05,744,744,13608.9397,13608.9397
PrimClass_Janet,2015-06,720,720,28113.7,28113.7
PrimClass_Janet,2015-07,744,744,23312.3,23312.3
PrimClass_Janet,2015-08,744,744,16010.8,16010.8
PrimClass_Janet,2015-09,720,720,27485.1,27485.1
PrimClass_Janet,2015-10,745,745,32795.6,32795.6
PrimClass_Janet,2015-11,720,662,36220.9041,38982.0737
PrimClass_Janie,2014-12,744,708,5302.408,5720.0099
PrimClass_Janie,2015-01,744,718,6363.392,6988.9754
PrimClass_Janie,2015-02,672,669,5612.506,5680.3488
PrimClass_Janie,2015-03,743,729,6194.749,6401.9516
PrimClass_Janie,2015-04,720,720,4517.583,4517.583
PrimClass_Janie,2015-05,744,720,4763.36,4982.2185
PrimClass_Janie,2015-06,720,719,5796.05,5818.9394
PrimClass_Janie,2015-07,744,744,4606.072,4606.072
PrimClass_Janie,2015-08,744,721,2508.139,2595.268
PrimClass_Janie,2015-09,720,719,5908.457,5932.6053
PrimClass_Janie,2015-10,745,745,5609.05,5609.05
PrimClass_Janie,2015-11,720,667,6442.9103,6741.4523
PrimClass_Jensen,2014-12,744,714,10487.2144,11132.1169
PrimClass_Jensen,2015-01,744,739,14603.4,14851.6595
PrimClass_Jensen,2015-02,672,660,12025.8,12516.5746
PrimClass_Jensen,2015-03,743,715,13251.1,14118.3263
PrimClass_Jensen,2015-04,720,720,9749.0,9749.0
PrimClass_Jensen,2015-05,744,744,10324.8,10324.8
PrimClass_Jensen,2015-06,720,506,8019.4,11154.5497
PrimClass_Jensen,2015-07,744,744,8041.8,8041.8
PrimClass_Jensen,2015-08,744,744,3585.0,3585.0
PrimClass_Jensen,2015-09,720,720,11515.8,11515.8
PrimClass_Jensen,2015-10,745,745,11125.6,11125.6
PrimClass_Jensen,2015-11,720,672,12689.7841,13055.4127
PrimClass_Jeffrey,2014-12,744,690,5320.0577,5970.9063
PrimClass_Jeffrey,2015-01,744,707,6762.2,7464.3189
PrimClass_Jeffrey,2015-02,672,625,4988.8,5693.1973
PrimClass_Jeffrey,2015-03,743,711,5441.4,5857.5139
PrimClass_Jeffrey,2015-04,720,720,3926.2,3926.2
PrimClass_Jeffrey,2015-05,744,744,3885.6,3885.6
PrimClass_Jeffrey,2015-06,720,506,2583.4,3601.7712
PrimClass_Jeffrey,2015-07,744,744,2558.6,2558.6
PrimClass_Jeffrey,2015-08,744,744,1458.1,1458.1
PrimClass_Jeffrey,2015-09,720,720,3510.2,3510.2
PrimClass_Jeffrey,2015-10,745,745,3640.2,3640.2
PrimClass_Jeffrey,2015-11,720,668,4851.3097,5056.657
PrimClass_Jennifer,2014-12,744,720,6800.9113,7068.5755
PrimClass_Jennifer,2015-01,744,744,8312.7,8312.7
PrimClass_Jennifer,2015-02,672,672,6884.9,6884.9
PrimClass_Jennifer,2015-03,743,721,8742.0,9096.0429
PrimClass_Jennifer,2015-04,720,720,7118.3,7118.3
PrimClass_Jennifer,2015-05,744,744,7108.1,7108.1
PrimClass_Jennifer,2015-06,720,506,5802.2,8083.682
PrimClass_Jennifer,2015-07,744,744,6277.1,6277.1
PrimClass_Jennifer,2015-08,744,744,3228.3,3228.3
PrimClass_Jennifer,2015-09,720,720,7978.0,7978.0
PrimClass_Jennifer,2015-10,745,744,7159.5,7184.5047
PrimClass_Jennifer,2015-11,720,671,8420.4759,8717.1094
PrimClass_Jesse,2014-12,744,720,3534.7393,3664.6218
PrimClass_Jesse,2015-01,744,744,4240.815,4240.815
PrimClass_Jesse,2015-02,672,646,5038.153,5382.7798
PrimClass_Jesse,2015-03,743,723,7556.43,7793.8999
PrimClass_Jesse,2015-04,720,720,4466.331,4466.331
PrimClass_Jesse,2015-05,744,721,4781.829,4968.4436
PrimClass_Jesse,2015-06,720,720,5411.531,5411.531
PrimClass_Jesse,2015-07,744,744,4205.184,4205.184
PrimClass_Jesse,2015-08,744,721,2051.542,2118.1151
PrimClass_Jesse,2015-09,720,720,5443.896,5443.896
PrimClass_Jesse,2015-10,745,741,5480.097,5551.2856
PrimClass_Jesse,2015-11,720,630,5452.7225,6630.5847
PrimClass_Jaxson,2014-12,744,738,46777.4,47574.0638
PrimClass_Jaxson,2015-01,744,721,52813.0001,56772.0644
PrimClass_Jaxson,2015-02,672,640,40745.7,45060.4845
PrimClass_Jaxson,2015-03,743,730,50748.7,52982.4555
PrimClass_Jaxson,2015-04,720,696,37666.7136,39204.5761
PrimClass_Jaxson,2015-05,744,216,6384.6219,22866.1046
PrimClass_Jaxson,2015-06,720,720,44184.6001,44184.6001
PrimClass_Jaxson,2015-07,744,744,37470.8,37470.8
PrimClass_Jaxson,2015-08,744,744,19986.0,19986.0
PrimClass_Jaxson,2015-09,720,720,45913.8999,45913.8999
PrimClass_Jaxson,2015-10,745,745,45691.7,45691.7
PrimClass_Jaxson,2015-11,720,672,42940.3917,44232.6203
PrimClass_Jimmie,2014-12,744,720,13109.266,13634.1917
PrimClass_Jimmie,2015-01,744,645,13912.6,19154.7768
PrimClass_Jimmie,2015-02,672,600,10713.6,13507.8367
PrimClass_Jimmie,2015-03,743,700,15539.4,17539.4453
PrimClass_Jimmie,2015-04,720,720,11100.2,11100.2
PrimClass_Jimmie,2015-05,744,744,10499.4,10499.4
PrimClass_Jimmie,2015-06,720,506,8176.4,11381.6426
PrimClass_Jimmie,2015-07,744,744,8987.2,8987.2
PrimClass_Jimmie,2015-08,744,744,5672.4,5672.4
PrimClass_Jimmie,2015-09,720,720,12284.2,12284.2
PrimClass_Jimmie,2015-10,745,745,12100.1,12100.1
PrimClass_Jimmie,2015-11,720,667,14551.9517,15208.9632
PrimClass_Jayda,2014-12,744,703,7842.8629,8668.793
PrimClass_Jayda,2015-01,744,721,10036.1,10948.3982
PrimClass_Jayda,2015-02,672,620,7807.4,9162.9847
PrimClass_Jayda,2015-03,743,696,9552.6,11061.9272
PrimClass_Jayda,2015-04,720,720,6481.6,6481.6
PrimClass_Jayda,2015-05,744,744,6657.3,6657.3
PrimClass_Jayda,2015-06,720,506,5662.7,7868.6379
PrimClass_Jayda,2015-07,744,744,5999.3,5999.3
PrimClass_Jayda,2015-08,744,744,2574.5,2574.5
PrimClass_Jayda,2015-09,720,720,8820.1,8820.1
PrimClass_Jayda,2015-10,745,745,8542.5,8542.5
PrimClass_Jayda,2015-11,720,663,8979.5069,9486.5677
PrimClass_Jocelyn,2014-12,744,706,4597.9111,4983.4887
PrimClass_Jocelyn,2015-01,744,739,5692.095,5789.2717
PrimClass_Jocelyn,2015-02,672,645,4418.516,4790.5995
PrimClass_Jocelyn,2015-03,743,721,5387.242,5719.4779
PrimClass_Jocelyn,2015-04,720,712,4330.035,4428.8539
PrimClass_Jocelyn,2015-05,744,720,4490.97,4688.4956
PrimClass_Jocelyn,2015-06,720,719,5378.541,5400.264
PrimClass_Jocelyn,2015-07,744,744,4384.31,4384.31
PrimClass_Jocelyn,2015-08,744,721,2602.63,2687.9689
PrimClass_Jocelyn,2015-09,720,718,5392.4,5435.1823
PrimClass_Jocelyn,2015-10,745,744,5010.509,5028.9762
PrimClass_Jocelyn,2015-11,720,663,5307.8087,5683.5764
PrimClass_Jeffery,2014-12,744,736,43476.2999,44382.3217
PrimClass_Jeffery,2015-01,744,711,50472.0001,55321.0947
PrimClass_Jeffery,2015-02,672,654,43180.5001,45668.2769
PrimClass_Jeffery,2015-03,743,734,49936.7,51286.4813
PrimClass_Jeffery,2015-04,720,720,37378.5876,37378.5876
PrimClass_Jeffery,2015-05,744,744,9305.8124,9305.8124
PrimClass_Jeffery,2015-06,720,720,37803.1,37803.1
PrimClass_Jeffery,2015-07,744,744,33206.4,33206.4
PrimClass_Jeffery,2015-08,744,744,25534.4,25534.4
PrimClass_Jeffery,2015-09,720,720,43955.3,43955.3
PrimClass_Jeffery,2015-10,745,745,40686.5,40686.5
PrimClass_Jeffery,2015-11,720,672,44175.5744,45797.4602
PrimClass_Jayson,2014-12,744,741,48462.7,48868.6019
PrimClass_Jayson,2015-01,744,743,58872.8,59058.6333
PrimClass_Jayson,2015-02,672,672,49923.8,49923.8
PrimClass_Jayson,2015-03,743,742,52459.1,52617.8733
PrimClass_Jayson,2015-04,720,696,39223.0827,40776.1819
PrimClass_Jayson,2015-05,744,216,7853.4333,27370.2833
PrimClass_Jayson,2015-06,720,720,53195.4,53195.4
PrimClass_Jayson,2015-07,744,744,40665.2,40665.2
PrimClass_Jayson,2015-08,744,744,25716.7,25716.7
PrimClass_Jayson,2015-09,720,720,55293.5,55293.5
PrimClass_Jayson,2015-10,745,744,52696.2,52861.0857
PrimClass_Jayson,2015-11,720,667,55580.3952,58464.7115
PrimClass_Jennie,2014-12,744,720,8972.0431,9320.2382
PrimClass_Jennie,2015-01,744,742,11256.18,11335.743
PrimClass_Jennie,2015-02,672,670,11145.62,11222.1211
PrimClass_Jennie,2015-03,743,730,11789.07,12098.6206
PrimClass_Jennie,2015-04,720,719,8688.02,8717.1448
PrimClass_Jennie,2015-05,744,721,8472.53,8818.307
PrimClass_Jennie,2015-06,720,720,10791.07,10791.07
PrimClass_Jennie,2015-07,744,744,8365.38,8365.38
PrimClass_Jennie,2015-08,744,721,4167.44,4308.7995
PrimClass_Jennie,2015-09,720,720,10224.5,10224.5
PrimClass_Jennie,2015-10,745,745,9746.43,9746.43
PrimClass_Jennie,2015-11,720,671,10492.9455,10818.3741
PrimClass_Jonathon,2014-12,744,731,41362.2,42791.5664
PrimClass_Jonathon,2015-01,744,716,50084.1001,54221.0066
PrimClass_Jonathon,2015-02,672,619,44750.4,51273.7698
PrimClass_Jonathon,2015-03,743,738,53953.0,54645.2417
PrimClass_Jonathon,2015-04,720,696,36937.8767,38348.6804
PrimClass_Jonathon,2015-05,744,216,7649.6288,26426.762
PrimClass_Jonathon,2015-06,720,720,45507.2,45507.2
PrimClass_Jonathon,2015-07,744,744,33675.5,33675.5
PrimClass_Jonathon,2015-08,744,744,27818.9,27818.9
PrimClass_Jonathon,2015-09,720,720,44465.7,44465.7
PrimClass_Jonathon,2015-10,745,745,44459.1,44459.1
PrimClass_Jonathon,2015-11,720,670,49038.6221,51378.8037
PrimClass_Jaqueline,2014-12,744,718,7640.1145,7983.8395
PrimClass_Jaqueline,2015-01,744,744,9176.7,9176.7
PrimClass_Jaqueline,2015-02,672,672,7331.6,7331.6
PrimClass_Jaqueline,2015-03,743,721,8594.0,8940.5429
PrimClass_Jaqueline,2015-04,720,720,7099.6,7099.6
PrimClass_Jaqueline,2015-05,744,744,7378.8,7378.8
PrimClass_Jaqueline,2015-06,720,601,7291.2,8840.1049
PrimClass_Jaqueline,2015-07,744,744,7122.0,7122.0
PrimClass_Jaqueline,2015-08,744,744,4343.8,4343.8
PrimClass_Jaqueline,2015-09,720,720,9568.3,9568.3
PrimClass_Jaqueline,2015-10,745,745,9311.1,9311.1
PrimClass_Jaqueline,2015-11,720,718,10555.8,10625.885
PrimClass_Jeremy,2014-12,744,711,8564.2639,9135.8803
PrimClass_Jeremy,2015-01,744,717,10461.0,11391.3704
PrimClass_Jeremy,2015-02,672,641,8060.6,8985.4787
PrimClass_Jeremy,2015-03,743,716,9952.2,10561.6548
PrimClass_Jeremy,2015-04,720,720,6800.4,6800.4
PrimClass_Jeremy,2015-05,744,744,7648.1,7648.1
PrimClass_Jeremy,2015-06,720,506,6130.0,8545.9196
PrimClass_Jeremy,2015-07,744,744,6659.4,6659.4
PrimClass_Jeremy,2015-08,744,744,3331.5,3331.5
PrimClass_Jeremy,2015-09,720,719,9214.6,9245.119
PrimClass_Jeremy,2015-10,745,745,8722.3,8722.3
PrimClass_Jeremy,2015-11,720,665,9971.3462,10486.2643
PrimClass_Josue,2014-12,744,682,6957.0598,8202.2565
PrimClass_Josue,2015-01,744,654,6493.8,9169.4406
PrimClass_Josue,2015-02,672,601,5425.1,6842.4203
PrimClass_Josue,2015-03,743,675,7067.3,9015.6159
PrimClass_Josue,2015-04,720,719,5989.4,6013.2381
PrimClass_Josue,2015-05,744,721,6178.0,6271.4105
PrimClass_Josue,2015-06,720,506,4262.2,5948.1473
PrimClass_Josue,2015-07,744,744,4784.7,4784.7
PrimClass_Josue,2015-08,744,744,2726.1,2726.1
PrimClass_Josue,2015-09,720,720,6813.9,6813.9
PrimClass_Josue,2015-10,745,745,6754.7,6754.7
PrimClass_Josue,2015-11,720,662,7491.7096,8013.4376
PrimClass_Julio,2014-12,744,704,40408.3,43584.6298
PrimClass_Julio,2015-01,744,741,45822.1999,46206.9123
PrimClass_Julio,2015-02,672,671,39330.4,39441.4632
PrimClass_Julio,2015-03,743,741,44051.9999,44289.5237
PrimClass_Julio,2015-04,720,696,30639.0014,31808.9348
PrimClass_Julio,2015-05,744,216,5562.0213,19175.2233
PrimClass_Julio,2015-06,720,720,35875.7,35875.7
PrimClass_Julio,2015-07,744,744,28558.2,28558.2
PrimClass_Julio,2015-08,744,744,19260.7,19260.7
PrimClass_Julio,2015-09,720,720,35117.5,35117.5
PrimClass_Julio,2015-10,745,745,35614.4,35614.4
PrimClass_Julio,2015-11,720,664,39719.493,42329.1309
PrimClass_Jacquelyn,2014-12,744,719,6528.4082,6808.0676
PrimClass_Jacquelyn,2015-01,744,726,7762.2,8239.5091
PrimClass_Jacquelyn,2015-02,672,652,6367.1,6716.2833
PrimClass_Jacquelyn,2015-03,743,707,7535.4,8272.3611
PrimClass_Jacquelyn,2015-04,720,720,6091.8,6091.8
PrimClass_Jacquelyn,2015-05,744,744,6182.9,6182.9
PrimClass_Jacquelyn,2015-06,720,506,4918.6,6867.5121
PrimClass_Jacquelyn,2015-07,744,744,4940.0,4940.0
PrimClass_Jacquelyn,2015-08,744,744,2729.0,2729.0
PrimClass_Jacquelyn,2015-09,720,720,7351.5,7351.5
PrimClass_Jacquelyn,2015-10,745,745,6556.2,6556.2
PrimClass_Jacquelyn,2015-11,720,671,7232.0083,7454.2402
PrimClass_Juanita,2014-12,744,720,9357.4619,9708.6238
PrimClass_Juanita,2015-01,744,744,15511.8,15511.8
PrimClass_Juanita,2015-02,672,672,14092.8,14092.8
PrimClass_Juanita,2015-03,743,721,12855.1,13343.1381
PrimClass_Juanita,2015-04,720,720,11596.8,11596.8
PrimClass_Juanita,2015-05,744,740,11328.6,11451.71
PrimClass_Juanita,2015-06,720,506,7927.6,11179.3996
PrimClass_Juanita,2015-07,744,744,8937.4,8937.4
PrimClass_Juanita,2015-08,744,744,7270.4,7270.4
PrimClass_Juanita,2015-09,720,720,10377.5,10377.5
PrimClass_Juanita,2015-10,745,745,11470.3,11470.3
PrimClass_Juanita,2015-11,720,672,12235.0773,12820.4773
PrimClass_Joel,2014-12,744,717,5535.0608,5803.0258
PrimClass_Joel,2015-01,744,736,6717.9,6898.0095
PrimClass_Joel,2015-02,672,657,5349.2,5640.1339
PrimClass_Joel,2015-03,743,710,6160.7,6680.8349
PrimClass_Joel,2015-04,720,719,4884.6,4899.8143
PrimClass_Joel,2015-05,744,744,4897.9,4897.9
PrimClass_Joel,2015-06,720,506,4254.1,5935.6282
PrimClass_Joel,2015-07,744,744,4955.4,4955.4
PrimClass_Joel,2015-08,744,744,2107.2,2107.2
PrimClass_Joel,2015-09,720,720,5873.1,5873.1
PrimClass_Joel,2015-10,745,744,5079.2,5096.6667
PrimClass_Joel,2015-11,720,667,5836.0421,6115.657
PrimClass_Joey,2014-12,744,719,67217.4865,69961.7257
PrimClass_Joey,2015-01,744,744,78332.9,78332.9
PrimClass_Joey,2015-02,672,672,67432.6,67432.6
PrimClass_Joey,2015-03,743,742,68901.0,69069.9803
PrimClass_Joey,2015-04,720,696,48837.2232,50777.2957
PrimClass_Joey,2015-05,744,216,10886.3435,39178.0788
PrimClass_Joey,2015-06,720,720,59440.7,59440.7
PrimClass_Joey,2015-07,744,744,51444.0,51444.0
PrimClass_Joey,2015-08,744,744,40796.6,40796.6
PrimClass_Joey,2015-09,720,720,74044.0,74044.0
PrimClass_Joey,2015-10,745,745,75303.0999,75303.0999
PrimClass_Joey,2015-11,720,672,76895.0545,80298.3974
PrimClass_Joanna,2014-12,744,741,48862.7,49185.3071
PrimClass_Joanna,2015-01,744,733,58361.9,59936.9334
PrimClass_Joanna,2015-02,672,654,50349.4,52659.4969
PrimClass_Joanna,2015-03,743,741,55385.4,55663.128
PrimClass_Joanna,2015-04,720,696,35453.8602,36819.1916
PrimClass_Joanna,2015-05,744,216,6775.4366,23460.4716
PrimClass_Joanna,2015-06,720,720,37720.4999,37720.4999
PrimClass_Joanna,2015-07,744,744,31027.2,31027.2
PrimClass_Joanna,2015-08,744,744,27013.7,27013.7
PrimClass_Joanna,2015-09,720,720,39850.2,39850.2
PrimClass_Joanna,2015-10,745,745,42403.7,42403.7
PrimClass_Joanna,2015-11,720,669,46354.4689,48638.9714
PrimClass_Jediah,2014-12,744,720,25171.9096,26150.56
PrimClass_Jediah,2015-01,744,744,32497.379,32497.379
PrimClass_Jediah,2015-02,672,671,28102.996,28201.7013
PrimClass_Jediah,2015-03,743,721,31721.652,32999.4164
PrimClass_Jediah,2015-04,720,720,25974.5,25974.5
PrimClass_Jediah,2015-05,744,744,27473.597,27473.597
PrimClass_Jediah,2015-06,720,510,22824.849,31742.8794
PrimClass_Jediah,2015-07,744,744,25402.9,25402.9
PrimClass_Jediah,2015-08,744,744,13867.1,13867.1
PrimClass_Jediah,2015-09,720,720,29801.845,29801.845
PrimClass_Jediah,2015-10,745,745,28936.251,28936.251
PrimClass_Jediah,2015-11,720,671,31857.283,33026.2432
PrimClass_Janelle,2014-12,744,696,5062.3546,5322.7733
PrimClass_Janelle,2015-01,744,672,6875.9,7037.9
PrimClass_Janelle,2015-02,672,648,5618.4,5667.8714
PrimClass_Janelle,2015-03,743,721,6737.6,7032.4286
PrimClass_Janelle,2015-04,720,648,3864.5,4008.62
PrimClass_Janelle,2015-05,744,744,5181.7,5181.7
PrimClass_Janelle,2015-06,720,482,4632.6,6504.6832
PrimClass_Janelle,2015-07,744,744,5173.1,5173.1
PrimClass_Janelle,2015-08,744,696,1524.4,1619.35
PrimClass_Janelle,2015-09,720,720,6172.0,6172.0
PrimClass_Janelle,2015-10,745,745,4994.3,4994.3
PrimClass_Janelle,2015-11,720,672,5838.0379,5933.9236
PrimClass_Jane,2014-12,744,732,59918.5,61599.209
PrimClass_Jane,2015-01,744,718,66666.6999,71426.5855
PrimClass_Jane,2015-02,672,648,57080.0,60753.6481
PrimClass_Jane,2015-03,743,737,64708.6,65737.8391
PrimClass_Jane,2015-04,720,720,49587.4549,49587.4549
PrimClass_Jane,2015-05,744,744,14106.945,14106.945
PrimClass_Jane,2015-06,720,720,55183.2,55183.2
PrimClass_Jane,2015-07,744,744,47137.1,47137.1
PrimClass_Jane,2015-08,744,744,34973.9,34973.9
PrimClass_Jane,2015-09,720,720,52621.7001,52621.7001
PrimClass_Jane,2015-10,745,745,53114.4999,53114.4999
PrimClass_Jane,2015-11,720,720,56178.9,56178.9
PrimClass_Jon,2014-12,744,688,8348.767,9367.6352
PrimClass_Jon,2015-01,744,682,10101.1,11823.9462
PrimClass_Jon,2015-02,672,632,9174.9,10099.2022
PrimClass_Jon,2015-03,743,697,9297.8,10456.0762
PrimClass_Jon,2015-04,720,717,6199.5,6263.4947
PrimClass_Jon,2015-05,744,739,6643.1,6750.9783
PrimClass_Jon,2015-06,720,506,4805.2,6710.3944
PrimClass_Jon,2015-07,744,744,5246.0,5246.0
PrimClass_Jon,2015-08,744,744,3006.7,3006.7
PrimClass_Jon,2015-09,720,720,7360.0,7360.0
PrimClass_Jon,2015-10,745,736,8081.8,8312.0694
PrimClass_Jon,2015-11,720,643,8943.2179,10318.0319
PrimClass_Jake,2014-12,744,691,7271.1799,8069.7931
PrimClass_Jake,2015-01,744,704,8496.474,9453.9552
PrimClass_Jake,2015-02,672,631,7226.379,7973.2044
PrimClass_Jake,2015-03,743,719,8435.749,8909.9471
PrimClass_Jake,2015-04,720,720,6581.175,6581.175
PrimClass_Jake,2015-05,744,720,6198.419,6453.4443
PrimClass_Jake,2015-06,720,720,7099.153,7099.153
PrimClass_Jake,2015-07,744,743,5809.851,5824.84
PrimClass_Jake,2015-08,744,721,3426.703,3536.6904
PrimClass_Jake,2015-09,720,720,6930.868,6930.868
PrimClass_Jake,2015-10,745,745,6712.447,6712.447
PrimClass_Jake,2015-11,720,663,7148.4932,7701.6947
PrimClass_Johnnie,2014-12,744,679,9714.8206,11087.4641
PrimClass_Johnnie,2015-01,744,694,11999.2,13724.1352
PrimClass_Johnnie,2015-02,672,623,10305.4,11470.5545
PrimClass_Johnnie,2015-03,743,691,11151.9,12702.735
PrimClass_Johnnie,2015-04,720,720,9568.0,9568.0
PrimClass_Johnnie,2015-05,744,743,9203.2,9207.4778
PrimClass_Johnnie,2015-06,720,506,5138.8,7181.4074
PrimClass_Johnnie,2015-07,744,743,6874.0,6876.9286
PrimClass_Johnnie,2015-08,744,738,4103.9,4119.6
PrimClass_Johnnie,2015-09,720,720,8563.9,8563.9
PrimClass_Johnnie,2015-10,745,745,8288.4,8288.4
PrimClass_Johnnie,2015-11,720,672,9395.7814,9700.1814
PrimClass_Johnathon,2014-12,744,702,12867.6534,14048.2229
PrimClass_Johnathon,2015-01,744,677,13957.3,16651.0505
PrimClass_Johnathon,2015-02,672,639,12668.0,13941.4275
PrimClass_Johnathon,2015-03,743,718,14531.2,15238.2448
PrimClass_Johnathon,2015-04,720,720,10656.6,10656.6
PrimClass_Johnathon,2015-05,744,744,10424.0,10424.0
PrimClass_Johnathon,2015-06,720,506,8105.5,11349.3053
PrimClass_Johnathon,2015-07,744,744,9719.3,9719.3
PrimClass_Johnathon,2015-08,744,744,5853.0,5853.0
PrimClass_Johnathon,2015-09,720,720,12282.0,12282.0
PrimClass_Johnathon,2015-10,745,745,11821.4,11821.4
PrimClass_Johnathon,2015-11,720,672,14164.6207,14648.535
PrimClass_Jamie,2014-12,744,737,96011.8,97467.5562
PrimClass_Jamie,2015-01,744,737,98171.1001,100008.1675
PrimClass_Jamie,2015-02,672,671,79864.6,80093.2
PrimClass_Jamie,2015-03,743,743,85847.6998,85847.6998
PrimClass_Jamie,2015-04,720,696,67378.5489,69936.9894
PrimClass_Jamie,2015-05,744,216,16168.7659,55678.0548
PrimClass_Jamie,2015-06,720,720,80958.6,80958.6
PrimClass_Jamie,2015-07,744,744,68278.6,68278.6
PrimClass_Jamie,2015-08,744,744,52909.5,52909.5
PrimClass_Jamie,2015-09,720,720,85936.5,85936.5
PrimClass_Jamie,2015-10,745,745,86446.3001,86446.3001
PrimClass_Jamie,2015-11,720,672,92081.1422,96668.1708
PrimClass_Jacob,2014-12,744,720,31681.4268,32874.3644
PrimClass_Jacob,2015-01,744,744,36774.9001,36774.9001
PrimClass_Jacob,2015-02,672,672,31252.8,31252.8
PrimClass_Jacob,2015-03,743,741,46970.9,47186.0505
PrimClass_Jacob,2015-04,720,696,40045.1359,41552.3091
PrimClass_Jacob,2015-05,744,216,6114.1271,21053.2476
PrimClass_Jacob,2015-06,720,720,35150.5,35150.5
PrimClass_Jacob,2015-07,744,744,31842.7,31842.7
PrimClass_Jacob,2015-08,744,744,20034.6,20034.6
PrimClass_Jacob,2015-09,720,720,34524.2,34524.2
PrimClass_Jacob,2015-10,745,745,32543.3999,32543.3999
PrimClass_Jacob,2015-11,720,672,33793.9352,35288.9923
PrimClass_Angela,2015-01,744,678,7123.6,8121.8124
PrimClass_Angela,2015-02,672,672,7776.34,7776.34
PrimClass_Angela,2015-03,744,742,7940.38,7979.2519
PrimClass_Angela,2015-04,720,694,8188.91,8316.7724
PrimClass_Angela,2015-05,744,743,9112.6,9138.2745
PrimClass_Angela,2015-06,720,720,5828.52,5828.52
PrimClass_Angela,2015-07,744,744,7993.69,7993.69
PrimClass_Angela,2015-08,744,744,10056.38,10056.38
PrimClass_Angela,2015-09,720,720,9288.76,9288.76
PrimClass_Angela,2015-10,744,744,8451.36,8451.36
PrimClass_Angela,2015-11,720,717,8651.78,8710.4115
PrimClass_Angela,2015-12,744,671,9614.46,11581.327
PrimClass_Jazmin,2014-12,744,695,10688.8984,12014.6137
PrimClass_Jazmin,2015-01,744,722,12921.57,13759.1686
PrimClass_Jazmin,2015-02,672,645,11181.0,12148.1357
PrimClass_Jazmin,2015-03,743,722,11424.19,11867.6629
PrimClass_Jazmin,2015-04,720,720,7196.09,7196.09
PrimClass_Jazmin,2015-05,744,744,6952.91,6952.91
PrimClass_Jazmin,2015-06,720,577,4564.22,5984.3674
PrimClass_Jazmin,2015-07,744,744,5796.22,5796.22
PrimClass_Jazmin,2015-08,744,744,3805.75,3805.75
PrimClass_Jazmin,2015-09,720,720,5894.86,5894.86
PrimClass_Jazmin,2015-10,745,745,5640.01,5640.01
PrimClass_Jazmin,2015-11,720,671,9490.8174,9903.4338
PrimClass_Jaiden,2014-12,744,655,7350.6031,8388.2099
PrimClass_Jaiden,2015-01,744,661,9985.8,12004.2622
PrimClass_Jaiden,2015-02,672,599,8255.1,9342.8342
PrimClass_Jaiden,2015-03,743,675,9565.5,11544.7781
PrimClass_Jaiden,2015-04,720,720,5559.4,5559.4
PrimClass_Jaiden,2015-05,744,744,4476.0,4476.0
PrimClass_Jaiden,2015-06,720,506,3727.8,5193.5336
PrimClass_Jaiden,2015-07,744,744,4021.7,4021.7
PrimClass_Jaiden,2015-08,744,744,1955.4,1955.4
PrimClass_Jaiden,2015-09,720,720,5877.7,5877.7
PrimClass_Jaiden,2015-10,745,745,4437.3,4437.3
PrimClass_Jaiden,2015-11,720,657,9791.0938,10429.8215
PrimClass_Angel,2015-01,744,703,9589.4,10249.7903
PrimClass_Angel,2015-02,672,672,8902.39,8902.39
PrimClass_Angel,2015-03,744,741,11332.15,11424.2738
PrimClass_Angel,2015-04,720,693,12477.82,12630.609
PrimClass_Angel,2015-05,744,740,13581.37,13747.3269
PrimClass_Angel,2015-06,720,719,15988.49,16029.3586
PrimClass_Angel,2015-07,744,744,18930.89,18930.89
PrimClass_Angel,2015-08,744,744,18805.46,18805.46
PrimClass_Angel,2015-09,720,720,15019.24,15019.24
PrimClass_Angel,2015-10,744,744,7354.55,7354.55
PrimClass_Angel,2015-11,720,720,3756.36,3756.36
PrimClass_Angel,2015-12,744,744,3994.67,3994.67
