uid,rank_eui_imputed,sqm,subindustry,heatingtype,coverage,peak_missing_ratio,kwh_uniform,kwh_imputed,eui_uniform,eui_imputed,in_top_k_point_estimate,p_top_sigma_0_2,flag_low_coverage,flag_month_below_80pct,flag_peak_missing_ge_1_5x,flag_eui_below_p10_check_meter_zone_or_area,flag_eui_above_p90
PrimClass_Jaiden,1,811.0,Primary/Secondary School,Electricity,0.9326,0.512,80419.7989,83230.9395,99.1613,102.6275,True,0.9985,True,True,False,False,True
PrimClass_Jazmin,2,1047.0,Primary/Secondary School,Gas,0.9645,0.8787,99073.8849,100963.2221,94.6264,96.431,True,0.999,False,False,False,False,True
PrimClass_Johnathon,3,2253.0,Primary/Secondary School,Gas,0.951,1.5757,144107.9137,146633.086,63.9627,65.0835,True,0.8835,False,True,True,False,True
PrimClass_Jacob,4,6149.0,Primary/Secondary School,Gas,0.9285,0.9803,410029.8445,400078.0639,66.6824,65.0639,True,0.8735,True,True,False,False,True
PrimClass_Jamie,5,14868.0,Primary/Secondary School,Gas,0.9298,1.0446,978768.0363,960229.3386,65.8305,64.5836,True,0.8585,True,True,False,False,True
PrimClass_Johnnie,6,1769.0,Primary/Secondary School,Gas,0.9445,2.2291,110434.1268,112490.784,62.4274,63.59,True,0.837,True,True,True,False,True
PrimClass_Jon,7,1589.0,Primary/Secondary School,Gas,0.9416,2.4343,92621.5839,95714.5285,58.2892,60.2357,True,0.7685,True,True,True,False,True
PrimClass_Jake,8,1432.0,Primary/Secondary School,Gas,0.97,2.8802,83854.4387,85247.2122,58.5576,59.5302,True,0.7445,False,False,True,False,True
PrimClass_Jane,9,11247.0,Primary/Secondary School,Gas,0.9922,4.7939,616059.6984,622420.9816,54.7755,55.3411,True,0.6265,False,False,True,False,False
PrimClass_Janelle,10,1201.0,Primary/Secondary School,Gas,0.9347,0.4693,65983.3974,64648.6501,54.9404,53.829,True,0.574,True,True,False,False,False
PrimClass_Joanna,11,9516.0,Primary/Secondary School,Gas,0.9273,1.174,517165.1063,504378.7999,54.3469,53.0032,True,0.558,True,True,False,False,False
PrimClass_Jediah,12,6382.0,Primary/Secondary School,Gas,0.9651,0.9084,335346.4173,336074.3723,52.5457,52.6597,True,0.529,False,True,False,False,False
PrimClass_Joey,13,14475.0,Primary/Secondary School,Biomass,0.9285,0.9803,774906.765,756079.3778,53.5341,52.2335,True,0.507,True,True,False,False,False
PrimClass_Josue,14,1584.0,Primary/Secondary School,Gas,0.933,2.2785,76039.2967,80555.3668,48.0046,50.8557,True,0.456,True,True,True,False,False
PrimClass_Joel,15,1295.0,Primary/Secondary School,Gas,0.9598,1.3619,64231.3903,64903.3703,49.5995,50.1184,True,0.4395,False,True,False,False,False
PrimClass_Jacquelyn,16,1597.0,Primary/Secondary School,Gas,0.9587,1.4569,77393.3342,78209.3734,48.4617,48.9727,False,0.367,False,True,False,False,False
PrimClass_Juanita,17,2844.0,Primary/Secondary School,Gas,0.9644,0.9219,137871.3247,137760.3488,48.478,48.4389,False,0.3685,False,True,False,False,False
PrimClass_Julio,18,8794.0,Primary/Secondary School,Gas,0.9253,1.268,432229.0723,421262.318,49.1505,47.9034,False,0.325,True,True,False,False,False
PrimClass_Jeremy,19,2151.0,Primary/Secondary School,Gas,0.9557,1.5197,99942.3818,101513.3871,46.4632,47.1936,False,0.3135,False,True,True,False,False
PrimClass_Jonathon,20,11285.0,Primary/Secondary School,Gas,0.92,1.5043,521428.4048,515012.2306,46.2054,45.6369,False,0.266,True,True,True,False,False
PrimClass_Jaqueline,21,2193.0,Primary/Secondary School,Gas,0.9807,1.3049,97289.9554,97722.2723,44.3639,44.561,False,0.2325,False,False,False,False,False
PrimClass_Jayson,22,12924.0,Primary/Secondary School,Gas,0.9303,1.0201,580426.3893,564811.9709,44.9107,43.7026,False,0.2105,True,True,False,False,False
PrimClass_Jimmie,23,3462.0,Primary/Secondary School,Gas,0.9424,2.3068,145006.0869,151070.3563,41.8851,43.6367,False,0.1955,True,True,True,False,False
PrimClass_Jayda,24,2215.0,Primary/Secondary School,Gas,0.9505,1.9219,93593.4032,96272.6087,42.2544,43.4639,False,0.185,False,True,True,False,False
PrimClass_Jennie,25,2692.0,Primary/Secondary School,Gas,0.9844,1.1198,115924.1984,115766.7283,43.0625,43.004,False,0.1685,False,False,False,False,False
PrimClass_Jocelyn,26,1391.0,Primary/Secondary School,Gas,0.9763,2.3739,58379.1391,59020.4651,41.9692,42.4302,False,0.148,False,False,True,False,False
PrimClass_Jeffery,27,11201.0,Primary/Secondary School,Gas,0.9868,2.8102,465272.3147,470325.7348,41.5385,41.9896,False,0.15,False,False,True,False,False
PrimClass_Jaxson,28,11955.0,Primary/Secondary School,Gas,0.9231,1.373,510610.2027,501939.3692,42.711,41.9857,False,0.162,True,True,False,False,False
PrimClass_Jeffrey,29,1281.0,Primary/Secondary School,Gas,0.9502,1.8581,51488.7495,52623.2646,40.1942,41.0798,False,0.1135,False,True,True,False,False
PrimClass_Jesse,30,1468.0,Primary/Secondary School,Gas,0.976,1.2555,59079.5606,59877.4875,40.2449,40.7885,False,0.122,False,False,False,False,False
PrimClass_Jennifer,31,2164.0,Primary/Secondary School,Gas,0.9646,0.8969,86907.9986,87057.3145,40.1608,40.2298,False,0.0995,False,True,False,False,False
PrimClass_Janet,32,8711.0,Primary/Secondary School,Gas,0.9688,3.9511,337060.5896,347216.0327,38.6937,39.8595,False,0.0905,False,False,True,False,False
PrimClass_Jensen,33,3323.0,Primary/Secondary School,Gas,0.9615,1.209,130436.6376,131170.6397,39.2527,39.4736,False,0.0845,False,True,False,False,False
PrimClass_Jim,34,1014.0,Primary/Secondary School,Gas,0.9685,1.2507,39053.7674,39385.2221,38.5146,38.8414,False,0.067,False,True,False,False,False
PrimClass_Janie,35,1691.0,Primary/Secondary School,Gas,0.9793,2.0129,64967.0316,65594.4742,38.4193,38.7903,False,0.0895,False,False,True,False,False
PrimClass_Jill,36,2238.0,Primary/Secondary School,Gas,0.9578,1.5288,85335.925,86021.1587,38.1304,38.4366,False,0.058,False,True,True,False,False
PrimClass_Jerome,37,8255.0,Primary/Secondary School,Gas,0.9256,1.2574,322310.1429,316253.3744,39.0442,38.3105,False,0.06,True,True,False,False,False
PrimClass_Jeff,38,1086.0,Primary/Secondary School,Gas,0.937,2.1711,40317.08,41523.1468,37.1244,38.2349,False,0.062,True,True,True,False,False
PrimClass_Jeanine,39,2991.0,Primary/Secondary School,Gas,0.9513,1.7737,111285.7696,113787.2801,37.2069,38.0432,False,0.054,False,True,True,False,False
PrimClass_Jacqueline,40,2777.0,Primary/Secondary School,Gas,0.9613,1.2301,104495.971,105231.7539,37.6291,37.894,False,0.0475,False,True,False,False,False
PrimClass_Julian,41,1737.0,Primary/Secondary School,Gas,0.9759,3.1352,62320.4103,63912.1273,35.8782,36.7945,False,0.0455,False,False,True,False,False
PrimClass_Jeannine,42,12732.0,Primary/Secondary School,Gas,0.9207,1.3591,471260.1525,464240.949,37.0138,36.4625,False,0.0425,True,True,False,False,False
PrimClass_Judy,43,1065.0,Primary/Secondary School,Gas,0.9553,1.4185,37720.8421,38335.9859,35.4186,35.9962,False,0.039,False,True,False,False,False
PrimClass_Joselyn,44,2961.0,Primary/Secondary School,Gas,0.9532,1.8476,103975.3185,105213.5815,35.1149,35.5331,False,0.0335,False,True,True,False,False
PrimClass_Jarrett,45,2708.0,Primary/Secondary School,Gas,0.9622,1.1443,95820.368,96012.1177,35.3842,35.455,False,0.0275,False,True,False,False,False
PrimClass_Judith,46,1205.0,Primary/Secondary School,Gas,0.9555,1.6716,40112.4759,40617.4324,33.2884,33.7074,False,0.0185,False,True,True,False,False
PrimClass_Jenna,47,1078.0,Primary/Secondary School,Gas,0.9345,1.336,36216.6594,36324.6776,33.5962,33.6964,False,0.0165,True,True,False,False,False
PrimClass_Jessie,48,3157.0,Primary/Secondary School,Gas,0.9636,1.0067,105025.6575,105333.907,33.2676,33.3652,False,0.015,False,True,False,False,False
PrimClass_Jean,49,2678.0,Primary/Secondary School,Gas,0.9648,0.8715,87456.1444,87410.6846,32.6573,32.6403,False,0.0085,False,True,False,False,False
PrimClass_Justice,50,11710.0,Primary/Secondary School,Gas,0.9223,1.408,384044.6328,376339.1897,32.7963,32.1383,False,0.009,True,True,False,False,False
PrimClass_Justin,51,1303.0,Primary/Secondary School,Gas,0.9475,2.0216,40994.8232,41784.6226,31.4619,32.068,False,0.0075,True,True,True,False,False
PrimClass_Jazmine,52,2061.0,Primary/Secondary School,Gas,0.9519,1.651,64292.1931,65281.915,31.1947,31.6749,False,0.007,False,True,True,False,False
PrimClass_Jody,53,2418.0,Primary/Secondary School,Gas,0.96,1.3423,75569.9495,76184.1478,31.2531,31.5071,False,0.0065,False,True,False,False,False
PrimClass_Julianne,54,2403.0,Primary/Secondary School,Gas,0.964,0.9588,75287.5904,75367.8566,31.3307,31.3641,False,0.0065,False,True,False,False,False
PrimClass_Julianna,55,3211.0,Primary/Secondary School,Gas,0.9509,1.9847,97564.9873,100059.7936,30.3846,31.1616,False,0.0045,False,True,True,False,False
PrimClass_Jasmine,56,2555.0,Primary/Secondary School,Gas,0.962,0.9214,78437.3835,78445.835,30.6996,30.7029,False,0.003,False,True,False,False,False
PrimClass_Jose,57,1123.0,Primary/Secondary School,Gas,0.9508,1.9909,32891.0626,33760.5485,29.2886,30.0628,False,0.004,False,True,True,False,False
PrimClass_Jamal,58,2335.0,Primary/Secondary School,Gas,0.9511,1.9712,67593.7708,69859.1598,28.9481,29.9183,False,0.003,False,True,True,False,False
PrimClass_Jodie,59,2570.0,Primary/Secondary School,Gas,0.9565,1.6232,71959.6004,73116.6613,27.9998,28.4501,False,0.0015,False,True,True,False,False
PrimClass_Janis,60,736.0,Primary/Secondary School,Gas,0.9605,1.2052,20757.0962,20925.4783,28.2026,28.4314,False,0.003,False,True,False,False,False
PrimClass_Johnathan,61,2815.0,Primary/Secondary School,Gas,0.9607,0.9616,78912.0938,79350.1923,28.0327,28.1883,False,0.0015,False,True,False,False,False
PrimClass_Johanna,62,2619.0,Primary/Secondary School,Gas,0.9479,2.1448,71184.5308,73188.6245,27.18,27.9453,False,0.0025,True,True,True,False,False
PrimClass_Jaylinn,63,2939.0,Primary/Secondary School,Gas,0.9564,1.6314,76369.9878,77507.7087,25.985,26.3721,False,0.0005,False,True,True,False,False
PrimClass_Javier,64,1877.0,Primary/Secondary School,Gas,0.9233,1.8763,47078.1737,48004.8679,25.0816,25.5753,False,0.0,True,True,True,False,False
PrimClass_Jeanette,65,2182.0,Primary/Secondary School,Gas,0.9539,1.768,54804.4199,55301.9402,25.1166,25.3446,False,0.0,False,True,True,False,False
PrimClass_Julius,66,8866.0,Primary/Secondary School,Gas,0.9307,0.9952,230418.0216,222391.1401,25.9889,25.0836,False,0.0005,True,True,False,False,False
PrimClass_Jermaine,67,2154.0,Primary/Secondary School,Gas,0.954,1.7963,45920.5992,47172.0037,21.3188,21.8997,False,0.0,False,True,True,True,False
PrimClass_Josephine,68,3984.0,Primary/Secondary School,Gas,0.9588,1.4473,85408.5601,86468.4801,21.4379,21.7039,False,0.0,False,True,False,True,False
PrimClass_Jaden,69,2572.0,Primary/Secondary School,Gas,0.9844,2.9391,51682.9244,52626.5101,20.0944,20.4613,False,0.0,False,False,True,True,False
PrimClass_Janice,70,2152.0,Primary/Secondary School,Gas,0.9429,0.8629,35404.6082,36187.4129,16.452,16.8157,False,0.0,True,True,False,True,False
PrimClass_Janiya,71,2937.0,Primary/Secondary School,Gas,0.9491,1.5585,45078.1847,45941.303,15.3484,15.6423,False,0.0,True,True,True,True,False
PrimClass_Jayla,72,2132.0,Primary/Secondary School,Gas,0.9521,1.5407,29981.1626,30498.9619,14.0625,14.3053,False,0.0,False,True,True,True,False
PrimClass_Jaylin,73,4373.0,Primary/Secondary School,Gas,0.9285,2.8639,18610.2329,19782.6248,4.2557,4.5238,False,0.0,True,True,True,True,False
PrimClass_Jolie,74,2927.0,Primary/Secondary School,Gas,0.9492,2.0575,10867.5127,11275.9156,3.7129,3.8524,False,0.0,True,True,True,True,False
