building_id,city_id,object_type,data_class,floor_area_m2,area_source,days_with_value,window_days,metering_coverage_weighted,kwh_window,eui_window,eui_is_annual,confidence,reasons_not_ranked,flags
bdg1:PrimClass_Jacob,gb.unknown,school,real,6149.0,dataset_metadata,365,365,0.9285,380728.625,61.9172,True,medium,,AREA_SOURCE_WEAK;LOW_ROW_COVERAGE
bdg1:PrimClass_Jacqueline,gb.unknown,school,real,2777.0,dataset_metadata,365,365,0.9613,100452.1201,36.1729,True,medium,,AREA_SOURCE_WEAK;LOW_ROW_COVERAGE
bdg1:PrimClass_Jacquelyn,gb.unknown,school,real,1597.0,dataset_metadata,365,365,0.9587,74195.1165,46.4591,True,medium,,AREA_SOURCE_WEAK;LOW_ROW_COVERAGE
bdg1:PrimClass_Jaden,gb.unknown,school,real,2572.0,dataset_metadata,365,365,0.9844,50874.6412,19.7802,True,medium,,AREA_SOURCE_WEAK
bdg1:PrimClass_Jaiden,gb.unknown,school,real,811.0,dataset_metadata,365,365,0.9326,75003.3969,92.4826,True,medium,,AREA_SOURCE_WEAK;LOW_ROW_COVERAGE
bdg1:PrimClass_Jake,gb.unknown,school,real,1432.0,dataset_metadata,365,365,0.97,81336.8911,56.7995,True,medium,,AREA_SOURCE_WEAK
bdg1:PrimClass_Jamal,gb.unknown,school,real,2335.0,dataset_metadata,365,365,0.9511,64291.2441,27.5337,True,medium,,AREA_SOURCE_WEAK;LOW_ROW_COVERAGE
bdg1:PrimClass_Jamie,gb.unknown,school,real,14868.0,dataset_metadata,365,365,0.9298,910053.157,61.2088,True,medium,,AREA_SOURCE_WEAK;LOW_ROW_COVERAGE
bdg1:PrimClass_Jane,gb.unknown,school,real,11247.0,dataset_metadata,365,365,0.9922,611277.4998,54.3503,True,medium,,AREA_SOURCE_WEAK
bdg1:PrimClass_Janelle,gb.unknown,school,real,1201.0,dataset_metadata,365,365,0.9347,61674.8925,51.3529,True,medium,,AREA_SOURCE_WEAK;LOW_ROW_COVERAGE
bdg1:PrimClass_Janet,gb.unknown,school,real,8711.0,dataset_metadata,365,365,0.9688,326556.3041,37.4878,True,medium,,AREA_SOURCE_WEAK
bdg1:PrimClass_Janice,gb.unknown,school,real,2152.0,dataset_metadata,365,365,0.9429,33383.7972,15.5129,True,medium,,AREA_SOURCE_WEAK;LOW_ROW_COVERAGE
bdg1:PrimClass_Janie,gb.unknown,school,real,1691.0,dataset_metadata,365,365,0.9793,63624.6763,37.6255,True,medium,,AREA_SOURCE_WEAK
bdg1:PrimClass_Janis,gb.unknown,school,real,736.0,dataset_metadata,365,365,0.9605,19937.2383,27.0886,True,medium,,AREA_SOURCE_WEAK;LOW_ROW_COVERAGE
bdg1:PrimClass_Janiya,gb.unknown,school,real,2937.0,dataset_metadata,365,365,0.9491,42783.1082,14.5669,True,medium,,AREA_SOURCE_WEAK;LOW_ROW_COVERAGE
bdg1:PrimClass_Jaqueline,gb.unknown,school,real,2193.0,dataset_metadata,365,365,0.9807,95413.0145,43.508,True,medium,,AREA_SOURCE_WEAK
bdg1:PrimClass_Jarrett,gb.unknown,school,real,2708.0,dataset_metadata,365,365,0.9622,92199.7582,34.0472,True,medium,,AREA_SOURCE_WEAK;LOW_ROW_COVERAGE
bdg1:PrimClass_Jasmine,gb.unknown,school,real,2555.0,dataset_metadata,365,365,0.962,75455.6884,29.5326,True,medium,,AREA_SOURCE_WEAK;LOW_ROW_COVERAGE
bdg1:PrimClass_Javier,gb.unknown,school,real,1877.0,dataset_metadata,365,365,0.9233,43466.6974,23.1575,True,medium,,AREA_SOURCE_WEAK;LOW_ROW_COVERAGE
bdg1:PrimClass_Jaxson,gb.unknown,school,real,11955.0,dataset_metadata,365,365,0.9231,471323.5273,39.4248,True,medium,,AREA_SOURCE_WEAK;LOW_ROW_COVERAGE
bdg1:PrimClass_Jayda,gb.unknown,school,real,2215.0,dataset_metadata,365,365,0.9504,88956.4698,40.1609,True,medium,,AREA_SOURCE_WEAK;LOW_ROW_COVERAGE
bdg1:PrimClass_Jayla,gb.unknown,school,real,2132.0,dataset_metadata,365,365,0.952,28543.7096,13.3882,True,medium,,AREA_SOURCE_WEAK;LOW_ROW_COVERAGE
bdg1:PrimClass_Jaylin,gb.unknown,school,real,4373.0,dataset_metadata,365,365,0.9285,17280.3236,3.9516,True,medium,,AREA_SOURCE_WEAK;LOW_ROW_COVERAGE
bdg1:PrimClass_Jaylinn,gb.unknown,school,real,2939.0,dataset_metadata,365,365,0.9564,73039.6984,24.8519,True,medium,,AREA_SOURCE_WEAK;LOW_ROW_COVERAGE
bdg1:PrimClass_Jayson,gb.unknown,school,real,12924.0,dataset_metadata,365,365,0.9303,539942.3112,41.7783,True,medium,,AREA_SOURCE_WEAK;LOW_ROW_COVERAGE
bdg1:PrimClass_Jazmin,gb.unknown,school,real,1047.0,dataset_metadata,365,365,0.9645,95556.5358,91.267,True,medium,,AREA_SOURCE_WEAK
bdg1:PrimClass_Jazmine,gb.unknown,school,real,2061.0,dataset_metadata,365,365,0.9519,61202.3514,29.6955,True,medium,,AREA_SOURCE_WEAK;LOW_ROW_COVERAGE
bdg1:PrimClass_Jean,gb.unknown,school,real,2678.0,dataset_metadata,365,365,0.9648,84381.2023,31.509,True,medium,,AREA_SOURCE_WEAK;LOW_ROW_COVERAGE
bdg1:PrimClass_Jeanette,gb.unknown,school,real,2182.0,dataset_metadata,365,365,0.9539,52276.9101,23.9583,True,medium,,AREA_SOURCE_WEAK;LOW_ROW_COVERAGE
bdg1:PrimClass_Jeanine,gb.unknown,school,real,2991.0,dataset_metadata,365,365,0.9512,105861.2235,35.3933,True,medium,,AREA_SOURCE_WEAK;LOW_ROW_COVERAGE
bdg1:PrimClass_Jeannine,gb.unknown,school,real,12732.0,dataset_metadata,365,365,0.9206,433871.3619,34.0772,True,medium,,AREA_SOURCE_WEAK;LOW_ROW_COVERAGE
bdg1:PrimClass_Jediah,gb.unknown,school,real,6382.0,dataset_metadata,365,365,0.9651,323632.2616,50.7102,True,medium,,AREA_SOURCE_WEAK;LOW_ROW_COVERAGE
bdg1:PrimClass_Jeff,gb.unknown,school,real,1086.0,dataset_metadata,365,365,0.937,37776.5517,34.785,True,medium,,AREA_SOURCE_WEAK;LOW_ROW_COVERAGE
bdg1:PrimClass_Jeffery,gb.unknown,school,real,11201.0,dataset_metadata,365,365,0.9867,459111.1745,40.9884,True,medium,,AREA_SOURCE_WEAK
bdg1:PrimClass_Jeffrey,gb.unknown,school,real,1281.0,dataset_metadata,365,365,0.9502,48926.0674,38.1937,True,medium,,AREA_SOURCE_WEAK;LOW_ROW_COVERAGE
bdg1:PrimClass_Jenna,gb.unknown,school,real,1078.0,dataset_metadata,365,365,0.9345,33843.5587,31.3948,True,medium,,AREA_SOURCE_WEAK;LOW_ROW_COVERAGE
bdg1:PrimClass_Jennie,gb.unknown,school,real,2692.0,dataset_metadata,365,365,0.9843,114111.2286,42.389,True,medium,,AREA_SOURCE_WEAK
bdg1:PrimClass_Jennifer,gb.unknown,school,real,2164.0,dataset_metadata,365,365,0.9646,83832.4872,38.7396,True,medium,,AREA_SOURCE_WEAK;LOW_ROW_COVERAGE
bdg1:PrimClass_Jensen,gb.unknown,school,real,3323.0,dataset_metadata,365,365,0.9615,125418.6985,37.7426,True,medium,,AREA_SOURCE_WEAK;LOW_ROW_COVERAGE
bdg1:PrimClass_Jeremy,gb.unknown,school,real,2151.0,dataset_metadata,365,365,0.9557,95515.7101,44.4053,True,medium,,AREA_SOURCE_WEAK;LOW_ROW_COVERAGE
bdg1:PrimClass_Jermaine,gb.unknown,school,real,2154.0,dataset_metadata,365,365,0.954,43808.042,20.338,True,medium,,AREA_SOURCE_WEAK;LOW_ROW_COVERAGE
bdg1:PrimClass_Jerome,gb.unknown,school,real,8255.0,dataset_metadata,365,365,0.9256,298320.8492,36.1382,True,medium,,AREA_SOURCE_WEAK;LOW_ROW_COVERAGE
bdg1:PrimClass_Jesse,gb.unknown,school,real,1468.0,dataset_metadata,365,365,0.976,57663.2698,39.2802,True,medium,,AREA_SOURCE_WEAK
bdg1:PrimClass_Jessie,gb.unknown,school,real,3157.0,dataset_metadata,365,365,0.9636,101201.093,32.0561,True,medium,,AREA_SOURCE_WEAK;LOW_ROW_COVERAGE
bdg1:PrimClass_Jill,gb.unknown,school,real,2238.0,dataset_metadata,365,365,0.9578,81731.5537,36.5199,True,medium,,AREA_SOURCE_WEAK;LOW_ROW_COVERAGE
bdg1:PrimClass_Jim,gb.unknown,school,real,1014.0,dataset_metadata,365,365,0.9685,37823.3062,37.3011,True,medium,,AREA_SOURCE_WEAK;LOW_ROW_COVERAGE
bdg1:PrimClass_Jimmie,gb.unknown,school,real,3462.0,dataset_metadata,365,365,0.9423,136646.7177,39.4705,True,medium,,AREA_SOURCE_WEAK;LOW_ROW_COVERAGE
bdg1:PrimClass_Joanna,gb.unknown,school,real,9516.0,dataset_metadata,365,365,0.9273,479558.4656,50.395,True,medium,,AREA_SOURCE_WEAK;LOW_ROW_COVERAGE
bdg1:PrimClass_Jocelyn,gb.unknown,school,real,1391.0,dataset_metadata,365,365,0.9762,56992.9678,40.9727,True,medium,,AREA_SOURCE_WEAK
bdg1:PrimClass_Jodie,gb.unknown,school,real,2570.0,dataset_metadata,365,365,0.9565,68829.8507,26.782,True,medium,,AREA_SOURCE_WEAK;LOW_ROW_COVERAGE
bdg1:PrimClass_Jody,gb.unknown,school,real,2418.0,dataset_metadata,365,365,0.9601,72550.6022,30.0044,True,medium,,AREA_SOURCE_WEAK;LOW_ROW_COVERAGE
bdg1:PrimClass_Joel,gb.unknown,school,real,1295.0,dataset_metadata,365,365,0.9598,61650.4029,47.6065,True,medium,,AREA_SOURCE_WEAK;LOW_ROW_COVERAGE
bdg1:PrimClass_Joey,gb.unknown,school,real,14475.0,dataset_metadata,365,365,0.9285,719531.0076,49.7085,True,medium,,AREA_SOURCE_WEAK;LOW_ROW_COVERAGE
bdg1:PrimClass_Johanna,gb.unknown,school,real,2619.0,dataset_metadata,365,365,0.9479,67479.0347,25.7652,True,medium,,AREA_SOURCE_WEAK;LOW_ROW_COVERAGE
bdg1:PrimClass_Johnathan,gb.unknown,school,real,2815.0,dataset_metadata,365,365,0.9607,75813.2627,26.9319,True,medium,,AREA_SOURCE_WEAK;LOW_ROW_COVERAGE
bdg1:PrimClass_Johnathon,gb.unknown,school,real,2253.0,dataset_metadata,365,365,0.951,137050.5741,60.8303,True,medium,,AREA_SOURCE_WEAK;LOW_ROW_COVERAGE
bdg1:PrimClass_Johnnie,gb.unknown,school,real,1769.0,dataset_metadata,365,365,0.9445,104307.302,58.964,True,medium,,AREA_SOURCE_WEAK;LOW_ROW_COVERAGE
bdg1:PrimClass_Jolie,gb.unknown,school,real,2927.0,dataset_metadata,365,365,0.9492,10315.453,3.5242,True,medium,,AREA_SOURCE_WEAK;LOW_ROW_COVERAGE
bdg1:PrimClass_Jon,gb.unknown,school,real,1589.0,dataset_metadata,365,365,0.9416,87208.0849,54.8824,True,medium,,AREA_SOURCE_WEAK;LOW_ROW_COVERAGE
bdg1:PrimClass_Jonathon,gb.unknown,school,real,11285.0,dataset_metadata,365,365,0.92,479702.2277,42.508,True,medium,,AREA_SOURCE_WEAK;LOW_ROW_COVERAGE
bdg1:PrimClass_Jose,gb.unknown,school,real,1123.0,dataset_metadata,365,365,0.9508,31272.7923,27.8475,True,medium,,AREA_SOURCE_WEAK;LOW_ROW_COVERAGE
bdg1:PrimClass_Joselyn,gb.unknown,school,real,2961.0,dataset_metadata,365,365,0.9532,99108.8938,33.4714,True,medium,,AREA_SOURCE_WEAK;LOW_ROW_COVERAGE
bdg1:PrimClass_Josephine,gb.unknown,school,real,3984.0,dataset_metadata,365,365,0.9588,81888.8694,20.5544,True,medium,,AREA_SOURCE_WEAK;LOW_ROW_COVERAGE
bdg1:PrimClass_Josue,gb.unknown,school,real,1584.0,dataset_metadata,365,365,0.933,70943.9694,44.7879,True,medium,,AREA_SOURCE_WEAK;LOW_ROW_COVERAGE
bdg1:PrimClass_Juanita,gb.unknown,school,real,2844.0,dataset_metadata,365,365,0.9644,132960.8392,46.7513,True,medium,,AREA_SOURCE_WEAK;LOW_ROW_COVERAGE
bdg1:PrimClass_Judith,gb.unknown,school,real,1205.0,dataset_metadata,365,365,0.9555,38326.6465,31.8063,True,medium,,AREA_SOURCE_WEAK;LOW_ROW_COVERAGE
bdg1:PrimClass_Judy,gb.unknown,school,real,1065.0,dataset_metadata,365,365,0.9552,36032.8775,33.8337,True,medium,,AREA_SOURCE_WEAK;LOW_ROW_COVERAGE
bdg1:PrimClass_Julian,gb.unknown,school,real,1737.0,dataset_metadata,365,365,0.9759,60819.3137,35.014,True,medium,,AREA_SOURCE_WEAK
bdg1:PrimClass_Julianna,gb.unknown,school,real,3211.0,dataset_metadata,365,365,0.9509,92775.8384,28.8931,True,medium,,AREA_SOURCE_WEAK;LOW_ROW_COVERAGE
bdg1:PrimClass_Julianne,gb.unknown,school,real,2403.0,dataset_metadata,365,365,0.964,72580.3312,30.204,True,medium,,AREA_SOURCE_WEAK;LOW_ROW_COVERAGE
bdg1:PrimClass_Julio,gb.unknown,school,real,8794.0,dataset_metadata,365,365,0.9253,399959.9155,45.481,True,medium,,AREA_SOURCE_WEAK;LOW_ROW_COVERAGE
bdg1:PrimClass_Julius,gb.unknown,school,real,8866.0,dataset_metadata,365,365,0.9307,214451.8413,24.1881,True,medium,,AREA_SOURCE_WEAK;LOW_ROW_COVERAGE
bdg1:PrimClass_Justice,gb.unknown,school,real,11710.0,dataset_metadata,365,365,0.9223,354189.1083,30.2467,True,medium,,AREA_SOURCE_WEAK;LOW_ROW_COVERAGE
bdg1:PrimClass_Justin,gb.unknown,school,real,1303.0,dataset_metadata,365,365,0.9475,38842.127,29.8098,True,medium,,AREA_SOURCE_WEAK;LOW_ROW_COVERAGE
