route,direction,window,day_type,days,n_headways,pooled_H_min,pooled_cv,median_daily_cv,ptal_wait_min,pooled_formula_wait_min,daily_median_wait_min,day_equal_mean_wait_min,time_weighted_wait_min,excess_between_days_min,excess_within_day_min
10,1,06:00-09:00,all,48,555,16.293,0.895,0.804,10.146,14.674,12.94,14.962,14.961,0.487,6.328
10,1,06:00-09:00,weekday,35,407,16.231,0.94,0.807,10.116,15.29,13.216,15.562,15.561,0.609,6.836
10,1,06:00-09:00,weekend,13,148,16.462,0.761,0.679,10.231,13.002,12.894,13.347,13.347,0.156,4.961
10,1,09:00-16:00,all,48,1500,13.282,0.755,0.696,8.641,10.425,9.823,10.434,10.455,0.141,3.672
10,1,09:00-16:00,weekday,35,1118,12.913,0.795,0.719,8.457,10.538,9.795,10.551,10.582,0.138,3.988
10,1,09:00-16:00,weekend,13,382,14.362,0.641,0.606,9.181,10.128,9.896,10.116,10.116,0.1,2.835
10,1,16:00-19:00,all,46,507,16.894,0.989,0.731,10.447,16.705,11.619,16.377,16.407,1.517,6.442
10,1,16:00-19:00,weekday,33,349,17.586,1.031,0.729,10.793,18.131,11.799,18.003,18.057,1.786,7.477
10,1,16:00-19:00,weekend,13,158,15.367,0.84,0.743,9.683,13.1,10.528,12.249,12.249,0.732,3.833
10,1,19:00-23:00,all,46,410,15.036,0.766,0.647,9.518,11.932,10.384,11.921,12.232,0.552,4.161
10,1,19:00-23:00,weekday,33,313,14.279,0.826,0.713,9.139,12.006,10.366,12.058,12.13,0.581,4.41
10,1,19:00-23:00,weekend,13,97,17.48,0.586,0.473,10.74,11.738,10.783,11.573,12.497,0.248,3.51
10,2,06:00-09:00,all,49,626,14.832,0.893,0.818,9.416,13.328,12.342,13.628,13.628,0.48,5.733
10,2,06:00-09:00,weekday,35,454,14.6,0.893,0.814,9.3,13.127,11.945,13.432,13.432,0.604,5.528
10,2,06:00-09:00,weekend,14,172,15.447,0.889,0.84,9.724,13.828,13.342,14.121,14.121,0.152,6.245
10,2,09:00-16:00,all,49,1449,14.214,0.806,0.71,9.107,11.725,9.979,11.33,11.358,0.176,4.076
10,2,09:00-16:00,weekday,35,1048,14.027,0.854,0.723,9.014,12.128,10.428,11.567,11.611,0.18,4.418
10,2,09:00-16:00,weekend,14,401,14.704,0.677,0.632,9.352,10.719,9.557,10.735,10.735,0.153,3.231
10,2,16:00-19:00,all,48,483,17.367,0.839,0.634,10.684,14.802,12.098,15.03,15.111,0.614,5.813
10,2,16:00-19:00,weekday,34,343,16.713,0.746,0.604,10.356,13.009,11.6,13.753,13.797,0.578,4.863
10,2,16:00-19:00,weekend,14,140,18.97,0.984,0.821,11.485,18.673,13.957,18.13,18.13,0.645,8.001
10,2,19:00-23:00,all,47,342,19.236,0.853,0.642,11.618,16.613,15.337,16.198,16.547,1.688,5.241
10,2,19:00-23:00,weekday,33,241,19.914,0.893,0.726,11.957,17.899,15.514,17.393,17.629,2.067,5.604
10,2,19:00-23:00,weekend,14,101,17.617,0.701,0.63,10.808,13.143,11.326,13.38,13.791,0.667,4.315
12,1,06:00-09:00,all,51,421,23.093,0.947,0.848,13.547,21.892,19.951,22.682,22.682,0.68,10.455
12,1,06:00-09:00,weekday,37,313,22.412,0.904,0.798,13.206,20.359,19.08,21.041,21.041,0.545,9.291
12,1,06:00-09:00,weekend,14,108,25.068,1.031,0.952,14.534,25.865,23.002,27.016,27.016,0.949,13.534
12,1,09:00-16:00,all,51,1349,15.908,0.599,0.529,9.954,10.811,9.94,10.753,10.753,0.178,2.622
12,1,09:00-16:00,weekday,37,1024,15.294,0.638,0.56,9.647,10.765,9.854,10.65,10.65,0.114,2.889
12,1,09:00-16:00,weekend,14,325,17.842,0.475,0.408,10.921,10.937,10.105,11.026,11.026,0.191,1.914
12,1,16:00-19:00,all,51,480,19.867,0.823,0.482,11.933,16.654,11.825,15.457,15.457,1.462,4.062
12,1,16:00-19:00,weekday,37,351,19.857,0.908,0.496,11.928,18.115,11.825,16.531,16.531,1.934,4.669
12,1,16:00-19:00,weekend,14,129,19.895,0.525,0.476,11.947,12.685,11.548,12.619,12.619,0.213,2.459
12,1,19:00-23:00,all,51,320,20.001,0.706,0.539,12.001,14.985,12.91,15.897,16.221,0.709,5.511
12,1,19:00-23:00,weekday,37,235,19.359,0.754,0.571,11.68,15.176,13.308,16.667,17.033,0.692,6.662
12,1,19:00-23:00,weekend,14,85,21.775,0.577,0.471,12.887,14.514,12.7,13.861,14.053,0.699,2.467
12,2,06:00-09:00,all,53,386,25.881,0.85,0.753,14.941,22.292,21.031,22.981,22.901,0.709,9.251
12,2,06:00-09:00,weekday,38,290,24.801,0.84,0.747,14.4,21.148,19.802,21.767,21.651,0.79,8.461
12,2,06:00-09:00,weekend,15,96,29.145,0.855,0.826,16.572,25.232,25.157,26.058,26.079,0.245,11.262
12,2,09:00-16:00,all,53,1117,20.118,0.702,0.59,12.059,15.02,13.195,15.011,15.019,0.367,4.593
12,2,09:00-16:00,weekday,38,808,19.941,0.742,0.644,11.971,15.463,13.501,15.457,15.471,0.318,5.182
12,2,09:00-16:00,weekend,15,309,20.58,0.592,0.512,12.29,13.897,12.975,13.879,13.879,0.483,3.106
12,2,16:00-19:00,all,52,409,23.321,0.719,0.558,13.661,17.694,16.322,16.663,16.794,0.792,4.341
12,2,16:00-19:00,weekday,37,303,22.467,0.768,0.595,13.233,17.856,15.086,16.415,16.616,0.831,4.551
12,2,16:00-19:00,weekend,15,106,25.765,0.585,0.468,14.882,17.292,17.097,17.273,17.22,0.495,3.843
12,2,19:00-23:00,all,51,141,26.54,0.845,0.493,15.27,22.745,16.512,20.668,22.776,1.771,7.735
12,2,19:00-23:00,weekday,37,105,26.549,0.928,0.662,15.274,24.712,16.798,21.849,24.026,1.971,8.781
12,2,19:00-23:00,weekend,14,36,26.513,0.531,0.433,15.257,17.0,15.524,17.546,19.097,1.166,4.675
46,1,06:00-09:00,all,53,616,16.194,1.049,0.994,10.097,17.004,15.296,17.464,17.464,0.299,9.068
46,1,06:00-09:00,weekday,38,463,15.506,1.077,1.0,9.753,16.745,15.137,17.196,17.196,0.221,9.222
46,1,06:00-09:00,weekend,15,153,18.277,0.966,0.962,11.139,17.67,16.801,18.143,18.143,0.327,8.678
46,1,09:00-16:00,all,53,1792,12.535,0.718,0.609,8.268,9.495,8.503,9.419,9.419,0.203,2.948
46,1,09:00-16:00,weekday,38,1357,11.864,0.743,0.643,7.932,9.211,8.382,9.122,9.122,0.095,3.095
46,1,09:00-16:00,weekend,15,435,14.628,0.63,0.54,9.314,10.215,9.149,10.171,10.171,0.281,2.575
46,1,16:00-19:00,all,53,636,14.646,0.727,0.588,9.323,11.197,9.628,11.195,11.24,0.544,3.373
46,1,16:00-19:00,weekday,38,461,14.292,0.764,0.598,9.146,11.314,9.614,11.286,11.352,0.674,3.533
46,1,16:00-19:00,weekend,15,175,15.578,0.633,0.554,9.789,10.913,9.867,10.963,10.963,0.195,2.979
46,1,19:00-23:00,all,51,440,16.511,0.767,0.587,10.256,13.112,11.261,12.732,12.845,0.456,4.133
46,1,19:00-23:00,weekday,36,325,16.152,0.815,0.594,10.076,13.439,10.854,13.073,13.208,0.498,4.634
46,1,19:00-23:00,weekend,15,115,17.526,0.632,0.578,10.763,12.262,11.828,11.914,11.91,0.301,2.846
46,2,06:00-09:00,all,53,661,14.968,1.0,0.946,9.484,14.971,14.49,15.324,15.324,0.211,7.629
46,2,06:00-09:00,weekday,38,484,14.622,1.012,0.985,9.311,14.791,14.231,15.129,15.129,0.17,7.649
46,2,06:00-09:00,weekend,15,177,15.914,0.969,0.932,9.957,15.421,14.801,15.816,15.816,0.28,7.578
46,2,09:00-16:00,all,53,1923,11.581,0.556,0.488,7.791,7.583,6.998,7.496,7.502,0.11,1.601
46,2,09:00-16:00,weekday,38,1444,11.057,0.571,0.5,7.529,7.33,6.831,7.213,7.218,0.036,1.653
46,2,09:00-16:00,weekend,15,479,13.16,0.5,0.469,8.58,8.223,7.841,8.214,8.214,0.163,1.471
46,2,16:00-19:00,all,53,709,13.046,0.654,0.532,8.523,9.317,8.09,9.844,9.999,0.368,3.108
46,2,16:00-19:00,weekday,38,537,12.183,0.667,0.543,8.091,8.798,7.333,9.542,9.749,0.214,3.444
46,2,16:00-19:00,weekend,15,172,15.743,0.586,0.477,9.871,10.573,8.869,10.612,10.612,0.415,2.325
46,2,19:00-23:00,all,53,605,12.749,0.682,0.56,8.374,9.339,8.227,9.6,9.501,0.359,2.768
46,2,19:00-23:00,weekday,38,434,12.983,0.717,0.571,8.491,9.828,8.634,10.267,10.079,0.444,3.143
46,2,19:00-23:00,weekend,15,171,12.156,0.564,0.437,8.078,8.014,7.268,7.909,7.91,0.099,1.733
