# SYNTHETIC weather fixture for R13 (climate normals of Astana, seed 14). NOT Open-Meteo data. Real archive: LOCAL-9 data/civic/astana/weather/openmeteo_daily.csv
date,temperature_2m_max,temperature_2m_min,precipitation_sum,snowfall_sum,rain_sum,wind_speed_10m_max
2023-01-01,-4.1,-15.9,0.00,0.00,0.00,8.3
2023-01-02,-4.2,-15.7,0.00,0.00,0.00,14.4
2023-01-03,-9.2,-18.9,0.00,0.00,0.00,20.4
2023-01-04,-10.8,-20.0,1.82,1.27,0.00,11.3
2023-01-05,-12.5,-21.3,0.00,0.00,0.00,15.9
2023-01-06,-9.4,-17.6,0.00,0.00,0.00,17.3
2023-01-07,-12.5,-20.9,2.02,1.41,0.00,12.5
2023-01-08,-14.1,-20.5,0.00,0.00,0.00,23.7
2023-01-09,-10.5,-20.3,0.00,0.00,0.00,26.8
2023-01-10,-6.0,-15.5,3.06,2.14,0.00,20.2
2023-01-11,-4.3,-13.2,0.00,0.00,0.00,21.2
2023-01-12,-9.4,-19.4,0.00,0.00,0.00,18.5
2023-01-13,-6.0,-15.5,0.00,0.00,0.00,28.0
2023-01-14,-5.7,-15.4,2.77,1.94,0.00,11.8
2023-01-15,-4.6,-14.0,0.00,0.00,0.00,23.3
2023-01-16,-4.4,-13.8,0.00,0.00,0.00,24.5
2023-01-17,-5.2,-14.3,0.00,0.00,0.00,18.9
2023-01-18,-9.4,-16.8,0.00,0.00,0.00,16.2
2023-01-19,-7.4,-16.2,0.00,0.00,0.00,21.4
2023-01-20,-7.2,-19.2,0.00,0.00,0.00,11.2
2023-01-21,-9.3,-18.7,0.00,0.00,0.00,15.5
2023-01-22,-9.7,-16.6,0.00,0.00,0.00,14.0
2023-01-23,-5.6,-14.1,0.00,0.00,0.00,13.7
2023-01-24,-8.2,-15.3,0.00,0.00,0.00,15.7
2023-01-25,-7.5,-16.5,0.68,0.48,0.00,25.3
2023-01-26,-11.0,-22.0,0.00,0.00,0.00,24.0
2023-01-27,-12.0,-21.4,2.93,2.05,0.00,20.6
2023-01-28,-8.4,-18.5,0.00,0.00,0.00,25.1
2023-01-29,-11.3,-23.3,1.18,0.83,0.00,12.7
2023-01-30,-11.6,-19.7,2.58,1.81,0.00,13.9
2023-01-31,-9.7,-16.1,0.00,0.00,0.00,23.7
2023-02-01,-4.0,-11.3,2.95,2.06,0.00,7.8
2023-02-02,-4.6,-15.4,1.11,0.78,0.00,22.6
2023-02-03,-6.7,-15.3,0.00,0.00,0.00,17.3
2023-02-04,-4.2,-15.1,0.00,0.00,0.00,17.9
2023-02-05,-2.3,-12.6,0.00,0.00,0.00,13.3
2023-02-06,-8.1,-19.5,0.27,0.19,0.00,27.7
2023-02-07,-4.8,-14.1,0.00,0.00,0.00,5.4
2023-02-08,-4.8,-12.3,0.00,0.00,0.00,16.9
2023-02-09,-10.0,-19.6,0.00,0.00,0.00,21.5
2023-02-10,-10.1,-17.2,0.00,0.00,0.00,19.9
2023-02-11,-11.8,-21.1,0.55,0.38,0.00,20.4
2023-02-12,-11.3,-17.6,0.00,0.00,0.00,23.4
2023-02-13,-6.0,-16.0,0.00,0.00,0.00,11.3
2023-02-14,-8.1,-17.6,0.00,0.00,0.00,11.0
2023-02-15,-6.5,-16.9,0.00,0.00,0.00,13.4
2023-02-16,-11.7,-21.8,0.00,0.00,0.00,22.8
2023-02-17,-11.0,-21.1,0.00,0.00,0.00,16.0
2023-02-18,-9.2,-21.4,0.00,0.00,0.00,17.4
2023-02-19,-13.3,-21.8,0.00,0.00,0.00,14.4
2023-02-20,-6.9,-16.4,0.26,0.18,0.00,18.9
2023-02-21,-14.6,-22.7,0.00,0.00,0.00,22.7
2023-02-22,-14.5,-24.2,0.00,0.00,0.00,25.9
2023-02-23,-13.5,-23.0,0.68,0.48,0.00,18.0
2023-02-24,-12.4,-20.3,3.53,2.47,0.00,26.4
2023-02-25,-9.1,-19.8,0.00,0.00,0.00,16.6
2023-02-26,-12.8,-22.5,0.00,0.00,0.00,16.0
2023-02-27,-11.8,-20.7,0.00,0.00,0.00,16.2
2023-02-28,-10.9,-19.3,0.00,0.00,0.00,17.5
2023-03-01,-13.3,-19.0,1.84,1.29,0.00,22.0
2023-03-02,-6.9,-17.4,0.00,0.00,0.00,21.5
2023-03-03,-8.7,-19.6,0.00,0.00,0.00,6.4
2023-03-04,-6.5,-15.0,0.00,0.00,0.00,23.4
2023-03-05,-6.2,-12.3,0.15,0.10,0.00,19.4
2023-03-06,-5.0,-13.5,0.00,0.00,0.00,21.6
2023-03-07,-0.8,-9.3,0.00,0.00,0.00,19.4
2023-03-08,-1.8,-10.7,0.00,0.00,0.00,12.3
2023-03-09,-7.0,-11.6,0.00,0.00,0.00,27.8
2023-03-10,-5.5,-13.5,7.33,5.13,0.00,22.2
2023-03-11,-1.8,-12.0,0.66,0.46,0.00,15.5
2023-03-12,-2.0,-11.3,0.00,0.00,0.00,10.7
2023-03-13,-0.0,-7.6,3.76,2.63,0.00,30.7
2023-03-14,0.5,-7.7,0.00,0.00,0.00,13.7
2023-03-15,2.7,-5.8,0.00,0.00,0.00,19.6
2023-03-16,-0.9,-12.6,0.00,0.00,0.00,7.2
2023-03-17,1.4,-6.2,2.31,1.62,0.00,15.7
2023-03-18,9.5,-0.7,0.00,0.00,0.00,22.7
2023-03-19,7.3,-3.0,0.00,0.00,0.00,17.2
2023-03-20,8.3,-4.9,0.00,0.00,0.00,20.0
2023-03-21,3.4,-7.0,0.00,0.00,0.00,20.2
2023-03-22,3.3,-8.9,0.00,0.00,0.00,14.3
2023-03-23,-4.1,-10.7,0.00,0.00,0.00,14.1
2023-03-24,-5.0,-13.4,0.00,0.00,0.00,13.6
2023-03-25,-4.7,-12.5,0.00,0.00,0.00,18.9
2023-03-26,-7.8,-15.4,0.00,0.00,0.00,7.5
2023-03-27,-1.9,-12.5,0.00,0.00,0.00,19.7
2023-03-28,-2.0,-9.2,0.80,0.56,0.00,15.7
2023-03-29,1.1,-8.5,4.65,3.25,0.00,23.3
2023-03-30,3.3,-5.8,1.19,0.83,0.00,18.0
2023-03-31,4.7,-5.6,0.00,0.00,0.00,14.1
2023-04-01,5.2,-3.9,0.00,0.00,0.00,17.7
2023-04-02,6.4,-4.2,2.72,0.00,2.72,21.0
2023-04-03,8.3,0.5,0.00,0.00,0.00,20.1
2023-04-04,6.7,-1.3,0.00,0.00,0.00,30.8
2023-04-05,9.2,1.7,0.00,0.00,0.00,12.8
2023-04-06,6.0,-3.8,0.00,0.00,0.00,18.0
2023-04-07,9.5,-0.3,0.00,0.00,0.00,20.7
2023-04-08,7.4,1.1,0.00,0.00,0.00,12.5
2023-04-09,7.8,-3.4,0.00,0.00,0.00,29.6
2023-04-10,8.6,0.0,3.75,0.00,3.75,18.2
2023-04-11,11.5,1.8,0.00,0.00,0.00,15.0
2023-04-12,13.4,5.1,0.00,0.00,0.00,24.3
2023-04-13,11.4,0.1,0.00,0.00,0.00,27.6
2023-04-14,7.3,-2.2,0.00,0.00,0.00,10.0
2023-04-15,4.0,-3.8,0.00,0.00,0.00,29.4
2023-04-16,5.4,-2.3,0.00,0.00,0.00,14.8
2023-04-17,7.5,-1.9,0.00,0.00,0.00,15.2
2023-04-18,9.2,-1.7,0.00,0.00,0.00,18.5
2023-04-19,10.1,-0.3,2.20,0.00,2.20,24.1
2023-04-20,9.2,1.8,1.70,0.00,1.70,23.7
2023-04-21,11.2,0.6,0.00,0.00,0.00,9.0
2023-04-22,12.2,2.0,0.00,0.00,0.00,21.3
2023-04-23,10.0,1.5,0.00,0.00,0.00,23.5
2023-04-24,13.3,1.6,0.00,0.00,0.00,17.2
2023-04-25,11.8,2.0,1.43,0.00,1.43,16.3
2023-04-26,14.6,6.0,0.00,0.00,0.00,19.2
2023-04-27,14.4,7.4,0.00,0.00,0.00,27.0
2023-04-28,14.3,6.6,0.00,0.00,0.00,13.0
2023-04-29,13.0,4.4,1.40,0.00,1.40,25.3
2023-04-30,12.5,1.4,0.00,0.00,0.00,16.1
2023-05-01,16.3,3.4,9.98,0.00,9.98,16.7
2023-05-02,19.3,4.0,0.00,0.00,0.00,10.5
2023-05-03,23.4,8.9,4.13,0.00,4.13,17.0
2023-05-04,17.8,5.9,0.00,0.00,0.00,20.5
2023-05-05,20.4,7.3,0.35,0.00,0.35,9.8
2023-05-06,22.7,8.2,0.00,0.00,0.00,20.5
2023-05-07,22.4,5.9,0.00,0.00,0.00,15.7
2023-05-08,20.3,6.9,0.00,0.00,0.00,19.6
2023-05-09,20.4,7.9,0.00,0.00,0.00,19.7
2023-05-10,20.8,7.5,0.00,0.00,0.00,14.7
2023-05-11,18.5,8.1,0.00,0.00,0.00,14.9
2023-05-12,20.5,5.7,0.00,0.00,0.00,18.1
2023-05-13,23.4,8.3,0.00,0.00,0.00,26.6
2023-05-14,21.6,9.2,0.00,0.00,0.00,15.5
2023-05-15,22.9,13.3,0.00,0.00,0.00,20.7
2023-05-16,23.1,9.3,0.00,0.00,0.00,17.3
2023-05-17,23.9,13.4,0.00,0.00,0.00,18.1
2023-05-18,23.2,10.4,0.00,0.00,0.00,15.5
2023-05-19,21.5,10.4,4.51,0.00,4.51,13.3
2023-05-20,24.0,9.1,0.00,0.00,0.00,8.4
2023-05-21,22.1,10.9,5.20,0.00,5.20,16.2
2023-05-22,28.3,13.7,0.00,0.00,0.00,14.1
2023-05-23,27.3,13.6,0.27,0.00,0.27,13.6
2023-05-24,26.8,14.6,10.04,0.00,10.04,18.0
2023-05-25,27.5,15.5,5.90,0.00,5.90,17.8
2023-05-26,26.9,12.1,0.00,0.00,0.00,16.8
2023-05-27,27.4,12.8,0.00,0.00,0.00,15.0
2023-05-28,28.2,12.7,0.81,0.00,0.81,27.2
2023-05-29,26.1,12.3,0.95,0.00,0.95,12.4
2023-05-30,30.0,14.5,0.00,0.00,0.00,14.7
2023-05-31,28.6,13.5,3.99,0.00,3.99,21.3
2023-06-01,27.8,17.1,0.00,0.00,0.00,17.8
2023-06-02,32.7,19.0,8.50,0.00,8.50,16.5
2023-06-03,32.2,17.8,0.00,0.00,0.00,11.9
2023-06-04,30.3,16.8,0.00,0.00,0.00,16.8
2023-06-05,31.3,15.4,0.00,0.00,0.00,16.9
2023-06-06,30.3,13.8,0.00,0.00,0.00,9.6
2023-06-07,31.7,16.1,0.00,0.00,0.00,27.1
2023-06-08,31.5,15.7,0.00,0.00,0.00,13.3
2023-06-09,26.6,14.7,0.00,0.00,0.00,10.6
2023-06-10,30.0,19.1,0.00,0.00,0.00,18.6
2023-06-11,27.0,14.0,3.31,0.00,3.31,14.3
2023-06-12,28.0,10.3,0.00,0.00,0.00,15.5
2023-06-13,29.2,15.7,0.00,0.00,0.00,17.9
2023-06-14,29.6,15.6,0.00,0.00,0.00,17.6
2023-06-15,33.1,19.8,2.81,0.00,2.81,9.3
2023-06-16,32.0,21.2,0.00,0.00,0.00,20.2
2023-06-17,28.0,14.3,2.94,0.00,2.94,9.7
2023-06-18,25.6,13.1,0.00,0.00,0.00,21.5
2023-06-19,26.7,13.2,0.00,0.00,0.00,2.0
2023-06-20,25.6,13.1,0.00,0.00,0.00,19.2
2023-06-21,27.8,15.6,0.00,0.00,0.00,14.9
2023-06-22,22.8,12.5,0.00,0.00,0.00,9.2
2023-06-23,23.5,13.1,2.63,0.00,2.63,16.9
2023-06-24,22.2,14.3,3.16,0.00,3.16,23.2
2023-06-25,24.8,11.6,7.53,0.00,7.53,22.2
2023-06-26,29.6,17.6,1.84,0.00,1.84,18.3
2023-06-27,28.8,13.1,0.00,0.00,0.00,17.3
2023-06-28,28.3,16.4,3.53,0.00,3.53,21.0
2023-06-29,30.2,16.6,0.00,0.00,0.00,17.9
2023-06-30,26.9,12.8,0.33,0.00,0.33,3.4
2023-07-01,27.8,13.9,4.32,0.00,4.32,14.0
2023-07-02,25.8,12.1,0.00,0.00,0.00,10.4
2023-07-03,27.7,13.7,0.00,0.00,0.00,16.7
2023-07-04,27.3,13.8,1.15,0.00,1.15,14.9
2023-07-05,29.5,14.4,2.46,0.00,2.46,18.5
2023-07-06,27.1,16.2,5.60,0.00,5.60,21.4
2023-07-07,27.5,15.9,0.00,0.00,0.00,9.3
2023-07-08,28.4,15.1,3.31,0.00,3.31,6.8
2023-07-09,29.7,16.4,0.00,0.00,0.00,14.5
2023-07-10,28.9,17.1,0.00,0.00,0.00,14.4
2023-07-11,27.2,18.0,0.00,0.00,0.00,11.8
2023-07-12,29.3,18.3,0.00,0.00,0.00,14.9
2023-07-13,29.5,18.7,0.00,0.00,0.00,15.3
2023-07-14,29.0,17.4,0.00,0.00,0.00,13.3
2023-07-15,23.8,11.6,0.00,0.00,0.00,19.4
2023-07-16,24.1,11.1,5.57,0.00,5.57,20.1
2023-07-17,24.1,9.1,0.00,0.00,0.00,19.1
2023-07-18,23.1,12.9,0.00,0.00,0.00,13.8
2023-07-19,25.4,11.6,0.00,0.00,0.00,18.2
2023-07-20,24.6,12.4,0.00,0.00,0.00,23.4
2023-07-21,24.5,13.0,0.00,0.00,0.00,17.6
2023-07-22,25.4,11.8,0.00,0.00,0.00,19.7
2023-07-23,27.5,12.6,0.00,0.00,0.00,17.5
2023-07-24,29.7,14.7,1.25,0.00,1.25,14.5
2023-07-25,27.5,16.8,0.00,0.00,0.00,2.0
2023-07-26,27.6,16.8,0.00,0.00,0.00,17.0
2023-07-27,29.4,15.3,0.00,0.00,0.00,9.8
2023-07-28,27.1,14.3,0.75,0.00,0.75,14.9
2023-07-29,31.4,17.3,0.06,0.00,0.06,15.7
2023-07-30,29.5,18.2,0.00,0.00,0.00,9.5
2023-07-31,29.2,16.7,0.00,0.00,0.00,22.3
2023-08-01,30.4,15.6,0.00,0.00,0.00,9.1
2023-08-02,30.0,15.9,0.00,0.00,0.00,7.7
2023-08-03,27.9,18.0,0.47,0.00,0.47,15.0
2023-08-04,27.7,16.1,0.00,0.00,0.00,14.2
2023-08-05,29.6,15.8,0.00,0.00,0.00,5.8
2023-08-06,29.3,15.3,0.00,0.00,0.00,8.9
2023-08-07,28.5,15.4,0.00,0.00,0.00,10.6
2023-08-08,25.7,15.7,0.00,0.00,0.00,9.4
2023-08-09,24.7,13.7,11.46,0.00,11.46,14.6
2023-08-10,25.4,12.6,0.00,0.00,0.00,17.6
2023-08-11,28.9,15.1,1.79,0.00,1.79,19.5
2023-08-12,28.3,13.7,0.00,0.00,0.00,18.5
2023-08-13,30.0,19.3,1.34,0.00,1.34,21.9
2023-08-14,28.6,17.0,0.00,0.00,0.00,9.5
2023-08-15,32.2,17.9,1.07,0.00,1.07,11.3
2023-08-16,29.9,15.7,0.00,0.00,0.00,10.0
2023-08-17,28.6,14.5,0.00,0.00,0.00,18.9
2023-08-18,29.0,15.0,5.95,0.00,5.95,13.7
2023-08-19,25.4,17.2,0.00,0.00,0.00,21.2
2023-08-20,26.1,12.8,4.31,0.00,4.31,17.5
2023-08-21,26.6,13.7,2.08,0.00,2.08,5.8
2023-08-22,27.3,12.5,0.00,0.00,0.00,16.1
2023-08-23,23.6,10.3,0.00,0.00,0.00,17.9
2023-08-24,23.4,10.8,0.00,0.00,0.00,22.6
2023-08-25,25.5,10.9,28.45,0.00,28.45,15.7
2023-08-26,26.3,11.8,0.00,0.00,0.00,7.0
2023-08-27,26.6,14.6,0.00,0.00,0.00,20.1
2023-08-28,27.0,12.4,1.41,0.00,1.41,19.8
2023-08-29,24.9,10.0,0.00,0.00,0.00,20.7
2023-08-30,21.9,10.4,3.30,0.00,3.30,18.4
2023-08-31,25.4,12.8,0.63,0.00,0.63,16.4
2023-09-01,20.5,11.7,0.00,0.00,0.00,7.9
2023-09-02,16.7,7.4,0.00,0.00,0.00,10.7
2023-09-03,15.8,6.9,0.00,0.00,0.00,7.0
2023-09-04,16.5,9.6,0.00,0.00,0.00,23.0
2023-09-05,14.9,4.1,0.00,0.00,0.00,16.5
2023-09-06,17.3,7.7,0.00,0.00,0.00,10.5
2023-09-07,17.0,6.2,0.00,0.00,0.00,17.1
2023-09-08,17.6,10.4,0.00,0.00,0.00,15.9
2023-09-09,16.4,5.8,0.00,0.00,0.00,11.2
2023-09-10,16.0,7.1,0.00,0.00,0.00,18.5
2023-09-11,16.3,6.2,0.00,0.00,0.00,22.6
2023-09-12,15.6,8.6,0.00,0.00,0.00,10.2
2023-09-13,18.5,11.4,3.12,0.00,3.12,11.3
2023-09-14,23.6,13.9,4.62,0.00,4.62,18.7
2023-09-15,22.3,12.2,7.62,0.00,7.62,17.0
2023-09-16,19.7,11.2,2.20,0.00,2.20,22.3
2023-09-17,17.1,5.9,4.35,0.00,4.35,23.9
2023-09-18,16.8,8.2,0.00,0.00,0.00,17.4
2023-09-19,16.9,8.6,0.00,0.00,0.00,21.7
2023-09-20,17.1,4.9,0.00,0.00,0.00,6.5
2023-09-21,13.4,3.6,1.08,0.00,1.08,18.5
2023-09-22,17.0,6.9,0.00,0.00,0.00,17.9
2023-09-23,12.2,3.6,1.97,0.00,1.97,18.6
2023-09-24,10.8,1.9,0.00,0.00,0.00,10.3
2023-09-25,12.4,4.9,6.99,0.00,6.99,12.6
2023-09-26,13.6,4.7,0.00,0.00,0.00,19.4
2023-09-27,14.2,5.9,2.72,0.00,2.72,16.6
2023-09-28,11.5,0.4,0.00,0.00,0.00,15.6
2023-09-29,16.0,3.4,1.98,0.00,1.98,17.6
2023-09-30,16.8,9.5,0.00,0.00,0.00,5.6
2023-10-01,15.3,6.5,0.55,0.00,0.55,9.2
2023-10-02,14.8,6.2,0.00,0.00,0.00,23.9
2023-10-03,17.6,4.4,0.00,0.00,0.00,11.5
2023-10-04,12.0,4.2,0.00,0.00,0.00,21.5
2023-10-05,11.2,2.1,0.00,0.00,0.00,21.3
2023-10-06,13.5,3.7,0.00,0.00,0.00,10.3
2023-10-07,12.2,4.5,2.07,0.00,2.07,9.6
2023-10-08,11.5,2.6,0.00,0.00,0.00,20.1
2023-10-09,11.8,3.4,0.00,0.00,0.00,11.5
2023-10-10,11.9,4.5,0.00,0.00,0.00,13.3
2023-10-11,14.7,5.0,0.00,0.00,0.00,16.1
2023-10-12,9.3,2.4,0.00,0.00,0.00,15.0
2023-10-13,11.5,0.6,0.00,0.00,0.00,9.9
2023-10-14,12.4,1.0,0.00,0.00,0.00,12.5
2023-10-15,12.0,1.0,0.00,0.00,0.00,11.4
2023-10-16,15.9,7.9,1.96,0.00,1.96,10.5
2023-10-17,14.9,3.2,0.00,0.00,0.00,10.9
2023-10-18,15.8,8.2,0.00,0.00,0.00,12.9
2023-10-19,15.2,8.1,0.00,0.00,0.00,11.1
2023-10-20,12.3,4.1,0.00,0.00,0.00,15.2
2023-10-21,12.4,1.5,0.00,0.00,0.00,18.0
2023-10-22,7.3,-1.3,0.00,0.00,0.00,15.5
2023-10-23,6.9,-0.7,0.00,0.00,0.00,12.1
2023-10-24,7.2,0.6,0.00,0.00,0.00,13.6
2023-10-25,6.6,-1.9,0.00,0.00,0.00,12.0
2023-10-26,2.6,-3.2,0.00,0.00,0.00,10.3
2023-10-27,6.7,-3.8,1.25,0.00,1.25,9.9
2023-10-28,1.4,-6.5,0.00,0.00,0.00,14.4
2023-10-29,3.2,-6.8,0.00,0.00,0.00,9.8
2023-10-30,-1.4,-7.4,0.00,0.00,0.00,14.1
2023-10-31,2.6,-8.3,0.00,0.00,0.00,11.8
2023-11-01,-2.8,-10.3,0.00,0.00,0.00,22.7
2023-11-02,2.7,-5.4,0.00,0.00,0.00,22.9
2023-11-03,1.2,-9.6,0.81,0.57,0.00,20.3
2023-11-04,-0.9,-9.5,6.51,4.55,0.00,27.8
2023-11-05,-3.1,-12.2,0.00,0.00,0.00,19.9
2023-11-06,-1.0,-10.6,0.00,0.00,0.00,12.2
2023-11-07,-6.2,-14.3,0.00,0.00,0.00,17.7
2023-11-08,1.3,-10.0,5.44,3.81,0.00,16.4
2023-11-09,1.7,-3.7,12.25,8.57,0.00,19.0
2023-11-10,-4.2,-12.6,0.00,0.00,0.00,23.9
2023-11-11,-0.2,-5.4,7.93,5.55,0.00,23.8
2023-11-12,4.3,-5.6,0.00,0.00,0.00,18.2
2023-11-13,3.4,-5.3,0.39,0.28,0.00,24.3
2023-11-14,5.5,-3.5,0.00,0.00,0.00,19.3
2023-11-15,3.1,-3.4,0.00,0.00,0.00,9.4
2023-11-16,-0.4,-8.7,0.00,0.00,0.00,19.1
2023-11-17,-4.2,-13.3,0.00,0.00,0.00,14.0
2023-11-18,2.2,-9.4,3.39,2.37,0.00,15.6
2023-11-19,-1.6,-13.7,0.25,0.17,0.00,7.5
2023-11-20,-1.6,-9.6,3.19,2.23,0.00,22.2
2023-11-21,-2.2,-13.5,0.00,0.00,0.00,15.9
2023-11-22,-4.4,-16.9,0.00,0.00,0.00,12.4
2023-11-23,-0.0,-9.8,0.00,0.00,0.00,24.1
2023-11-24,3.0,-6.6,0.00,0.00,0.00,16.0
2023-11-25,-2.3,-8.8,0.00,0.00,0.00,10.7
2023-11-26,-6.3,-12.3,0.00,0.00,0.00,13.3
2023-11-27,-7.8,-15.9,0.00,0.00,0.00,16.4
2023-11-28,-5.6,-14.9,0.00,0.00,0.00,13.5
2023-11-29,-4.0,-11.3,12.16,8.51,0.00,20.8
2023-11-30,-5.5,-15.4,0.00,0.00,0.00,12.4
2023-12-01,-7.6,-14.4,1.84,1.29,0.00,19.1
2023-12-02,-3.1,-13.5,0.00,0.00,0.00,14.5
2023-12-03,-4.5,-14.7,1.75,1.23,0.00,22.6
2023-12-04,-0.5,-8.9,2.52,1.76,0.00,19.6
2023-12-05,-2.7,-11.0,0.00,0.00,0.00,23.8
2023-12-06,-1.7,-13.3,0.00,0.00,0.00,27.3
2023-12-07,-4.4,-14.8,0.00,0.00,0.00,11.2
2023-12-08,-3.6,-13.2,0.00,0.00,0.00,20.0
2023-12-09,-11.4,-20.1,1.52,1.07,0.00,21.5
2023-12-10,-8.0,-17.8,0.00,0.00,0.00,18.3
2023-12-11,-7.6,-17.5,0.00,0.00,0.00,21.5
2023-12-12,-14.9,-22.9,0.00,0.00,0.00,19.1
2023-12-13,-15.1,-23.7,0.00,0.00,0.00,18.6
2023-12-14,-13.8,-23.3,0.00,0.00,0.00,8.3
2023-12-15,-6.6,-14.6,1.35,0.94,0.00,14.9
2023-12-16,0.1,-11.8,0.00,0.00,0.00,17.1
2023-12-17,2.5,-7.1,0.00,0.00,0.00,16.0
2023-12-18,1.8,-3.4,0.00,0.00,0.00,13.4
2023-12-19,4.1,-5.1,0.00,0.00,0.00,18.9
2023-12-20,-1.7,-11.4,0.00,0.00,0.00,14.2
2023-12-21,-5.7,-15.4,0.00,0.00,0.00,19.2
2023-12-22,-6.0,-13.1,0.00,0.00,0.00,11.1
2023-12-23,-5.2,-14.1,0.00,0.00,0.00,20.1
2023-12-24,-7.5,-13.8,0.20,0.14,0.00,9.5
2023-12-25,-3.1,-10.7,0.00,0.00,0.00,17.1
2023-12-26,-4.3,-12.0,2.37,1.66,0.00,16.5
2023-12-27,-3.5,-11.0,0.00,0.00,0.00,25.3
2023-12-28,-3.8,-10.7,0.48,0.33,0.00,23.1
2023-12-29,-1.3,-10.2,4.77,3.34,0.00,18.1
2023-12-30,-10.5,-16.0,0.00,0.00,0.00,16.8
2023-12-31,-8.4,-17.4,0.00,0.00,0.00,22.2
2024-01-01,-8.2,-18.7,0.00,0.00,0.00,18.4
2024-01-02,-5.3,-14.3,0.30,0.21,0.00,22.6
2024-01-03,-3.4,-14.7,0.00,0.00,0.00,18.0
2024-01-04,-3.7,-14.5,0.00,0.00,0.00,14.4
2024-01-05,-11.0,-17.3,0.00,0.00,0.00,22.0
2024-01-06,-7.4,-15.1,4.88,3.41,0.00,18.0
2024-01-07,-6.4,-14.2,0.00,0.00,0.00,22.1
2024-01-08,-5.5,-12.9,0.00,0.00,0.00,17.3
2024-01-09,-5.8,-13.5,0.00,0.00,0.00,18.4
2024-01-10,-7.7,-16.4,0.00,0.00,0.00,22.4
2024-01-11,1.1,-9.4,0.00,0.00,0.00,29.8
2024-01-12,-7.8,-18.4,0.00,0.00,0.00,16.4
2024-01-13,-8.4,-18.1,0.00,0.00,0.00,21.6
2024-01-14,-15.5,-22.9,0.00,0.00,0.00,21.7
2024-01-15,-9.6,-17.3,0.27,0.19,0.00,9.4
2024-01-16,-10.4,-18.1,0.00,0.00,0.00,19.5
2024-01-17,-12.8,-21.0,0.00,0.00,0.00,31.7
2024-01-18,-9.9,-19.1,0.00,0.00,0.00,19.1
2024-01-19,-11.1,-19.9,0.00,0.00,0.00,21.0
2024-01-20,-10.1,-21.0,0.00,0.00,0.00,13.3
2024-01-21,-13.3,-22.9,0.00,0.00,0.00,21.7
2024-01-22,-9.7,-16.2,0.00,0.00,0.00,19.9
2024-01-23,-5.3,-15.4,0.00,0.00,0.00,12.2
2024-01-24,-9.1,-18.1,0.00,0.00,0.00,26.0
2024-01-25,-9.2,-20.5,0.00,0.00,0.00,21.0
2024-01-26,-14.9,-26.3,0.51,0.36,0.00,18.0
2024-01-27,-10.3,-18.8,0.00,0.00,0.00,15.6
2024-01-28,-13.9,-22.7,2.19,1.53,0.00,13.0
2024-01-29,-9.2,-18.5,0.00,0.00,0.00,16.8
2024-01-30,-9.3,-18.3,0.00,0.00,0.00,15.0
2024-01-31,-13.3,-23.3,4.75,3.33,0.00,17.2
2024-02-01,-9.8,-22.8,2.86,2.00,0.00,17.3
2024-02-02,-6.6,-16.1,0.00,0.00,0.00,20.7
2024-02-03,-5.7,-12.8,0.00,0.00,0.00,23.8
2024-02-04,-5.6,-17.5,0.00,0.00,0.00,18.3
2024-02-05,-5.4,-14.1,1.34,0.94,0.00,17.4
2024-02-06,-8.5,-18.7,0.00,0.00,0.00,21.3
2024-02-07,-6.8,-14.5,0.00,0.00,0.00,24.5
2024-02-08,-4.0,-12.6,1.44,1.01,0.00,10.7
2024-02-09,-1.6,-12.1,0.00,0.00,0.00,19.7
2024-02-10,-3.5,-10.3,0.00,0.00,0.00,16.5
2024-02-11,-7.3,-15.5,0.00,0.00,0.00,18.2
2024-02-12,-4.6,-11.7,0.00,0.00,0.00,9.7
2024-02-13,-3.6,-16.3,0.00,0.00,0.00,15.3
2024-02-14,-10.0,-19.2,0.00,0.00,0.00,21.7
2024-02-15,-7.5,-18.2,0.00,0.00,0.00,16.9
2024-02-16,-9.7,-21.5,0.00,0.00,0.00,18.0
2024-02-17,-10.5,-19.3,1.96,1.37,0.00,16.2
2024-02-18,-11.6,-20.7,0.00,0.00,0.00,17.8
2024-02-19,-13.3,-21.0,0.00,0.00,0.00,19.3
2024-02-20,-15.3,-25.2,3.07,2.15,0.00,12.5
2024-02-21,-13.2,-24.3,0.00,0.00,0.00,23.1
2024-02-22,-14.2,-23.8,1.12,0.79,0.00,13.3
2024-02-23,-14.0,-22.3,0.67,0.47,0.00,19.7
2024-02-24,-10.1,-20.3,0.00,0.00,0.00,9.8
2024-02-25,-11.9,-19.8,0.00,0.00,0.00,17.0
2024-02-26,-10.4,-17.4,0.00,0.00,0.00,21.5
2024-02-27,-8.3,-17.2,0.04,0.02,0.00,13.3
2024-02-28,-7.0,-15.3,1.95,1.36,0.00,30.3
2024-02-29,-13.1,-20.4,0.00,0.00,0.00,12.8
2024-03-01,-9.0,-17.9,1.13,0.79,0.00,16.2
2024-03-02,-15.1,-21.1,0.00,0.00,0.00,26.5
2024-03-03,-9.9,-20.2,0.00,0.00,0.00,18.6
2024-03-04,-6.1,-12.7,0.00,0.00,0.00,12.5
2024-03-05,-2.1,-10.6,0.00,0.00,0.00,25.8
2024-03-06,0.8,-10.7,0.00,0.00,0.00,5.2
2024-03-07,3.5,-6.0,0.00,0.00,0.00,17.9
2024-03-08,-5.9,-11.7,0.00,0.00,0.00,19.1
2024-03-09,1.6,-8.9,0.00,0.00,0.00,18.2
2024-03-10,1.9,-9.9,0.00,0.00,0.00,14.7
2024-03-11,-1.0,-10.4,5.04,3.53,0.00,21.0
2024-03-12,6.0,-3.5,0.00,0.00,0.00,25.5
2024-03-13,6.7,-2.9,0.83,0.00,0.83,30.3
2024-03-14,10.8,-1.2,0.00,0.00,0.00,17.9
2024-03-15,6.7,-2.1,0.00,0.00,0.00,11.8
2024-03-16,8.4,-1.3,0.00,0.00,0.00,16.1
2024-03-17,7.4,-2.3,0.00,0.00,0.00,17.1
2024-03-18,2.9,-6.3,0.00,0.00,0.00,14.3
2024-03-19,3.0,-6.8,0.00,0.00,0.00,15.4
2024-03-20,0.1,-6.1,0.00,0.00,0.00,21.1
2024-03-21,-0.3,-9.0,0.00,0.00,0.00,22.3
2024-03-22,6.7,-3.5,0.00,0.00,0.00,18.1
2024-03-23,2.7,-6.8,0.00,0.00,0.00,13.5
2024-03-24,4.4,-4.8,2.17,0.00,2.17,14.6
2024-03-25,3.5,-5.2,0.00,0.00,0.00,14.1
2024-03-26,3.5,-5.5,0.00,0.00,0.00,10.3
2024-03-27,6.0,-1.1,0.00,0.00,0.00,16.5
2024-03-28,4.2,-4.8,0.00,0.00,0.00,25.0
2024-03-29,2.9,-6.4,0.00,0.00,0.00,28.3
2024-03-30,8.4,-1.8,0.00,0.00,0.00,21.0
2024-03-31,5.6,-1.8,0.00,0.00,0.00,21.4
2024-04-01,9.6,-0.4,0.00,0.00,0.00,19.9
2024-04-02,11.5,4.6,0.00,0.00,0.00,15.6
2024-04-03,12.1,2.2,0.89,0.00,0.89,16.8
2024-04-04,6.5,-3.2,0.00,0.00,0.00,18.8
2024-04-05,5.0,-3.6,0.00,0.00,0.00,16.7
2024-04-06,8.5,-1.1,0.00,0.00,0.00,31.0
2024-04-07,8.8,1.0,0.00,0.00,0.00,21.2
2024-04-08,7.4,-2.0,1.13,0.00,1.13,30.5
2024-04-09,7.5,1.5,0.00,0.00,0.00,8.3
2024-04-10,9.0,-1.5,0.00,0.00,0.00,9.5
2024-04-11,8.7,-0.0,0.00,0.00,0.00,14.4
2024-04-12,9.8,2.8,0.00,0.00,0.00,14.1
2024-04-13,12.6,2.0,0.00,0.00,0.00,11.2
2024-04-14,10.1,2.1,0.37,0.00,0.37,19.2
2024-04-15,14.3,5.0,0.00,0.00,0.00,7.5
2024-04-16,15.2,3.9,0.00,0.00,0.00,13.2
2024-04-17,14.3,6.1,0.00,0.00,0.00,9.4
2024-04-18,13.6,8.4,0.00,0.00,0.00,17.8
2024-04-19,18.1,10.8,0.00,0.00,0.00,17.8
2024-04-20,16.2,8.4,0.00,0.00,0.00,16.9
2024-04-21,18.6,10.6,0.00,0.00,0.00,18.8
2024-04-22,17.0,7.9,0.00,0.00,0.00,20.5
2024-04-23,12.0,4.6,0.00,0.00,0.00,16.6
2024-04-24,15.5,5.2,0.00,0.00,0.00,17.7
2024-04-25,14.5,6.5,0.00,0.00,0.00,24.0
2024-04-26,13.3,6.0,0.00,0.00,0.00,15.4
2024-04-27,14.7,3.9,0.00,0.00,0.00,6.6
2024-04-28,12.4,3.7,0.00,0.00,0.00,25.3
2024-04-29,17.2,7.7,0.00,0.00,0.00,12.2
2024-04-30,18.2,7.3,1.22,0.00,1.22,14.2
2024-05-01,18.5,5.9,0.00,0.00,0.00,20.4
2024-05-02,19.2,9.7,6.00,0.00,6.00,16.4
2024-05-03,19.0,6.0,0.00,0.00,0.00,24.6
2024-05-04,18.8,6.8,0.00,0.00,0.00,16.6
2024-05-05,18.9,5.4,0.00,0.00,0.00,12.7
2024-05-06,15.3,4.5,0.00,0.00,0.00,18.9
2024-05-07,16.7,3.8,5.62,0.00,5.62,8.2
2024-05-08,16.3,2.4,0.00,0.00,0.00,14.4
2024-05-09,17.5,3.9,0.00,0.00,0.00,18.5
2024-05-10,15.1,0.2,0.00,0.00,0.00,18.9
2024-05-11,19.3,4.9,7.82,0.00,7.82,6.8
2024-05-12,16.2,2.9,0.00,0.00,0.00,20.3
2024-05-13,20.4,4.5,0.00,0.00,0.00,8.1
2024-05-14,19.5,4.4,0.55,0.00,0.55,15.4
2024-05-15,19.1,4.1,0.00,0.00,0.00,8.7
2024-05-16,18.0,5.7,0.00,0.00,0.00,18.2
2024-05-17,16.1,5.0,0.00,0.00,0.00,14.3
2024-05-18,15.2,5.2,0.00,0.00,0.00,24.6
2024-05-19,17.0,3.3,0.67,0.00,0.67,13.0
2024-05-20,19.1,8.0,2.23,0.00,2.23,12.5
2024-05-21,19.8,7.6,3.47,0.00,3.47,12.5
2024-05-22,19.7,7.2,4.51,0.00,4.51,19.4
2024-05-23,18.0,6.2,1.52,0.00,1.52,11.5
2024-05-24,15.0,6.4,0.00,0.00,0.00,4.4
2024-05-25,20.1,8.0,0.00,0.00,0.00,13.6
2024-05-26,25.0,10.0,0.00,0.00,0.00,20.5
2024-05-27,24.6,12.4,0.00,0.00,0.00,10.7
2024-05-28,21.5,12.8,1.97,0.00,1.97,19.4
2024-05-29,22.5,10.8,0.00,0.00,0.00,10.6
2024-05-30,20.2,10.8,0.00,0.00,0.00,14.8
2024-05-31,24.2,10.9,0.00,0.00,0.00,12.9
2024-06-01,22.9,8.6,0.00,0.00,0.00,17.7
2024-06-02,21.4,7.5,0.00,0.00,0.00,18.8
2024-06-03,19.3,3.7,0.00,0.00,0.00,21.7
2024-06-04,19.6,6.3,0.00,0.00,0.00,11.7
2024-06-05,20.9,7.9,6.86,0.00,6.86,18.5
2024-06-06,23.9,9.4,0.00,0.00,0.00,11.3
2024-06-07,23.5,11.5,4.78,0.00,4.78,13.9
2024-06-08,22.9,9.0,0.00,0.00,0.00,14.8
2024-06-09,26.5,13.3,0.00,0.00,0.00,10.5
2024-06-10,27.5,13.6,0.00,0.00,0.00,8.3
2024-06-11,28.4,14.0,0.00,0.00,0.00,13.1
2024-06-12,25.7,16.3,0.00,0.00,0.00,7.8
2024-06-13,26.2,11.3,0.66,0.00,0.66,14.5
2024-06-14,26.3,14.9,1.86,0.00,1.86,12.5
2024-06-15,29.3,15.5,0.00,0.00,0.00,18.6
2024-06-16,30.5,16.1,7.93,0.00,7.93,13.2
2024-06-17,27.8,15.3,2.82,0.00,2.82,14.1
2024-06-18,25.1,15.6,0.41,0.00,0.41,8.9
2024-06-19,27.9,16.6,8.81,0.00,8.81,8.3
2024-06-20,29.1,15.0,5.84,0.00,5.84,21.1
2024-06-21,27.2,14.9,5.33,0.00,5.33,18.5
2024-06-22,28.6,17.4,0.00,0.00,0.00,17.0
2024-06-23,26.6,12.5,0.00,0.00,0.00,14.0
2024-06-24,23.3,12.3,8.34,0.00,8.34,5.7
2024-06-25,25.8,12.4,0.00,0.00,0.00,8.2
2024-06-26,25.9,12.4,0.00,0.00,0.00,7.8
2024-06-27,26.5,12.4,0.09,0.00,0.09,12.5
2024-06-28,25.3,13.9,0.00,0.00,0.00,17.5
2024-06-29,28.0,15.8,0.00,0.00,0.00,9.0
2024-06-30,26.1,15.9,0.00,0.00,0.00,10.2
2024-07-01,24.3,12.7,0.00,0.00,0.00,9.7
2024-07-02,23.4,11.1,18.43,0.00,18.43,11.4
2024-07-03,19.8,9.5,0.00,0.00,0.00,10.7
2024-07-04,22.6,10.8,0.00,0.00,0.00,11.9
2024-07-05,21.1,10.7,0.00,0.00,0.00,10.1
2024-07-06,20.3,6.9,0.00,0.00,0.00,16.3
2024-07-07,15.7,3.0,0.00,0.00,0.00,13.0
2024-07-08,18.4,7.5,0.00,0.00,0.00,21.9
2024-07-09,19.7,7.8,0.00,0.00,0.00,20.8
2024-07-10,21.1,10.0,0.00,0.00,0.00,13.1
2024-07-11,22.0,9.5,0.00,0.00,0.00,10.0
2024-07-12,23.1,9.8,0.00,0.00,0.00,14.1
2024-07-13,24.6,13.5,0.00,0.00,0.00,20.0
2024-07-14,25.5,10.7,0.00,0.00,0.00,20.5
2024-07-15,23.3,9.6,7.42,0.00,7.42,16.8
2024-07-16,21.1,6.9,0.00,0.00,0.00,18.1
2024-07-17,19.9,10.6,0.00,0.00,0.00,16.6
2024-07-18,19.4,8.9,0.00,0.00,0.00,13.2
2024-07-19,22.0,10.3,3.23,0.00,3.23,18.0
2024-07-20,21.4,11.3,0.00,0.00,0.00,15.5
2024-07-21,23.6,9.4,0.00,0.00,0.00,13.1
2024-07-22,22.8,9.9,0.00,0.00,0.00,21.3
2024-07-23,27.6,11.8,0.00,0.00,0.00,17.5
2024-07-24,27.4,14.0,0.00,0.00,0.00,12.2
2024-07-25,22.7,10.7,0.00,0.00,0.00,10.3
2024-07-26,24.4,13.8,8.40,0.00,8.40,7.7
2024-07-27,29.5,15.5,3.36,0.00,3.36,11.8
2024-07-28,26.7,13.6,0.00,0.00,0.00,19.6
2024-07-29,25.5,14.1,0.00,0.00,0.00,14.1
2024-07-30,25.1,12.9,0.00,0.00,0.00,10.2
2024-07-31,25.4,14.9,0.00,0.00,0.00,24.5
2024-08-01,30.0,16.8,0.00,0.00,0.00,11.6
2024-08-02,26.4,14.6,0.00,0.00,0.00,13.3
2024-08-03,26.0,13.9,5.26,0.00,5.26,13.1
2024-08-04,26.0,9.9,0.00,0.00,0.00,18.8
2024-08-05,27.1,12.8,0.00,0.00,0.00,13.6
2024-08-06,27.0,13.1,0.00,0.00,0.00,22.8
2024-08-07,26.2,13.1,9.20,0.00,9.20,13.4
2024-08-08,23.0,12.7,6.68,0.00,6.68,12.5
2024-08-09,25.9,13.1,0.31,0.00,0.31,7.7
2024-08-10,21.3,9.4,2.40,0.00,2.40,12.0
2024-08-11,20.1,8.5,1.39,0.00,1.39,6.3
2024-08-12,22.6,8.4,0.00,0.00,0.00,23.0
2024-08-13,24.7,11.5,0.00,0.00,0.00,2.3
2024-08-14,22.4,10.0,0.00,0.00,0.00,11.9
2024-08-15,22.7,10.3,0.00,0.00,0.00,14.5
2024-08-16,24.4,11.7,0.00,0.00,0.00,15.2
2024-08-17,22.9,10.0,1.58,0.00,1.58,18.5
2024-08-18,25.3,9.0,0.00,0.00,0.00,7.5
2024-08-19,22.5,5.4,3.71,0.00,3.71,19.1
2024-08-20,20.1,7.3,0.00,0.00,0.00,15.6
2024-08-21,23.2,12.8,21.68,0.00,21.68,15.7
2024-08-22,27.9,11.9,0.00,0.00,0.00,10.9
2024-08-23,21.4,6.9,0.21,0.00,0.21,15.2
2024-08-24,21.5,6.4,0.00,0.00,0.00,17.0
2024-08-25,20.0,8.1,2.51,0.00,2.51,16.6
2024-08-26,21.7,4.7,0.00,0.00,0.00,15.3
2024-08-27,19.3,5.0,8.70,0.00,8.70,18.5
2024-08-28,21.4,7.2,0.00,0.00,0.00,14.0
2024-08-29,22.0,11.3,10.03,0.00,10.03,8.3
2024-08-30,22.3,9.3,0.00,0.00,0.00,9.7
2024-08-31,19.6,5.2,0.60,0.00,0.60,8.8
2024-09-01,17.1,8.2,0.61,0.00,0.61,16.4
2024-09-02,17.6,8.1,0.00,0.00,0.00,8.8
2024-09-03,16.0,8.5,0.00,0.00,0.00,16.1
2024-09-04,17.3,9.9,0.00,0.00,0.00,18.8
2024-09-05,19.7,11.4,0.00,0.00,0.00,20.2
2024-09-06,18.2,12.2,0.00,0.00,0.00,6.1
2024-09-07,17.8,9.8,4.85,0.00,4.85,14.8
2024-09-08,19.0,10.1,0.29,0.00,0.29,12.7
2024-09-09,18.2,8.8,3.93,0.00,3.93,14.5
2024-09-10,21.5,10.8,0.00,0.00,0.00,17.2
2024-09-11,16.3,8.5,0.00,0.00,0.00,13.8
2024-09-12,19.1,8.3,4.98,0.00,4.98,25.0
2024-09-13,17.4,8.7,0.00,0.00,0.00,6.2
2024-09-14,16.0,9.0,4.57,0.00,4.57,12.4
2024-09-15,19.3,11.5,0.00,0.00,0.00,6.4
2024-09-16,18.1,10.6,3.79,0.00,3.79,20.9
2024-09-17,21.3,11.2,0.00,0.00,0.00,17.9
2024-09-18,14.4,8.9,0.00,0.00,0.00,15.4
2024-09-19,19.8,9.9,0.00,0.00,0.00,16.5
2024-09-20,17.4,9.8,0.00,0.00,0.00,15.1
2024-09-21,20.1,9.9,8.02,0.00,8.02,10.7
2024-09-22,19.1,9.2,1.57,0.00,1.57,14.7
2024-09-23,15.9,6.2,0.00,0.00,0.00,18.5
2024-09-24,19.9,9.9,0.00,0.00,0.00,22.0
2024-09-25,19.2,10.2,0.00,0.00,0.00,15.0
2024-09-26,18.5,9.3,0.93,0.00,0.93,15.5
2024-09-27,17.8,8.7,0.00,0.00,0.00,15.5
2024-09-28,16.8,8.0,10.39,0.00,10.39,17.5
2024-09-29,15.4,7.6,2.11,0.00,2.11,18.0
2024-09-30,12.5,3.6,0.82,0.00,0.82,17.7
2024-10-01,16.0,5.7,1.59,0.00,1.59,9.0
2024-10-02,15.4,4.2,0.00,0.00,0.00,9.5
2024-10-03,12.5,1.2,0.00,0.00,0.00,14.3
2024-10-04,12.1,-0.5,0.00,0.00,0.00,13.9
2024-10-05,11.0,3.3,0.00,0.00,0.00,16.5
2024-10-06,10.8,2.4,0.00,0.00,0.00,16.2
2024-10-07,11.0,1.7,0.00,0.00,0.00,20.4
2024-10-08,8.4,1.7,0.00,0.00,0.00,13.4
2024-10-09,11.5,2.2,0.00,0.00,0.00,10.8
2024-10-10,7.3,-3.6,2.58,0.00,2.58,24.8
2024-10-11,8.1,-3.1,0.00,0.00,0.00,8.8
2024-10-12,9.9,-0.9,3.25,0.00,3.25,17.3
2024-10-13,9.9,-1.4,0.00,0.00,0.00,8.9
2024-10-14,6.4,-2.1,0.00,0.00,0.00,12.4
2024-10-15,4.2,-4.3,0.00,0.00,0.00,19.0
2024-10-16,7.9,0.1,0.00,0.00,0.00,8.8
2024-10-17,5.1,-2.2,0.00,0.00,0.00,14.1
2024-10-18,8.9,1.0,0.00,0.00,0.00,15.4
2024-10-19,7.9,-0.4,0.22,0.00,0.22,14.4
2024-10-20,9.6,2.1,0.00,0.00,0.00,17.6
2024-10-21,9.7,2.0,0.00,0.00,0.00,19.1
2024-10-22,5.8,-3.5,0.00,0.00,0.00,8.4
2024-10-23,6.2,-0.3,0.98,0.00,0.98,12.7
2024-10-24,5.7,-3.6,0.00,0.00,0.00,16.6
2024-10-25,5.1,-5.1,0.00,0.00,0.00,14.2
2024-10-26,2.9,-5.7,0.00,0.00,0.00,16.3
2024-10-27,2.9,-5.3,0.14,0.10,0.00,4.9
2024-10-28,1.9,-5.4,0.00,0.00,0.00,22.9
2024-10-29,4.8,-4.2,0.00,0.00,0.00,21.5
2024-10-30,6.2,-3.8,0.00,0.00,0.00,9.1
2024-10-31,2.8,-7.3,0.23,0.16,0.00,11.5
2024-11-01,4.2,-6.9,0.00,0.00,0.00,17.8
2024-11-02,0.2,-7.7,0.00,0.00,0.00,16.9
2024-11-03,0.9,-5.6,0.74,0.52,0.00,16.7
2024-11-04,-2.6,-12.6,0.00,0.00,0.00,22.6
2024-11-05,3.2,-5.9,7.79,5.45,0.00,24.6
2024-11-06,5.0,-8.7,0.89,0.62,0.00,21.1
2024-11-07,1.4,-9.4,0.00,0.00,0.00,23.8
2024-11-08,-2.8,-9.4,0.00,0.00,0.00,22.5
2024-11-09,-2.1,-8.3,0.00,0.00,0.00,23.8
2024-11-10,0.2,-7.4,0.00,0.00,0.00,16.8
2024-11-11,0.0,-8.0,0.00,0.00,0.00,20.7
2024-11-12,-3.3,-15.9,0.00,0.00,0.00,12.3
2024-11-13,0.2,-10.8,5.02,3.51,0.00,21.0
2024-11-14,-5.7,-17.1,0.00,0.00,0.00,29.8
2024-11-15,-5.4,-13.1,0.00,0.00,0.00,22.4
2024-11-16,-7.1,-15.0,0.00,0.00,0.00,22.9
2024-11-17,-4.5,-14.3,0.00,0.00,0.00,16.5
2024-11-18,-2.6,-11.3,0.00,0.00,0.00,15.2
2024-11-19,-0.8,-12.5,0.00,0.00,0.00,28.0
2024-11-20,-2.5,-13.0,0.00,0.00,0.00,9.5
2024-11-21,1.0,-10.5,0.00,0.00,0.00,25.9
2024-11-22,-2.2,-10.3,10.04,7.03,0.00,18.5
2024-11-23,2.1,-6.0,3.11,2.17,0.00,14.7
2024-11-24,3.7,-5.3,2.31,1.62,0.00,21.3
2024-11-25,2.8,-3.1,0.00,0.00,0.00,16.0
2024-11-26,-3.1,-10.3,0.00,0.00,0.00,27.5
2024-11-27,-6.6,-16.7,2.27,1.59,0.00,20.2
2024-11-28,-8.6,-17.6,0.00,0.00,0.00,16.1
2024-11-29,-12.3,-19.4,0.00,0.00,0.00,18.6
2024-11-30,-10.3,-18.3,0.00,0.00,0.00,20.2
2024-12-01,-4.6,-14.3,1.50,1.05,0.00,17.1
2024-12-02,-3.9,-10.8,0.00,0.00,0.00,12.1
2024-12-03,-2.3,-9.8,0.00,0.00,0.00,14.6
2024-12-04,0.6,-7.7,0.00,0.00,0.00,20.0
2024-12-05,4.1,-5.8,0.00,0.00,0.00,14.8
2024-12-06,-4.2,-14.0,0.00,0.00,0.00,22.9
2024-12-07,-3.6,-11.9,0.00,0.00,0.00,21.4
2024-12-08,-9.2,-17.6,0.00,0.00,0.00,20.4
2024-12-09,-7.2,-18.0,0.00,0.00,0.00,18.9
2024-12-10,-13.3,-22.4,0.00,0.00,0.00,17.7
2024-12-11,-9.1,-19.3,4.86,3.41,0.00,15.6
2024-12-12,-1.3,-11.3,3.78,2.65,0.00,16.3
2024-12-13,-6.4,-13.0,0.00,0.00,0.00,22.4
2024-12-14,-0.7,-10.7,0.00,0.00,0.00,9.3
2024-12-15,-1.9,-8.9,13.32,9.32,0.00,24.8
2024-12-16,-2.7,-14.8,0.44,0.31,0.00,24.8
2024-12-17,0.5,-10.0,3.20,2.24,0.00,26.0
2024-12-18,0.1,-11.8,0.00,0.00,0.00,26.1
2024-12-19,-3.7,-13.7,0.00,0.00,0.00,17.9
2024-12-20,-2.2,-10.0,11.86,8.30,0.00,20.1
2024-12-21,-1.6,-12.1,0.00,0.00,0.00,25.2
2024-12-22,-3.7,-13.3,0.00,0.00,0.00,15.4
2024-12-23,-12.3,-20.8,0.00,0.00,0.00,24.7
2024-12-24,-10.1,-21.5,0.00,0.00,0.00,18.1
2024-12-25,-12.4,-21.8,0.00,0.00,0.00,19.7
2024-12-26,-13.7,-21.5,1.59,1.11,0.00,15.8
2024-12-27,-13.8,-20.6,0.00,0.00,0.00,25.6
2024-12-28,-13.8,-20.6,0.00,0.00,0.00,19.2
2024-12-29,-12.0,-22.3,0.29,0.20,0.00,10.8
2024-12-30,-13.3,-21.2,0.00,0.00,0.00,18.0
2024-12-31,-15.0,-23.1,3.40,2.38,0.00,17.3
2025-01-01,-10.9,-19.3,0.71,0.50,0.00,22.7
2025-01-02,-7.2,-17.5,0.00,0.00,0.00,15.7
2025-01-03,-8.1,-15.4,0.00,0.00,0.00,15.9
2025-01-04,-8.2,-16.5,0.00,0.00,0.00,24.5
2025-01-05,-11.7,-19.9,0.00,0.00,0.00,16.0
2025-01-06,-10.4,-16.3,4.00,2.80,0.00,20.0
2025-01-07,-10.3,-19.9,0.00,0.00,0.00,30.2
2025-01-08,-12.2,-22.3,0.34,0.24,0.00,16.5
2025-01-09,-8.8,-17.7,0.00,0.00,0.00,17.7
2025-01-10,-4.8,-11.8,0.00,0.00,0.00,20.6
2025-01-11,-5.3,-13.9,0.00,0.00,0.00,18.7
2025-01-12,-3.3,-13.4,0.00,0.00,0.00,21.6
2025-01-13,-7.3,-16.2,0.00,0.00,0.00,14.0
2025-01-14,-9.1,-19.4,0.00,0.00,0.00,23.1
2025-01-15,-15.4,-26.6,0.00,0.00,0.00,24.1
2025-01-16,-15.4,-24.5,3.48,2.44,0.00,23.8
2025-01-17,-15.6,-26.2,0.00,0.00,0.00,22.3
2025-01-18,-13.5,-23.8,0.31,0.22,0.00,16.9
2025-01-19,-6.7,-16.5,0.00,0.00,0.00,14.0
2025-01-20,-11.1,-20.5,0.00,0.00,0.00,15.8
2025-01-21,-6.4,-16.3,0.00,0.00,0.00,14.9
2025-01-22,-1.6,-9.6,0.00,0.00,0.00,15.8
2025-01-23,-2.7,-15.4,0.00,0.00,0.00,14.8
2025-01-24,-5.2,-15.5,0.00,0.00,0.00,16.1
2025-01-25,-8.9,-19.1,0.00,0.00,0.00,28.1
2025-01-26,-9.6,-19.0,0.01,0.01,0.00,13.9
2025-01-27,-9.1,-19.2,0.00,0.00,0.00,14.2
2025-01-28,-11.8,-18.6,0.35,0.24,0.00,15.0
2025-01-29,-15.1,-21.7,0.00,0.00,0.00,18.1
2025-01-30,-10.8,-18.2,0.00,0.00,0.00,12.5
2025-01-31,-6.5,-14.3,0.00,0.00,0.00,18.1
2025-02-01,-4.9,-13.6,0.00,0.00,0.00,20.2
2025-02-02,-3.6,-12.3,0.00,0.00,0.00,6.1
2025-02-03,-2.8,-11.1,0.00,0.00,0.00,11.1
2025-02-04,-2.7,-13.6,0.00,0.00,0.00,16.7
2025-02-05,-2.5,-11.0,0.00,0.00,0.00,18.6
2025-02-06,-7.0,-15.3,0.00,0.00,0.00,22.1
2025-02-07,-0.3,-12.1,0.00,0.00,0.00,20.7
2025-02-08,-3.6,-13.2,0.00,0.00,0.00,29.9
2025-02-09,-7.7,-13.3,0.00,0.00,0.00,25.9
2025-02-10,-8.6,-16.6,0.69,0.48,0.00,16.1
2025-02-11,-8.2,-17.5,0.00,0.00,0.00,18.4
2025-02-12,-10.5,-20.2,0.00,0.00,0.00,19.1
2025-02-13,-9.8,-18.9,0.00,0.00,0.00,17.8
2025-02-14,-4.4,-14.1,0.00,0.00,0.00,17.0
2025-02-15,-7.8,-15.5,1.24,0.87,0.00,21.5
2025-02-16,0.3,-8.3,0.00,0.00,0.00,16.0
2025-02-17,-2.3,-11.3,5.40,3.78,0.00,25.7
2025-02-18,-5.5,-14.3,5.27,3.69,0.00,21.5
2025-02-19,-1.8,-13.3,0.00,0.00,0.00,4.8
2025-02-20,-0.7,-11.9,0.00,0.00,0.00,14.6
2025-02-21,-1.5,-12.4,2.04,1.43,0.00,19.3
2025-02-22,-4.8,-15.0,0.00,0.00,0.00,15.9
2025-02-23,-9.8,-19.0,0.00,0.00,0.00,21.9
2025-02-24,-7.0,-16.2,0.00,0.00,0.00,18.7
2025-02-25,-3.6,-11.3,0.00,0.00,0.00,20.2
2025-02-26,-8.5,-13.0,0.00,0.00,0.00,18.5
2025-02-27,-2.8,-13.4,0.00,0.00,0.00,19.7
2025-02-28,0.1,-8.2,6.07,4.25,0.00,19.6
2025-03-01,6.9,-5.5,0.00,0.00,0.00,16.9
2025-03-02,1.1,-8.2,0.00,0.00,0.00,25.9
2025-03-03,-4.8,-13.6,0.00,0.00,0.00,15.7
2025-03-04,-6.7,-14.2,0.00,0.00,0.00,15.6
2025-03-05,-6.2,-15.0,0.00,0.00,0.00,23.8
2025-03-06,-6.8,-14.4,0.18,0.12,0.00,16.0
2025-03-07,-5.3,-15.7,0.00,0.00,0.00,13.2
2025-03-08,-6.4,-15.0,0.00,0.00,0.00,22.5
2025-03-09,-3.6,-11.7,0.00,0.00,0.00,22.6
2025-03-10,-0.6,-9.8,1.99,1.39,0.00,16.6
2025-03-11,-3.5,-12.2,0.00,0.00,0.00,17.2
2025-03-12,-0.4,-12.9,7.77,5.44,0.00,13.7
2025-03-13,-0.6,-8.0,0.00,0.00,0.00,18.3
2025-03-14,-0.9,-7.7,0.30,0.21,0.00,26.2
2025-03-15,0.2,-10.0,0.00,0.00,0.00,19.2
2025-03-16,-3.9,-12.6,0.91,0.63,0.00,17.6
2025-03-17,-12.0,-19.1,0.00,0.00,0.00,17.7
2025-03-18,-10.5,-16.2,0.00,0.00,0.00,17.2
2025-03-19,-5.2,-14.7,0.00,0.00,0.00,21.0
2025-03-20,-5.8,-13.7,0.00,0.00,0.00,11.3
2025-03-21,1.1,-7.8,0.34,0.24,0.00,20.7
2025-03-22,3.0,-6.4,0.00,0.00,0.00,18.9
2025-03-23,8.4,-0.2,1.69,0.00,1.69,17.4
2025-03-24,3.4,-4.8,0.00,0.00,0.00,20.3
2025-03-25,10.6,2.2,0.08,0.00,0.08,22.3
2025-03-26,9.0,0.3,0.00,0.00,0.00,16.7
2025-03-27,9.6,-2.2,0.00,0.00,0.00,23.9
2025-03-28,4.6,-5.2,1.87,1.31,0.00,24.3
2025-03-29,9.2,-0.5,0.00,0.00,0.00,15.8
2025-03-30,12.1,1.6,0.00,0.00,0.00,15.9
2025-03-31,7.5,-1.1,0.00,0.00,0.00,21.4
2025-04-01,6.8,0.4,0.00,0.00,0.00,15.4
2025-04-02,6.1,-4.2,0.00,0.00,0.00,9.7
2025-04-03,5.3,-4.1,0.00,0.00,0.00,15.3
2025-04-04,7.2,-2.2,0.00,0.00,0.00,7.7
2025-04-05,6.2,-5.9,0.00,0.00,0.00,17.9
2025-04-06,8.4,0.2,0.00,0.00,0.00,20.0
2025-04-07,6.3,-2.2,0.00,0.00,0.00,28.1
2025-04-08,7.7,-0.9,0.00,0.00,0.00,9.3
2025-04-09,8.2,-3.6,0.00,0.00,0.00,26.1
2025-04-10,10.6,0.7,1.62,0.00,1.62,15.3
2025-04-11,9.3,-0.1,0.00,0.00,0.00,20.4
2025-04-12,9.3,1.8,0.00,0.00,0.00,17.3
2025-04-13,11.6,2.3,0.22,0.00,0.22,19.3
2025-04-14,11.0,4.5,8.66,0.00,8.66,5.4
2025-04-15,17.1,7.4,0.00,0.00,0.00,11.6
2025-04-16,11.4,1.3,0.00,0.00,0.00,23.8
2025-04-17,9.4,-2.2,0.00,0.00,0.00,16.0
2025-04-18,11.1,0.8,0.00,0.00,0.00,11.2
2025-04-19,8.3,-0.2,0.00,0.00,0.00,14.7
2025-04-20,10.9,0.2,0.00,0.00,0.00,10.4
2025-04-21,9.6,-1.3,0.00,0.00,0.00,25.0
2025-04-22,6.2,-0.0,0.00,0.00,0.00,13.0
2025-04-23,11.8,-0.0,0.00,0.00,0.00,23.1
2025-04-24,15.4,4.2,0.00,0.00,0.00,14.3
2025-04-25,14.3,4.8,0.00,0.00,0.00,21.8
2025-04-26,17.1,3.9,0.00,0.00,0.00,17.7
2025-04-27,9.1,1.0,0.00,0.00,0.00,15.8
2025-04-28,9.9,0.6,0.00,0.00,0.00,15.8
2025-04-29,8.1,0.7,0.00,0.00,0.00,23.4
2025-04-30,9.3,3.2,9.59,0.00,9.59,18.2
2025-05-01,9.4,-1.9,0.53,0.00,0.53,19.2
2025-05-02,9.9,-3.8,4.59,0.00,4.59,14.6
2025-05-03,12.2,-2.4,0.00,0.00,0.00,15.3
2025-05-04,12.2,-3.0,0.00,0.00,0.00,19.2
2025-05-05,10.7,-2.9,0.00,0.00,0.00,11.3
2025-05-06,10.4,-1.7,0.00,0.00,0.00,12.5
2025-05-07,10.6,-2.6,0.00,0.00,0.00,15.9
2025-05-08,9.3,-3.3,0.00,0.00,0.00,17.2
2025-05-09,14.2,2.1,0.00,0.00,0.00,11.2
2025-05-10,14.1,2.5,4.85,0.00,4.85,12.6
2025-05-11,19.3,5.8,0.43,0.00,0.43,20.9
2025-05-12,14.9,3.9,0.00,0.00,0.00,17.0
2025-05-13,14.5,5.5,0.00,0.00,0.00,13.3
2025-05-14,14.7,-2.7,0.00,0.00,0.00,14.9
2025-05-15,14.6,4.7,0.00,0.00,0.00,12.4
2025-05-16,15.6,-0.7,0.00,0.00,0.00,18.4
2025-05-17,13.9,2.4,0.00,0.00,0.00,14.6
2025-05-18,12.1,0.9,0.35,0.00,0.35,16.0
2025-05-19,14.7,0.3,0.32,0.00,0.32,8.0
2025-05-20,17.6,2.3,4.68,0.00,4.68,20.4
2025-05-21,15.1,3.3,0.00,0.00,0.00,10.7
2025-05-22,13.7,2.1,0.00,0.00,0.00,13.2
2025-05-23,16.6,3.5,10.97,0.00,10.97,9.2
2025-05-24,19.8,5.6,0.00,0.00,0.00,23.3
2025-05-25,19.1,6.2,0.00,0.00,0.00,6.1
2025-05-26,22.1,11.3,1.48,0.00,1.48,12.2
2025-05-27,27.2,11.2,2.64,0.00,2.64,28.3
2025-05-28,25.0,9.7,0.00,0.00,0.00,5.6
2025-05-29,23.5,10.9,0.00,0.00,0.00,16.3
2025-05-30,25.1,10.0,4.33,0.00,4.33,19.2
2025-05-31,22.7,9.6,0.00,0.00,0.00,16.3
2025-06-01,21.9,11.5,0.00,0.00,0.00,6.4
2025-06-02,23.7,8.9,5.93,0.00,5.93,23.1
2025-06-03,21.2,9.5,0.00,0.00,0.00,23.2
2025-06-04,23.1,10.0,0.00,0.00,0.00,20.4
2025-06-05,25.2,8.8,0.00,0.00,0.00,16.9
2025-06-06,25.4,12.2,0.00,0.00,0.00,17.8
2025-06-07,23.6,11.9,0.35,0.00,0.35,14.2
2025-06-08,25.4,11.9,0.00,0.00,0.00,10.4
2025-06-09,26.1,12.2,0.00,0.00,0.00,9.8
2025-06-10,25.8,12.2,0.00,0.00,0.00,17.4
2025-06-11,26.9,14.2,0.00,0.00,0.00,11.7
2025-06-12,28.9,14.9,0.00,0.00,0.00,9.1
2025-06-13,29.2,13.2,0.00,0.00,0.00,17.8
2025-06-14,28.7,14.5,0.27,0.00,0.27,14.8
2025-06-15,28.3,17.5,2.77,0.00,2.77,13.3
2025-06-16,28.8,16.2,0.00,0.00,0.00,21.5
2025-06-17,27.7,14.7,1.36,0.00,1.36,21.0
2025-06-18,25.3,11.9,2.64,0.00,2.64,16.7
2025-06-19,25.0,12.3,2.80,0.00,2.80,14.6
2025-06-20,26.9,13.3,1.08,0.00,1.08,9.1
2025-06-21,28.6,15.2,0.00,0.00,0.00,19.7
2025-06-22,26.5,13.6,0.00,0.00,0.00,23.2
2025-06-23,24.6,12.2,0.00,0.00,0.00,18.9
2025-06-24,26.1,10.9,0.00,0.00,0.00,14.6
2025-06-25,27.6,10.4,0.00,0.00,0.00,18.1
2025-06-26,28.3,14.2,6.06,0.00,6.06,16.1
2025-06-27,29.7,15.2,0.14,0.00,0.14,22.7
2025-06-28,29.9,16.0,0.00,0.00,0.00,22.2
2025-06-29,32.0,18.5,3.14,0.00,3.14,23.3
2025-06-30,33.6,16.6,0.00,0.00,0.00,14.5
2025-07-01,34.7,20.9,3.53,0.00,3.53,14.3
2025-07-02,31.8,17.3,0.00,0.00,0.00,11.0
2025-07-03,29.4,14.9,0.00,0.00,0.00,11.8
2025-07-04,30.2,15.0,0.00,0.00,0.00,17.3
2025-07-05,29.8,17.5,0.00,0.00,0.00,10.8
2025-07-06,30.1,17.8,0.00,0.00,0.00,13.6
2025-07-07,29.1,14.3,0.00,0.00,0.00,14.8
2025-07-08,28.8,16.3,0.00,0.00,0.00,17.6
2025-07-09,33.2,22.2,0.00,0.00,0.00,23.9
2025-07-10,32.0,16.1,5.16,0.00,5.16,22.0
2025-07-11,31.3,18.9,0.00,0.00,0.00,19.4
2025-07-12,26.3,18.2,0.00,0.00,0.00,26.2
2025-07-13,30.9,15.6,27.06,0.00,27.06,15.8
2025-07-14,29.5,15.9,0.73,0.00,0.73,11.8
2025-07-15,27.1,18.5,3.96,0.00,3.96,11.5
2025-07-16,29.2,18.2,5.40,0.00,5.40,22.4
2025-07-17,29.7,15.8,0.00,0.00,0.00,10.3
2025-07-18,31.6,19.3,0.00,0.00,0.00,8.8
2025-07-19,30.0,14.6,0.00,0.00,0.00,20.5
2025-07-20,30.0,17.1,10.48,0.00,10.48,15.7
2025-07-21,29.3,15.9,0.00,0.00,0.00,6.2
2025-07-22,30.9,17.5,0.85,0.00,0.85,11.6
2025-07-23,31.7,17.9,0.66,0.00,0.66,23.0
2025-07-24,28.5,13.6,0.00,0.00,0.00,15.3
2025-07-25,27.1,15.4,0.00,0.00,0.00,20.5
2025-07-26,28.9,16.3,0.00,0.00,0.00,12.6
2025-07-27,29.9,20.0,0.00,0.00,0.00,17.5
2025-07-28,33.7,19.9,21.68,0.00,21.68,20.0
2025-07-29,32.6,18.7,0.00,0.00,0.00,16.5
2025-07-30,31.4,16.5,0.00,0.00,0.00,22.9
2025-07-31,32.2,20.4,0.00,0.00,0.00,5.7
2025-08-01,32.2,21.2,0.00,0.00,0.00,11.7
2025-08-02,31.2,20.6,5.08,0.00,5.08,10.7
2025-08-03,34.3,20.8,0.00,0.00,0.00,23.1
2025-08-04,29.5,17.3,0.00,0.00,0.00,13.9
2025-08-05,29.2,18.4,0.00,0.00,0.00,17.6
2025-08-06,34.3,21.4,0.00,0.00,0.00,14.0
2025-08-07,31.7,18.0,0.00,0.00,0.00,10.2
2025-08-08,28.4,14.6,0.00,0.00,0.00,16.3
2025-08-09,29.5,15.7,3.43,0.00,3.43,19.5
2025-08-10,31.8,17.6,0.00,0.00,0.00,6.8
2025-08-11,29.2,15.3,3.22,0.00,3.22,4.8
2025-08-12,26.6,13.5,0.98,0.00,0.98,19.8
2025-08-13,27.3,13.8,0.00,0.00,0.00,15.3
2025-08-14,30.6,16.0,1.46,0.00,1.46,13.1
2025-08-15,32.2,19.5,0.00,0.00,0.00,25.1
2025-08-16,28.2,17.7,0.00,0.00,0.00,16.9
2025-08-17,23.8,12.3,0.00,0.00,0.00,13.6
2025-08-18,20.0,8.9,0.00,0.00,0.00,15.4
2025-08-19,20.3,5.2,7.22,0.00,7.22,14.2
2025-08-20,24.8,12.5,0.00,0.00,0.00,11.4
2025-08-21,24.6,12.0,0.00,0.00,0.00,8.2
2025-08-22,24.1,9.3,0.20,0.00,0.20,23.7
2025-08-23,20.1,8.4,0.00,0.00,0.00,14.0
2025-08-24,21.2,7.7,10.16,0.00,10.16,14.3
2025-08-25,23.1,8.3,0.00,0.00,0.00,13.1
2025-08-26,24.5,9.8,0.00,0.00,0.00,19.4
2025-08-27,18.5,6.1,0.00,0.00,0.00,13.7
2025-08-28,19.3,5.9,0.00,0.00,0.00,17.6
2025-08-29,18.3,3.5,0.00,0.00,0.00,13.2
2025-08-30,18.6,3.2,7.10,0.00,7.10,12.2
2025-08-31,16.2,3.8,0.00,0.00,0.00,10.3
2025-09-01,16.5,8.6,2.99,0.00,2.99,13.0
2025-09-02,19.2,10.6,0.00,0.00,0.00,17.0
2025-09-03,21.3,10.2,1.65,0.00,1.65,10.9
2025-09-04,21.4,10.3,0.00,0.00,0.00,10.8
2025-09-05,18.2,11.8,2.10,0.00,2.10,20.7
2025-09-06,15.8,9.6,0.00,0.00,0.00,23.1
2025-09-07,19.7,9.1,0.00,0.00,0.00,10.0
2025-09-08,18.0,11.8,0.00,0.00,0.00,9.7
2025-09-09,20.8,7.9,1.05,0.00,1.05,15.5
2025-09-10,19.2,12.5,0.00,0.00,0.00,10.7
2025-09-11,21.3,11.5,5.22,0.00,5.22,20.3
2025-09-12,18.6,10.6,0.00,0.00,0.00,2.8
2025-09-13,16.1,7.3,0.00,0.00,0.00,11.1
2025-09-14,18.8,11.0,0.00,0.00,0.00,19.6
2025-09-15,15.2,7.8,1.11,0.00,1.11,15.1
2025-09-16,18.3,10.3,0.00,0.00,0.00,15.4
2025-09-17,18.5,7.8,0.00,0.00,0.00,16.7
2025-09-18,17.8,7.5,0.00,0.00,0.00,10.0
2025-09-19,13.3,5.3,0.00,0.00,0.00,14.8
2025-09-20,9.7,2.5,0.00,0.00,0.00,11.2
2025-09-21,9.8,2.4,0.00,0.00,0.00,13.4
2025-09-22,10.8,2.0,0.00,0.00,0.00,13.2
2025-09-23,11.0,0.4,0.00,0.00,0.00,23.1
2025-09-24,13.5,2.1,0.00,0.00,0.00,6.3
2025-09-25,12.5,3.9,0.00,0.00,0.00,6.8
2025-09-26,11.8,7.0,1.11,0.00,1.11,10.1
2025-09-27,10.2,2.5,0.00,0.00,0.00,20.7
2025-09-28,7.8,-0.2,0.72,0.00,0.72,8.3
2025-09-29,8.9,-0.5,0.00,0.00,0.00,18.8
2025-09-30,9.3,-0.2,0.00,0.00,0.00,21.9
2025-10-01,10.6,-0.4,0.00,0.00,0.00,8.6
2025-10-02,7.4,-1.5,0.00,0.00,0.00,8.3
2025-10-03,9.4,1.6,0.00,0.00,0.00,9.5
2025-10-04,9.8,1.3,0.38,0.00,0.38,16.7
2025-10-05,7.1,-0.4,0.00,0.00,0.00,12.9
2025-10-06,9.5,0.5,0.00,0.00,0.00,19.6
2025-10-07,10.4,-3.6,0.00,0.00,0.00,9.9
2025-10-08,3.1,-5.3,0.00,0.00,0.00,14.1
2025-10-09,2.8,-3.6,0.00,0.00,0.00,15.4
2025-10-10,8.2,-1.1,0.43,0.00,0.43,13.5
2025-10-11,9.3,0.7,2.68,0.00,2.68,12.6
2025-10-12,10.7,-1.1,3.31,0.00,3.31,20.5
2025-10-13,6.6,2.2,0.00,0.00,0.00,13.2
2025-10-14,11.5,1.2,0.00,0.00,0.00,10.9
2025-10-15,11.7,5.9,0.00,0.00,0.00,15.5
2025-10-16,15.4,5.8,2.58,0.00,2.58,7.9
2025-10-17,10.3,1.9,0.00,0.00,0.00,12.6
2025-10-18,5.2,-2.7,0.00,0.00,0.00,25.0
2025-10-19,4.4,-3.7,0.68,0.00,0.68,18.7
2025-10-20,6.0,-2.7,9.24,0.00,9.24,19.1
2025-10-21,5.6,-4.0,3.65,2.56,0.00,16.8
2025-10-22,3.6,-5.0,0.00,0.00,0.00,12.2
2025-10-23,2.1,-8.1,0.00,0.00,0.00,8.7
2025-10-24,2.0,-7.2,8.48,5.93,0.00,15.8
2025-10-25,0.9,-8.2,0.00,0.00,0.00,16.4
2025-10-26,-1.8,-9.2,0.00,0.00,0.00,17.6
2025-10-27,-0.4,-6.2,0.00,0.00,0.00,18.9
2025-10-28,-2.0,-7.9,11.07,7.75,0.00,21.9
2025-10-29,-2.3,-9.6,5.98,4.19,0.00,14.1
2025-10-30,-1.2,-10.1,0.00,0.00,0.00,18.4
2025-10-31,-0.6,-5.3,0.00,0.00,0.00,9.5
2025-11-01,0.0,-10.7,0.00,0.00,0.00,18.7
2025-11-02,-2.6,-12.7,0.00,0.00,0.00,18.0
2025-11-03,-2.6,-12.5,0.00,0.00,0.00,16.8
2025-11-04,-0.7,-12.0,0.00,0.00,0.00,18.7
2025-11-05,2.4,-6.8,0.00,0.00,0.00,18.2
2025-11-06,-4.2,-10.8,6.45,4.52,0.00,24.4
2025-11-07,1.2,-8.8,0.00,0.00,0.00,12.5
2025-11-08,4.9,-4.7,0.00,0.00,0.00,13.1
2025-11-09,2.0,-5.8,4.81,3.37,0.00,16.5
2025-11-10,4.3,-5.8,0.00,0.00,0.00,19.1
2025-11-11,-0.5,-7.6,0.00,0.00,0.00,11.0
2025-11-12,5.3,-8.1,0.00,0.00,0.00,15.0
2025-11-13,3.1,-5.9,0.00,0.00,0.00,11.6
2025-11-14,0.6,-7.1,0.00,0.00,0.00,12.3
2025-11-15,5.9,-3.8,0.00,0.00,0.00,26.3
2025-11-16,-0.1,-8.1,0.00,0.00,0.00,24.4
2025-11-17,-1.3,-10.2,0.54,0.38,0.00,19.1
2025-11-18,2.7,-7.6,0.00,0.00,0.00,16.0
2025-11-19,-5.1,-12.8,0.00,0.00,0.00,13.1
2025-11-20,-9.5,-20.2,0.00,0.00,0.00,13.6
2025-11-21,-4.7,-14.3,0.00,0.00,0.00,12.4
2025-11-22,-4.6,-13.3,0.00,0.00,0.00,16.8
2025-11-23,-2.9,-11.5,0.00,0.00,0.00,18.9
2025-11-24,2.0,-9.7,6.80,4.76,0.00,20.5
2025-11-25,0.3,-12.5,0.00,0.00,0.00,17.7
2025-11-26,-3.3,-11.4,0.00,0.00,0.00,20.7
2025-11-27,-3.6,-15.2,0.00,0.00,0.00,23.1
2025-11-28,-9.9,-16.9,0.27,0.19,0.00,12.4
2025-11-29,-6.8,-14.3,0.00,0.00,0.00,20.9
2025-11-30,-1.1,-11.0,0.00,0.00,0.00,22.1
2025-12-01,-4.6,-12.4,0.00,0.00,0.00,23.9
2025-12-02,-7.6,-15.4,0.00,0.00,0.00,23.4
2025-12-03,-10.7,-20.0,3.64,2.55,0.00,10.8
2025-12-04,-9.6,-17.7,0.00,0.00,0.00,12.9
2025-12-05,-0.4,-12.6,0.00,0.00,0.00,23.2
2025-12-06,1.0,-7.7,0.00,0.00,0.00,16.2
2025-12-07,1.4,-8.5,0.00,0.00,0.00,21.9
2025-12-08,-3.4,-14.6,0.00,0.00,0.00,18.0
2025-12-09,-3.4,-13.7,2.59,1.81,0.00,8.9
2025-12-10,-3.3,-15.1,0.00,0.00,0.00,17.2
2025-12-11,-3.2,-14.0,0.00,0.00,0.00,17.3
2025-12-12,-3.5,-11.2,0.00,0.00,0.00,29.6
2025-12-13,-3.2,-14.0,0.00,0.00,0.00,9.2
2025-12-14,1.2,-8.3,0.00,0.00,0.00,25.3
2025-12-15,4.7,-9.0,0.00,0.00,0.00,21.6
2025-12-16,1.5,-6.8,2.96,2.07,0.00,17.4
2025-12-17,-2.0,-10.5,0.00,0.00,0.00,17.8
2025-12-18,1.3,-8.1,0.00,0.00,0.00,35.3
2025-12-19,0.6,-6.8,3.57,2.50,0.00,26.1
2025-12-20,0.4,-10.2,0.00,0.00,0.00,22.9
2025-12-21,-2.9,-10.8,0.00,0.00,0.00,21.9
2025-12-22,-1.6,-10.9,0.00,0.00,0.00,18.8
2025-12-23,-1.1,-11.0,0.00,0.00,0.00,17.8
2025-12-24,-1.9,-12.3,0.00,0.00,0.00,18.9
2025-12-25,-1.0,-10.9,0.00,0.00,0.00,24.4
2025-12-26,-8.1,-14.4,0.00,0.00,0.00,12.6
2025-12-27,-4.0,-13.7,0.00,0.00,0.00,27.2
2025-12-28,-6.6,-15.0,0.00,0.00,0.00,17.1
2025-12-29,-3.0,-12.4,0.00,0.00,0.00,7.4
2025-12-30,-9.3,-14.6,1.15,0.81,0.00,24.4
2025-12-31,-9.4,-17.3,0.48,0.34,0.00,19.9
2026-01-01,-11.3,-20.0,0.00,0.00,0.00,26.0
2026-01-02,-10.0,-20.0,0.00,0.00,0.00,18.1
2026-01-03,-10.2,-18.1,0.00,0.00,0.00,19.4
2026-01-04,-11.0,-21.6,0.00,0.00,0.00,9.1
2026-01-05,-13.6,-21.9,0.00,0.00,0.00,12.4
2026-01-06,-12.5,-20.5,0.00,0.00,0.00,14.1
2026-01-07,-14.1,-25.1,0.00,0.00,0.00,13.9
2026-01-08,-10.4,-22.1,2.89,2.02,0.00,16.1
2026-01-09,-13.3,-20.7,0.32,0.23,0.00,18.3
2026-01-10,-15.8,-26.7,0.00,0.00,0.00,25.5
2026-01-11,-10.1,-18.4,0.23,0.16,0.00,28.3
2026-01-12,-10.9,-18.6,0.00,0.00,0.00,27.8
2026-01-13,-3.3,-5.2,0.00,0.00,0.00,9.6
2026-01-14,-0.2,-9.2,0.00,0.00,0.00,22.1
2026-01-15,-6.8,-17.4,0.00,0.00,0.00,19.8
2026-01-16,-3.3,-10.5,0.00,0.00,0.00,22.6
2026-01-17,0.8,-7.9,1.18,0.83,0.00,21.4
2026-01-18,-1.7,-10.5,0.00,0.00,0.00,18.2
2026-01-19,-5.1,-13.7,0.00,0.00,0.00,14.8
2026-01-20,1.4,-8.2,0.00,0.00,0.00,32.7
2026-01-21,-1.6,-10.2,0.00,0.00,0.00,21.6
2026-01-22,-0.9,-9.0,0.00,0.00,0.00,24.0
2026-01-23,-2.5,-13.2,0.75,0.52,0.00,17.3
2026-01-24,-2.9,-14.9,0.00,0.00,0.00,23.6
2026-01-25,-2.4,-13.5,0.00,0.00,0.00,13.9
2026-01-26,-2.0,-15.0,0.00,0.00,0.00,10.6
2026-01-27,-6.0,-16.3,0.00,0.00,0.00,15.3
2026-01-28,-8.8,-17.4,0.00,0.00,0.00,18.6
2026-01-29,-8.9,-14.9,0.00,0.00,0.00,14.0
2026-01-30,-14.5,-22.3,0.00,0.00,0.00,11.6
2026-01-31,-20.8,-31.4,0.00,0.00,0.00,15.7
2026-02-01,-12.6,-22.8,0.00,0.00,0.00,10.6
2026-02-02,-13.5,-21.0,1.27,0.89,0.00,19.1
2026-02-03,-13.7,-22.7,0.00,0.00,0.00,19.9
2026-02-04,-12.1,-21.0,0.00,0.00,0.00,14.8
2026-02-05,-14.4,-24.9,0.00,0.00,0.00,17.2
2026-02-06,-14.9,-25.2,0.00,0.00,0.00,9.3
2026-02-07,-14.4,-23.1,0.00,0.00,0.00,27.4
2026-02-08,-11.9,-17.1,0.32,0.23,0.00,19.7
2026-02-09,-6.9,-17.2,0.12,0.08,0.00,23.2
2026-02-10,-5.4,-16.3,0.00,0.00,0.00,25.3
2026-02-11,-9.7,-17.7,0.00,0.00,0.00,27.1
2026-02-12,-10.4,-16.2,0.00,0.00,0.00,7.3
2026-02-13,-0.8,-8.5,0.00,0.00,0.00,14.1
2026-02-14,-1.9,-11.5,0.00,0.00,0.00,21.8
2026-02-15,-0.7,-7.9,3.04,2.13,0.00,11.3
2026-02-16,-4.9,-12.9,0.00,0.00,0.00,20.5
2026-02-17,-9.1,-15.8,1.78,1.24,0.00,11.7
2026-02-18,-11.0,-16.6,0.00,0.00,0.00,18.8
2026-02-19,-8.7,-12.1,0.00,0.00,0.00,16.3
2026-02-20,-9.2,-14.8,0.00,0.00,0.00,11.6
2026-02-21,-10.4,-19.8,0.00,0.00,0.00,22.0
2026-02-22,-9.2,-19.8,0.00,0.00,0.00,13.9
2026-02-23,-4.3,-13.5,0.00,0.00,0.00,18.6
2026-02-24,0.2,-9.3,1.90,1.33,0.00,25.3
2026-02-25,2.8,-6.8,0.00,0.00,0.00,11.0
2026-02-26,-5.2,-10.8,0.00,0.00,0.00,10.9
2026-02-27,-6.1,-13.0,0.00,0.00,0.00,13.6
2026-02-28,1.0,-11.6,2.36,1.65,0.00,10.2
2026-03-01,-0.3,-10.3,0.00,0.00,0.00,13.4
2026-03-02,0.1,-9.6,0.00,0.00,0.00,12.7
2026-03-03,1.0,-10.4,0.00,0.00,0.00,21.4
2026-03-04,0.4,-6.4,0.00,0.00,0.00,21.2
2026-03-05,4.9,-3.7,0.00,0.00,0.00,25.7
2026-03-06,5.2,-1.9,0.00,0.00,0.00,18.6
2026-03-07,0.7,-6.6,0.00,0.00,0.00,14.5
2026-03-08,2.9,-11.3,0.00,0.00,0.00,17.7
2026-03-09,1.0,-7.3,0.00,0.00,0.00,15.2
2026-03-10,-0.9,-8.5,0.00,0.00,0.00,20.7
2026-03-11,0.6,-8.9,0.00,0.00,0.00,10.7
2026-03-12,7.1,-2.2,0.00,0.00,0.00,19.1
2026-03-13,2.7,-6.3,0.00,0.00,0.00,12.3
2026-03-14,-2.8,-13.8,0.00,0.00,0.00,7.4
2026-03-15,3.5,-4.7,0.00,0.00,0.00,16.8
2026-03-16,6.9,-3.1,0.00,0.00,0.00,15.5
2026-03-17,3.9,-4.1,0.00,0.00,0.00,16.5
2026-03-18,-0.3,-11.2,0.19,0.13,0.00,18.5
2026-03-19,0.9,-8.9,1.49,1.04,0.00,19.3
2026-03-20,4.0,-5.8,1.23,0.86,0.00,30.2
2026-03-21,-2.6,-9.1,0.00,0.00,0.00,26.3
2026-03-22,-4.7,-14.7,0.00,0.00,0.00,13.5
2026-03-23,-5.2,-13.8,0.12,0.08,0.00,23.9
2026-03-24,-8.0,-15.6,0.00,0.00,0.00,14.6
2026-03-25,-4.8,-13.3,0.00,0.00,0.00,20.4
2026-03-26,-0.9,-8.2,0.00,0.00,0.00,23.8
2026-03-27,-1.6,-7.0,0.00,0.00,0.00,16.1
2026-03-28,1.5,-5.6,0.00,0.00,0.00,19.8
2026-03-29,1.7,-8.5,2.83,1.98,0.00,15.5
2026-03-30,4.6,-5.7,0.00,0.00,0.00,14.9
2026-03-31,7.4,-2.3,0.00,0.00,0.00,18.6
2026-04-01,10.0,2.7,0.16,0.00,0.16,21.9
2026-04-02,10.8,1.8,0.89,0.00,0.89,19.2
2026-04-03,8.6,2.9,0.00,0.00,0.00,21.8
2026-04-04,6.8,-2.1,1.16,0.00,1.16,24.3
2026-04-05,9.2,-0.4,0.00,0.00,0.00,19.7
2026-04-06,6.5,1.5,0.39,0.00,0.39,18.0
2026-04-07,10.1,1.6,0.00,0.00,0.00,16.2
2026-04-08,5.8,-0.3,0.00,0.00,0.00,8.7
2026-04-09,9.6,-0.8,0.00,0.00,0.00,22.3
2026-04-10,8.9,1.6,0.00,0.00,0.00,24.6
2026-04-11,11.0,0.0,0.00,0.00,0.00,16.6
2026-04-12,10.1,-0.5,0.00,0.00,0.00,16.5
2026-04-13,9.6,2.4,0.00,0.00,0.00,15.2
2026-04-14,11.1,1.9,0.00,0.00,0.00,10.5
2026-04-15,10.0,-0.3,0.00,0.00,0.00,20.6
2026-04-16,8.2,1.1,4.36,0.00,4.36,11.3
2026-04-17,9.7,-1.8,0.00,0.00,0.00,18.2
2026-04-18,11.2,0.6,2.81,0.00,2.81,20.8
2026-04-19,9.3,-0.3,3.70,0.00,3.70,11.2
2026-04-20,6.4,1.4,0.00,0.00,0.00,13.2
2026-04-21,7.9,0.6,0.00,0.00,0.00,13.6
2026-04-22,7.3,-1.2,0.00,0.00,0.00,26.5
2026-04-23,9.7,0.2,0.00,0.00,0.00,22.7
2026-04-24,10.4,0.6,0.00,0.00,0.00,23.8
2026-04-25,9.5,-0.5,2.18,0.00,2.18,28.0
2026-04-26,12.1,3.4,0.00,0.00,0.00,9.5
2026-04-27,15.0,3.5,0.00,0.00,0.00,22.0
2026-04-28,16.6,6.8,0.00,0.00,0.00,19.3
2026-04-29,16.7,5.4,0.00,0.00,0.00,26.6
2026-04-30,13.1,5.9,1.45,0.00,1.45,15.4
2026-05-01,17.0,4.0,0.00,0.00,0.00,23.6
2026-05-02,18.1,5.5,0.00,0.00,0.00,10.2
2026-05-03,17.6,5.0,0.00,0.00,0.00,22.0
2026-05-04,19.6,5.0,0.00,0.00,0.00,20.3
2026-05-05,21.0,7.1,0.00,0.00,0.00,24.3
2026-05-06,18.5,3.5,0.00,0.00,0.00,16.5
2026-05-07,20.1,5.5,0.00,0.00,0.00,19.7
2026-05-08,19.9,7.3,0.00,0.00,0.00,11.7
2026-05-09,21.5,10.1,0.00,0.00,0.00,27.0
2026-05-10,19.1,5.7,0.00,0.00,0.00,23.2
2026-05-11,17.1,7.6,0.00,0.00,0.00,9.4
2026-05-12,17.5,5.7,5.18,0.00,5.18,25.3
2026-05-13,20.7,11.0,0.00,0.00,0.00,16.2
2026-05-14,22.8,11.6,0.69,0.00,0.69,15.1
2026-05-15,22.8,11.1,0.00,0.00,0.00,18.7
2026-05-16,23.6,11.7,0.00,0.00,0.00,23.2
2026-05-17,26.0,13.3,0.00,0.00,0.00,16.0
2026-05-18,21.9,10.4,0.00,0.00,0.00,20.2
2026-05-19,22.3,9.7,0.00,0.00,0.00,15.4
2026-05-20,23.7,12.3,0.00,0.00,0.00,8.4
2026-05-21,22.7,7.6,0.00,0.00,0.00,16.7
2026-05-22,24.5,12.4,0.00,0.00,0.00,13.4
2026-05-23,24.4,12.3,0.00,0.00,0.00,18.4
2026-05-24,23.2,7.5,0.00,0.00,0.00,22.6
2026-05-25,22.3,8.3,0.00,0.00,0.00,11.2
2026-05-26,22.2,10.0,9.17,0.00,9.17,20.3
2026-05-27,23.5,10.0,0.00,0.00,0.00,17.1
2026-05-28,25.1,13.1,0.00,0.00,0.00,13.6
2026-05-29,25.2,15.5,0.04,0.00,0.04,17.4
2026-05-30,27.5,16.6,1.73,0.00,1.73,16.7
2026-05-31,26.3,11.6,0.00,0.00,0.00,14.9
2026-06-01,27.3,13.7,2.17,0.00,2.17,16.7
2026-06-02,26.2,14.4,0.00,0.00,0.00,23.2
2026-06-03,25.7,11.2,0.00,0.00,0.00,13.9
2026-06-04,23.1,8.2,0.00,0.00,0.00,19.2
2026-06-05,22.0,6.5,3.12,0.00,3.12,15.1
2026-06-06,20.3,9.2,0.00,0.00,0.00,14.7
2026-06-07,22.5,10.3,0.00,0.00,0.00,16.4
2026-06-08,25.2,12.6,0.00,0.00,0.00,10.8
2026-06-09,24.8,10.8,0.00,0.00,0.00,17.5
2026-06-10,24.4,11.3,1.78,0.00,1.78,7.6
2026-06-11,24.2,10.8,1.24,0.00,1.24,20.4
2026-06-12,26.2,15.0,0.00,0.00,0.00,20.4
2026-06-13,24.0,13.7,0.00,0.00,0.00,15.2
2026-06-14,25.1,10.3,0.00,0.00,0.00,19.5
2026-06-15,27.6,12.3,0.00,0.00,0.00,5.5
2026-06-16,18.8,8.8,0.00,0.00,0.00,10.1
2026-06-17,21.1,7.4,0.00,0.00,0.00,15.0
2026-06-18,21.7,9.5,0.41,0.00,0.41,18.0
2026-06-19,24.5,12.0,0.00,0.00,0.00,17.5
2026-06-20,25.5,13.8,4.15,0.00,4.15,14.4
2026-06-21,25.8,11.4,0.00,0.00,0.00,11.8
2026-06-22,26.3,13.1,0.00,0.00,0.00,8.1
2026-06-23,27.5,17.9,0.00,0.00,0.00,15.1
2026-06-24,28.8,16.3,0.00,0.00,0.00,17.1
2026-06-25,26.6,16.7,3.38,0.00,3.38,11.6
2026-06-26,26.3,12.7,3.46,0.00,3.46,15.9
2026-06-27,25.6,13.8,0.00,0.00,0.00,16.4
2026-06-28,28.1,14.1,11.91,0.00,11.91,15.1
2026-06-29,25.6,13.5,0.00,0.00,0.00,10.4
2026-06-30,26.2,13.7,0.00,0.00,0.00,12.4
2026-07-01,29.2,16.1,0.00,0.00,0.00,19.4
2026-07-02,25.4,14.1,0.00,0.00,0.00,16.5
2026-07-03,28.3,14.5,0.00,0.00,0.00,14.8
2026-07-04,28.5,14.7,0.00,0.00,0.00,14.9
2026-07-05,30.4,17.7,0.00,0.00,0.00,15.4
2026-07-06,24.6,16.2,0.45,0.00,0.45,14.7
2026-07-07,27.0,14.0,0.00,0.00,0.00,20.0
2026-07-08,28.6,13.5,0.00,0.00,0.00,21.3
2026-07-09,28.7,12.6,0.00,0.00,0.00,11.9
2026-07-10,28.3,15.6,7.20,0.00,7.20,13.5
2026-07-11,27.0,15.1,0.00,0.00,0.00,6.2
2026-07-12,26.9,12.8,3.10,0.00,3.10,13.0
2026-07-13,29.0,18.7,0.00,0.00,0.00,11.9
2026-07-14,31.5,16.8,5.71,0.00,5.71,16.4
2026-07-15,29.2,15.4,1.71,0.00,1.71,9.1
2026-07-16,30.8,18.6,0.63,0.00,0.63,7.4
2026-07-17,33.7,20.2,0.00,0.00,0.00,16.1
2026-07-18,29.0,19.6,0.00,0.00,0.00,13.3
2026-07-19,26.7,16.2,0.00,0.00,0.00,16.4
2026-07-20,26.0,15.3,0.00,0.00,0.00,6.6
2026-07-21,30.7,15.5,3.13,0.00,3.13,23.1
2026-07-22,29.9,20.1,0.00,0.00,0.00,19.8
2026-07-23,29.6,14.4,11.89,0.00,11.89,21.9
2026-07-24,29.2,14.0,0.00,0.00,0.00,15.2
2026-07-25,32.4,17.7,10.02,0.00,10.02,12.1
2026-07-26,29.5,15.4,0.00,0.00,0.00,12.9
2026-07-27,28.4,12.6,0.00,0.00,0.00,6.9
2026-07-28,27.9,12.6,0.30,0.00,0.30,15.6
2026-07-29,26.7,13.1,0.00,0.00,0.00,21.4
2026-07-30,26.2,14.0,3.99,0.00,3.99,20.5
2026-07-31,25.7,14.6,0.00,0.00,0.00,12.5
2026-08-01,25.0,12.7,2.72,0.00,2.72,22.6
2026-08-02,23.4,11.7,3.78,0.00,3.78,20.9
2026-08-03,24.8,12.4,0.00,0.00,0.00,20.5
2026-08-04,24.2,10.6,0.00,0.00,0.00,15.4
2026-08-05,21.5,12.1,0.00,0.00,0.00,18.2
2026-08-06,20.1,9.5,0.00,0.00,0.00,21.7
2026-08-07,20.5,8.7,0.00,0.00,0.00,23.6
2026-08-08,23.0,7.4,0.00,0.00,0.00,11.0
2026-08-09,23.7,13.6,0.90,0.00,0.90,2.2
2026-08-10,20.9,9.3,0.00,0.00,0.00,12.4
2026-08-11,22.4,11.3,0.00,0.00,0.00,9.7
2026-08-12,22.6,7.3,0.00,0.00,0.00,15.3
2026-08-13,20.3,10.3,0.35,0.00,0.35,9.5
2026-08-14,22.7,9.9,0.00,0.00,0.00,19.9
2026-08-15,26.4,11.1,0.00,0.00,0.00,12.5
2026-08-16,23.5,10.8,2.84,0.00,2.84,15.6
2026-08-17,26.8,11.1,0.00,0.00,0.00,15.5
2026-08-18,23.4,9.4,6.41,0.00,6.41,15.7
2026-08-19,26.5,12.7,0.00,0.00,0.00,9.7
2026-08-20,25.2,12.9,6.01,0.00,6.01,22.9
2026-08-21,26.2,12.4,1.94,0.00,1.94,7.4
2026-08-22,28.5,12.7,0.00,0.00,0.00,13.3
2026-08-23,27.8,13.0,2.13,0.00,2.13,13.4
2026-08-24,25.8,14.1,0.00,0.00,0.00,12.6
2026-08-25,25.0,10.1,0.00,0.00,0.00,11.2
2026-08-26,27.0,16.3,0.23,0.00,0.23,4.5
2026-08-27,24.4,11.7,0.00,0.00,0.00,10.8
2026-08-28,25.0,8.9,7.16,0.00,7.16,10.2
2026-08-29,23.3,11.7,0.00,0.00,0.00,8.8
2026-08-30,20.8,6.0,0.00,0.00,0.00,17.4
2026-08-31,18.8,5.4,0.29,0.00,0.29,15.4
2026-09-01,16.8,5.1,0.00,0.00,0.00,21.4
2026-09-02,17.5,8.4,0.00,0.00,0.00,22.0
2026-09-03,17.8,9.8,0.00,0.00,0.00,17.7
2026-09-04,18.0,9.2,0.00,0.00,0.00,8.9
2026-09-05,15.9,6.4,1.73,0.00,1.73,18.9
2026-09-06,16.5,6.9,0.91,0.00,0.91,12.7
2026-09-07,14.0,9.2,0.00,0.00,0.00,15.0
2026-09-08,11.9,3.5,0.00,0.00,0.00,5.6
2026-09-09,12.1,3.7,0.00,0.00,0.00,13.8
2026-09-10,12.8,6.6,0.00,0.00,0.00,14.7
2026-09-11,14.0,2.2,0.00,0.00,0.00,10.4
2026-09-12,12.1,2.1,4.34,0.00,4.34,18.1
2026-09-13,13.6,4.1,0.00,0.00,0.00,16.9
2026-09-14,11.1,2.6,0.00,0.00,0.00,20.9
2026-09-15,14.7,5.5,0.50,0.00,0.50,24.4
2026-09-16,15.0,4.5,0.51,0.00,0.51,20.4
2026-09-17,14.7,9.4,2.86,0.00,2.86,14.4
2026-09-18,13.0,1.9,0.00,0.00,0.00,9.4
2026-09-19,13.7,6.6,0.00,0.00,0.00,2.0
2026-09-20,13.2,4.9,0.00,0.00,0.00,10.7
2026-09-21,5.7,-2.1,0.00,0.00,0.00,11.5
2026-09-22,9.3,1.2,0.88,0.00,0.88,8.9
2026-09-23,6.8,1.1,0.00,0.00,0.00,10.3
2026-09-24,8.1,-2.0,4.11,0.00,4.11,20.1
2026-09-25,8.4,-0.7,0.00,0.00,0.00,13.1
2026-09-26,6.8,-2.7,0.00,0.00,0.00,9.2
2026-09-27,7.7,-2.5,0.00,0.00,0.00,15.0
2026-09-28,7.8,-0.3,0.00,0.00,0.00,7.4
2026-09-29,9.7,2.7,4.61,0.00,4.61,8.5
2026-09-30,10.2,0.7,0.00,0.00,0.00,16.3
2026-10-01,11.1,3.5,6.32,0.00,6.32,13.0
2026-10-02,11.4,0.8,0.00,0.00,0.00,19.3
2026-10-03,10.1,3.3,2.89,0.00,2.89,12.7
2026-10-04,9.5,1.9,0.00,0.00,0.00,11.7
2026-10-05,12.6,0.8,0.00,0.00,0.00,10.8
2026-10-06,9.1,0.5,0.00,0.00,0.00,9.7
2026-10-07,8.1,0.6,0.00,0.00,0.00,23.7
2026-10-08,4.5,-3.2,0.00,0.00,0.00,13.9
2026-10-09,6.9,-2.4,0.00,0.00,0.00,15.3
