osm_relation_id,name,name_ru,name_kk,admin_level,wikidata,territory_assignment,area_km2_utm42n_derived,osm_base_timestamp,license,source_file,dataset_id,kind
3403760,Целиноград ауданы,Целиноградский район,Целиноград ауданы,6,Q2224859,not_astana (hypothesis: Akmola region unit; verify),,2026-09-22T08:45:51Z,"ODbL 1.0, © OpenStreetMap contributors",BAITC-Hacks/hack-d3b2c613-stupits@834a25fb:data/geo_sources/astana_districts_overpass.json,AST-A02-D002,observed (area: derived)
3403782,Аршалы ауданы,Аршалынский район,Аршалы ауданы,6,Q2321988,not_astana (hypothesis: Akmola region unit; verify),,2026-09-22T08:45:51Z,"ODbL 1.0, © OpenStreetMap contributors",BAITC-Hacks/hack-d3b2c613-stupits@834a25fb:data/geo_sources/astana_districts_overpass.json,AST-A02-D002,observed (area: derived)
3404061,Шортанды ауданы,Шортандинский район,Шортанды ауданы,6,Q2556281,not_astana (hypothesis: Akmola region unit; verify),,2026-09-22T08:45:51Z,"ODbL 1.0, © OpenStreetMap contributors",BAITC-Hacks/hack-d3b2c613-stupits@834a25fb:data/geo_sources/astana_districts_overpass.json,AST-A02-D002,observed (area: derived)
3479876,Есіл ауданы,район Есиль,,6,Q16648877,astana_district (OSM; official confirmation pending),194.5,2026-09-22T08:45:51Z,"ODbL 1.0, © OpenStreetMap contributors",BAITC-Hacks/hack-d3b2c613-stupits@834a25fb:data/geo_sources/astana_districts_overpass.json,AST-A02-D002,observed (area: derived)
3482819,Алматы ауданы,район Алматы,,6,Q12528524,astana_district (OSM; official confirmation pending),93.4,2026-09-22T08:45:51Z,"ODbL 1.0, © OpenStreetMap contributors",BAITC-Hacks/hack-d3b2c613-stupits@834a25fb:data/geo_sources/astana_districts_overpass.json,AST-A02-D002,observed (area: derived)
3486954,Сарыарқа ауданы,район Сарыарка,Сарыарқа ауданы,6,Q16694762,astana_district (OSM; official confirmation pending),67.8,2026-09-22T08:45:51Z,"ODbL 1.0, © OpenStreetMap contributors",BAITC-Hacks/hack-d3b2c613-stupits@834a25fb:data/geo_sources/astana_districts_overpass.json,AST-A02-D002,observed (area: derived)
8593081,Байқоңыр ауданы,район Байконур,Байқоңыр ауданы,6,Q57782659,astana_district (OSM; official confirmation pending),183.5,2026-09-22T08:45:51Z,"ODbL 1.0, © OpenStreetMap contributors",BAITC-Hacks/hack-d3b2c613-stupits@834a25fb:data/geo_sources/astana_districts_overpass.json,AST-A02-D002,observed (area: derived)
15594335,Қосшы қалалық әкімдігі,городская администрация Косшы,Қосшы қалалық әкімдігі,6,,not_astana (hypothesis: Akmola region unit; verify),,2026-09-22T08:45:51Z,"ODbL 1.0, © OpenStreetMap contributors",BAITC-Hacks/hack-d3b2c613-stupits@834a25fb:data/geo_sources/astana_districts_overpass.json,AST-A02-D002,observed (area: derived)
17952313,Тайтөбе ауылдық әкімдігі,Тайтобинская сельская администрация,Тайтөбе ауылдық әкімдігі,8,Q56367432,not_astana (hypothesis: Akmola region unit; verify),,2026-09-22T08:45:51Z,"ODbL 1.0, © OpenStreetMap contributors",BAITC-Hacks/hack-d3b2c613-stupits@834a25fb:data/geo_sources/astana_districts_overpass.json,AST-A02-D002,observed (area: derived)
19733918,Сарайшық ауданы,район Сарайшык,Сарайшық ауданы,8,,astana_district (OSM; official confirmation pending),61.4,2026-09-22T08:45:51Z,"ODbL 1.0, © OpenStreetMap contributors",BAITC-Hacks/hack-d3b2c613-stupits@834a25fb:data/geo_sources/astana_districts_overpass.json,AST-A02-D002,observed (area: derived)
20593940,Нұра ауданы,район Нура,Нұра ауданы,6,,astana_district (OSM; official confirmation pending),188.5,2026-09-22T08:45:51Z,"ODbL 1.0, © OpenStreetMap contributors",BAITC-Hacks/hack-d3b2c613-stupits@834a25fb:data/geo_sources/astana_districts_overpass.json,AST-A02-D002,observed (area: derived)
