segment_id,kind,district_idx,material,age_years,high_pressure,length_km,pop_in_zone,critical_in_zone,complaints_12m
SYN-0000,synthetic,1,steel_or_cast_iron,21.1,0,0.61,899,0,3
SYN-0001,synthetic,1,polyethylene,6.8,0,1.07,2874,0,0
SYN-0002,synthetic,0,steel_or_cast_iron,36.8,0,0.84,1552,0,0
SYN-0003,synthetic,2,asbestos_cement,45.0,0,0.97,2405,0,4
SYN-0004,synthetic,3,asbestos_cement,15.0,1,1.56,2600,0,8
SYN-0005,synthetic,0,asbestos_cement,8.3,0,1.92,528,0,0
SYN-0006,synthetic,4,polyethylene,18.0,0,1.71,2621,0,0
SYN-0007,synthetic,2,steel_or_cast_iron,30.6,0,1.35,1163,0,2
SYN-0008,synthetic,1,polyethylene,1.2,0,1.39,2185,0,0
SYN-0009,synthetic,3,polyethylene,1.8,1,1.28,1037,0,0
SYN-0010,synthetic,3,polyethylene,10.0,1,0.54,1442,0,0
SYN-0011,synthetic,3,steel_or_cast_iron,47.6,0,0.39,2649,0,0
SYN-0012,synthetic,2,steel_or_cast_iron,55.2,0,1.16,2701,0,5
SYN-0013,synthetic,2,asbestos_cement,14.5,1,1.62,4742,0,2
SYN-0014,synthetic,2,polyethylene,19.2,0,0.99,1548,0,0
SYN-0015,synthetic,2,polyethylene,24.3,1,1.35,1782,0,2
SYN-0016,synthetic,0,polyethylene,12.9,0,0.86,1299,0,0
SYN-0017,synthetic,1,asbestos_cement,50.4,0,1.81,492,0,6
SYN-0018,synthetic,2,polyethylene,12.5,0,1.98,532,0,2
SYN-0019,synthetic,1,steel_or_cast_iron,39.1,0,1.73,4137,1,3
