dataset_id,osm_relation,name_ru,name_kk,admin_level,addr_region_tag,kato_tag,wikidata,is_astana_district,area_km2_geodesic,shared_boundary_with_astana_km,area_in_2km_ring_km2,osm_base,attribution
AST-A04-D001,3403760,Целиноградский район,Целиноград ауданы,6,Ақмола облысы,,Q2224859,False,7666.7,144.2,317.1,2026-09-22T08:45:51Z,"© OpenStreetMap contributors, ODbL; не юридические границы"
AST-A04-D001,3403782,Аршалынский район,Аршалы ауданы,6,Ақмола облысы,,Q2321988,False,5846.9,10.8,21.6,2026-09-22T08:45:51Z,"© OpenStreetMap contributors, ODbL; не юридические границы"
AST-A04-D001,3404061,Шортандинский район,Шортанды ауданы,6,Ақмола облысы,,Q2556281,False,4681.7,22.2,38.3,2026-09-22T08:45:51Z,"© OpenStreetMap contributors, ODbL; не юридические границы"
AST-A04-D001,3479876,район Есиль,Есіл ауданы,6,,711210000,Q16648877,True,194.6,,,2026-09-22T08:45:51Z,"© OpenStreetMap contributors, ODbL; не юридические границы"
AST-A04-D001,3482819,район Алматы,Алматы ауданы,6,,711110000,Q12528524,True,93.4,,,2026-09-22T08:45:51Z,"© OpenStreetMap contributors, ODbL; не юридические границы"
AST-A04-D001,3486954,район Сарыарка,Сарыарқа ауданы,6,,711310000,Q16694762,True,67.8,,,2026-09-22T08:45:51Z,"© OpenStreetMap contributors, ODbL; не юридические границы"
AST-A04-D001,8593081,район Байконур,Байқоңыр ауданы,6,,711410000,Q57782659,True,183.5,,,2026-09-22T08:45:51Z,"© OpenStreetMap contributors, ODbL; не юридические границы"
AST-A04-D001,15594335,городская администрация Косшы,Қосшы қалалық әкімдігі,6,Ақмола облысы,,,False,141.2,12.5,26.6,2026-09-22T08:45:51Z,"© OpenStreetMap contributors, ODbL; не юридические границы"
AST-A04-D001,17952313,Тайтобинская сельская администрация,Тайтөбе ауылдық әкімдігі,8,,,Q56367432,False,89.3,7.4,13.7,2026-09-22T08:45:51Z,"© OpenStreetMap contributors, ODbL; не юридические границы"
AST-A04-D001,19733918,район Сарайшык,Сарайшық ауданы,8,,,,True,61.4,,,2026-09-22T08:45:51Z,"© OpenStreetMap contributors, ODbL; не юридические границы"
AST-A04-D001,20593940,район Нура,Нұра ауданы,6,,,,True,188.6,,,2026-09-22T08:45:51Z,"© OpenStreetMap contributors, ODbL; не юридические границы"
