route,direction_id,band,n_headways,mean_headway_min,median_headway_min,p90_headway_min,cv,wait_if_regular_min,wait_random_arrival_min,share_headway_gt_2x_mean
10,1,06-09,655,15.27,11.05,33.67,1.15,7.63,17.72,0.118
10,1,09-16,1545,13.28,10.7,25.36,0.809,6.64,10.99,0.091
10,1,16-19,524,16.88,12.6,32.23,1.03,8.44,17.39,0.092
10,1,19-23,426,14.66,12.03,29.88,0.799,7.33,12.01,0.108
10,2,06-09,677,14.68,10.32,33.9,0.985,7.34,14.47,0.121
10,2,09-16,1546,14.22,11.37,26.85,0.937,7.11,13.34,0.086
10,2,16-19,497,17.84,13.38,34.4,0.947,8.92,16.91,0.097
10,2,19-23,344,19.25,14.05,42.26,0.854,9.62,16.64,0.128
12,1,06-09,524,19.28,13.97,44.71,1.131,9.64,21.97,0.126
12,1,09-16,1380,15.75,14.03,26.62,0.637,7.88,11.07,0.051
12,1,16-19,487,19.58,16.8,32.28,0.837,9.79,16.65,0.049
12,1,19-23,334,19.71,17.0,36.54,0.715,9.85,14.89,0.084
12,2,06-09,434,23.02,17.03,62.34,0.967,11.51,22.27,0.138
12,2,09-16,1138,19.99,16.98,34.98,0.72,9.99,15.18,0.074
12,2,16-19,411,23.21,18.82,43.17,0.724,11.6,17.69,0.083
12,2,19-23,153,26.38,19.03,51.67,0.875,13.19,23.28,0.098
46,1,06-09,735,13.57,9.35,29.11,1.226,6.79,16.98,0.112
46,1,09-16,1878,12.11,10.42,22.62,0.782,6.05,9.76,0.084
46,1,16-19,663,14.07,12.75,26.89,0.767,7.03,11.17,0.092
46,1,19-23,453,16.04,13.33,31.48,0.796,8.02,13.1,0.097
46,2,06-09,763,13.0,9.55,25.46,1.139,6.5,14.94,0.097
46,2,09-16,1967,11.49,10.57,18.95,0.655,5.74,8.21,0.048
46,2,16-19,721,13.01,11.3,21.93,0.745,6.51,10.11,0.064
46,2,19-23,619,12.46,11.22,21.78,0.705,6.23,9.33,0.065
