uid,tz,sqm,hours,missing_frac,night_to_day_ratio,annual_kwh,eui_kwh_m2,M1_hour_of_week_val_hourly_cvrmse,M1_hour_of_week_val_nmbe,M1_hour_of_week_val_daily_cvrmse,M1_hour_of_week_test_hourly_cvrmse,M1_hour_of_week_test_nmbe,M1_hour_of_week_test_daily_cvrmse,M1_hour_of_week_test_month8_nmbe,M1_hour_of_week_test_month9_nmbe,M1_hour_of_week_test_month10_nmbe,M1_hour_of_week_test_month11_nmbe,M2_how_plus_temp_val_hourly_cvrmse,M2_how_plus_temp_val_nmbe,M2_how_plus_temp_val_daily_cvrmse,M2_how_plus_temp_test_hourly_cvrmse,M2_how_plus_temp_test_nmbe,M2_how_plus_temp_test_daily_cvrmse,M2_how_plus_temp_test_month8_nmbe,M2_how_plus_temp_test_month9_nmbe,M2_how_plus_temp_test_month10_nmbe,M2_how_plus_temp_test_month11_nmbe
PrimClass_Everett,America/New_York,9804.05359,8477,0.0157,0.5189913805295469,21275.74615447647,2.1700968848413313,27.228934796348472,13.032823020540379,22.68808687362042,27.8522039709137,-4.543339953195868,21.94409176877707,11.290750223290186,-2.4180492629314543,-16.32146777660419,-16.792615226642823,23.98876002902592,-0.4526875766654617,16.576547066608473,26.77078845577129,-3.2141255876687542,20.636379282329116,7.056108860579836,0.8429556961869857,-12.413924360136116,-12.79335920799255
PrimClass_Elisabeth,America/New_York,21652.15899,8648,0.0149,0.21045358627611377,67125.08192775697,3.100156522901875,38.994319148835324,15.144765366123785,26.291082026589823,43.61546410405236,4.7655598457953605,28.194789363537545,20.14444204896853,9.93819705764834,3.3040897354331777,-20.37955011625263,40.68364277125567,19.08808719097094,28.315753843266517,43.971646628326035,4.5947092805540475,28.394444449102988,21.30496223998861,9.50014517193483,2.6848597716376514,-21.33493053990954
PrimClass_Jolie,Europe/London,2927.0,8315,0.0508,0.10526315789473685,10867.512683967985,3.7128502507577674,75.07367036737504,-18.177876082166613,45.856265901310195,85.26021448360895,-15.67966739960232,55.766314955463116,-199.4572661627422,6.688895150931543,-10.522462161001505,13.937093736689658,262.80537010602916,102.42217969638274,191.48325300361316,113.85501082963835,34.62233705534509,70.55239888475404,109.84966415995196,39.96841353397036,12.160491097421756,25.342343550263067
PrimClass_Jaylin,Europe/London,4373.0,8134,0.0715,0.16216215861943029,18610.23300585112,4.255713013000485,76.31845712492903,-6.351973659019759,43.816615661839414,87.52590700750365,-15.20243339801532,50.92937903673384,-144.7175832000032,10.321566391468421,-8.8765495082664,7.5334983753914795,83.24833372636455,23.67796441243822,53.146215647380394,83.93477722977532,6.344033676155273,43.492409688041384,-67.3189093208818,26.98906161849396,5.289929995794997,16.58847719448973
PrimClass_Esmeralda,America/New_York,25682.38403,8754,0.0028,0.45688156258713514,113461.75766401818,4.417882605114919,49.09210892260502,44.59384683045347,46.231105665697704,31.98746765598946,14.359192103771615,26.56313316446482,29.360084351249338,12.986345744648784,10.980254065052963,-0.9527937922524106,24.283139981239575,13.866544634072028,17.59064080476955,33.000650640359,17.330364577713123,27.057521766384117,4.961354887719023,11.104985768483186,33.022944132998916,24.146679159273628
PrimClass_Eoghan,America/New_York,29301.97781,8740,0.0028,0.45730136112638153,129453.44871469213,4.4179082229225175,49.253812878091516,44.765475597444265,46.33335746977148,32.04960151821885,14.47373435898112,26.628138860733426,29.468417408752643,13.08653418136675,11.086219211424355,-0.8027428969016768,26.204176324695123,17.01206474752615,19.61101073770834,33.428025442127684,19.00405911508618,27.382853022479765,10.39027447307493,13.337047505245234,31.758481064666263,23.277277368352383
PrimClass_Edwin,America/Denver,7176.478041,8691,0.0095,0.27748112296220023,40212.448457687366,5.603368146317632,80.89575801539347,-37.23964505172808,66.62205955400363,39.30930752752748,-5.109145631077165,24.688795425658054,9.473437336370651,-2.6116199393330355,-11.429101502388614,-18.386412169117314,75.58442585954126,-18.424015846860524,57.1458247533576,42.26363011017137,-8.989609655299951,28.877124746429903,14.314437933433231,-4.229299895872837,-18.15031154595358,-32.163192658397534
PrimClass_Eli,America/New_York,10071.14972,8458,0.0179,0.33893529629422914,58607.13528409313,5.819309305640343,37.32471760891749,19.17118993122275,27.024154194607803,33.718266614943744,4.172367853573906,21.934476079267007,26.175389893529523,-0.4065619550964397,-7.9377472997623935,-7.039976375016736,33.44264618922608,9.632537508867738,21.073403913841762,31.849209105219426,5.193007769455964,20.212333746791966,21.930819147497374,1.3335665075089342,-3.9653275721021743,-3.0079809717748596
PrimClass_Ethel,America/Denver,8550.048896,8673,0.0116,0.25149750273626303,52661.80304445595,6.159239986228957,36.70149731273639,-6.6276939736257585,22.552613052905507,44.05167028482018,2.4758300624857017,24.58483416200043,11.403112020180506,9.80801547411615,-3.1562481680889283,-10.33328950198193,36.49316066871896,2.1678372380476563,21.322119802810274,45.805374318803025,1.4049386059251998,27.88881486053401,17.589370330359873,12.620712215939974,-6.2216178526485715,-21.973898365035232
PrimClass_Ernesto,America/Denver,6719.952699,8553,0.0253,0.22058527805088535,42195.07086277168,6.279072599581058,79.93725497890219,-20.609430211364266,59.434884655880346,45.62026776274664,4.423613686645777,25.65808243389658,13.65579977348579,9.656935211481006,-0.6690289220995032,-5.163317478906045,78.41457127322433,1.4564328025001112,54.866154036519745,47.79199469824493,0.6192574086040411,29.009872403405254,21.110730263185022,10.040652987699703,-7.631719465264685,-21.330652541126128
PrimClass_Emanuela,America/Chicago,8838.048196,8424,0.0402,0.23061337091607645,59109.105037862966,6.688027008566787,58.6944616662962,4.618747734172394,35.952329834624976,56.34517665754261,2.294419357381933,38.62080059729694,26.760823461451107,14.510379015228263,-16.234506094135792,-25.91644393948292,59.28419935306999,4.835504783551855,36.521400675224086,56.73358105148572,2.012723628391445,39.32368450654611,27.181856294130675,14.560181704964705,-15.464063679567554,-28.72437372217889
PrimClass_Emilio,America/New_York,9774.789145,8524,0.0104,0.38202170398262314,68114.64863681683,6.968400814216931,41.47227825924973,37.00770647487857,39.00371246996119,38.41791980517112,5.592853110999258,34.2156905418949,37.178109468736565,-16.533291033272757,-16.034750324263133,-9.294921352788368,21.697492934598547,11.002638894802036,17.62305633741357,31.32662891351852,8.700599593477769,27.003886157909058,28.02935700275046,-8.412290575778007,-3.9737357435763974,2.465100414742495
PrimClass_Eleanor,America/New_York,7588.409943,8627,0.0173,0.2090479652892032,53979.05656629337,7.113355363212403,66.6920423848422,-25.938050174020887,48.33499223772814,43.43525248116273,3.146949690060983,26.021274036594438,15.668072637626384,6.648351712201819,-4.6891654764140664,-6.10979933225895,62.244683668970886,-14.122125934548736,40.86052108772141,43.99664027620612,2.832509127156749,27.835044598050363,17.24973551823091,9.11110403157147,-7.618227196217013,-8.916232275457412
PrimClass_Ezekiel,America/New_York,14279.0982,8571,0.0154,0.2111804202337758,109548.92707492106,7.671977987722015,37.96896332028161,-4.39300046529204,31.31478898638464,24.40964741466361,-5.810679172906049,15.965596402986515,1.0058531739072005,-4.744139685023804,-9.64323208073154,-10.388952371033959,38.376568942344704,-8.010287955984671,31.805036347392118,24.128693581632106,-5.534522876914155,15.61172886087834,-0.941783534641465,-5.675757605050663,-7.523080394584692,-8.310127803183038
PrimClass_Elliott,America/New_York,20182.34062,8220,0.0148,0.3148682803287666,156010.8346077512,7.730066474705608,31.22407443738011,-6.74796300851274,20.191514239557893,31.63834025370362,-2.561315310264576,21.552255713846403,7.053652895203008,-1.2745668039649984,-7.084486766594592,-7.625659402384571,30.687941345874673,-3.129005928209395,19.366184289614942,31.86527048444682,-2.135968548955293,22.114717334057524,7.749884040800977,1.2137197018110546,-8.39120678988933,-8.32297909181708
PrimClass_Ellen,America/Chicago,7386.067209,8694,0.0095,0.22445840095970646,57150.6896618833,7.737634663308315,59.35074599352614,14.72489189131635,40.0475336419363,43.041785776528876,-0.7729965418651086,26.25466491625617,15.498083591699913,-12.142974987674028,0.8788471048205027,-9.97058836699908,60.7535969804453,16.576870866909637,42.11169144372279,43.16133918415701,-1.1279040842614156,26.99289281010656,16.555740047688218,-7.702418195741169,-1.95996833933962,-14.162745826576549
PrimClass_Evie,America/Chicago,18326.6032,8636,0.0161,0.4384068443642687,142905.71122314024,7.797719504460065,35.01844121607995,13.70322742655484,20.14069278108252,28.678672678874893,-3.610279015029087,20.65036857562054,14.33440506215167,-2.962842465270245,-16.152646829104803,-13.340314832364626,32.49467551061718,5.058838159690915,16.553336859354378,26.33863205596085,-0.6943525771187444,18.254754536482253,11.172136776253081,0.256410131382709,-9.345561375403229,-7.376124936997475
PrimClass_Elijah,America/New_York,8746.81745,8609,0.0178,0.5412855246981811,68445.24379318432,7.825159743465814,29.479928504479854,4.583224287565806,22.01310620958911,41.225976870862496,-34.065767396830736,37.77878986019484,-20.740979811366287,-37.48717757404158,-36.18935427993489,-42.49928933977108,33.37698531368103,17.564932295067546,26.089179664551903,47.71411578537008,-35.96714430742493,43.871875207397075,-10.856097392434522,-28.828117012479083,-48.79833947149489,-57.12333388715999
PrimClass_Ezra,America/New_York,8563.705637,8623,0.0178,0.5412828383541566,67012.37886192031,7.8251614082097065,29.467050722878685,4.644170455521538,21.92574413678362,41.17371722971067,-34.009352345996376,37.729847417767246,-20.680268197564743,-37.437853692431574,-36.138861080750885,-42.43375671699599,32.30685846104009,16.982084930934047,25.485799564172332,46.39536256673054,-34.61728693357974,42.521293634001616,-10.768940538676667,-27.611075936271842,-46.01102580744768,-55.77144175397565
PrimClass_Edmund,America/New_York,8070.204901,8150,0.0189,0.20388195349315102,64138.07337343144,7.947514859936694,113.9795802981495,-84.90644816702796,99.29677195197915,50.63617758511373,-14.545278935290428,30.414549306234104,-15.53853597584717,-23.97122584016775,-2.390308532910687,-14.51046319333573,81.52959025490925,-19.250394022925516,56.46588916433957,58.078268812012766,-17.48004183190039,39.72907045633261,12.04085388357821,-12.456041762665151,-26.091651598916656,-34.945494958404865
PrimClass_Eva,America/New_York,12331.66551,8269,0.0047,0.21264586688667206,103708.55386666063,8.409938931814299,61.95969577598783,-5.885110684552348,43.56792003227109,58.56532764658948,26.062039710602917,49.679299791478115,52.19592150916184,35.47349328586683,-9.05497959440025,-0.18800786671961603,63.194430504626354,-19.82324825817101,47.75270758901392,54.62022903284864,27.342261433647927,45.807080275017675,46.48131746081414,34.9482882413025,1.2097718166416793,7.243889683784377
PrimClass_Ebony,America/Chicago,16307.91391,8621,0.0178,0.5217371767507695,160590.64853863046,9.847405954243872,22.168959512551798,9.886074429592107,14.268390484967133,24.863923617595887,-6.832644927237691,18.77458944624123,12.265776142712125,-7.335426490451152,-15.338022500844025,-21.157722052186514,20.38416823132753,3.7560488913087378,11.79378542125698,22.805194671134366,-4.817720753178375,16.33799703601778,9.38687197433043,-4.6261236276516,-10.422489519423419,-16.88455723750655
PrimClass_Ethan,America/New_York,7453.050272,8300,0.0229,0.3939867946595143,78524.36886719929,10.535870013141283,30.107723843676798,22.117205547377587,24.949525582026087,25.410525932755423,-1.4322669157586856,20.224046841326125,18.65002937135427,1.1205798453820022,-16.118749205513076,-15.731596116871422,20.767940965318953,-0.3842992530466439,14.252869224056255,21.04489361279036,-3.149823822823342,14.132670794304873,4.443980737890621,-6.095747786269528,-7.226148578932419,-6.494143315521195
PrimClass_Elmer,America/Chicago,9095.296603,8652,0.0142,0.38376299206173053,96621.96325988609,10.623288879662947,33.5013794184352,20.46052869837826,24.07688551479267,30.995985835221884,-0.21997365453501544,20.96812291902352,18.87321912079955,2.6205681357639037,-14.582917901763956,-13.630522532514117,28.1907194131897,9.603531081118941,16.604568964774277,28.635892916769155,3.64569527328287,18.196128401652224,13.158795332630572,6.355153882739274,-3.986982849331166,-4.128115494060161
PrimClass_Ervin,America/New_York,10876.52582,8552,0.0082,0.269625380657885,115423.35981694523,10.612153340794002,21.744238796421513,-1.3990706834217996,13.810533117717057,28.91870557309738,-7.027173476943335,21.673774803218663,6.554007640266072,-15.830832321768355,-13.171663962648271,-7.67744087505374,22.447831544135415,-5.477926709902377,13.188070826811629,27.863734675959684,-6.216017331165095,20.96933577785397,8.073493397987264,-10.844724611222935,-15.051658436714856,-9.150814222645343
PrimClass_Uma,Asia/Singapore,10000.0,8645,0.0126,0.20689655172413793,107765.2161849711,10.77652161849711,31.044255260448576,10.626265124754857,18.612630092333,37.95787311541851,2.1803330918344845,25.994221105320793,-10.141244641560087,11.84297222479577,-9.018302339636056,11.401134552387173,31.244941674355236,10.363474450426478,18.838530480528497,38.018723575724216,3.3708696600832435,25.996590033552636,-10.386028718344523,13.141963199518646,-6.5913907197596115,12.700622112111878
PrimClass_Ernest,America/Chicago,12046.08169,8598,0.0126,0.41987232114370443,136693.3704782734,11.347538062252124,33.75343342728686,24.0274151040714,26.588531683075114,32.61129645093452,-7.9198742832611515,24.183186879220383,15.20423575025655,-4.142145494241544,-25.64917406182534,-25.560307544520185,26.646602296827396,12.631424860943342,16.71312366882237,29.09910526738358,-3.755751711490861,19.77095218210209,10.239095952240511,0.6286592976072191,-15.271849012179135,-16.263647443032102
PrimClass_Emily,America/Chicago,25494.25545,8749,0.0033,0.5286083114608229,302174.85576674587,11.852664470212872,27.04554866128096,1.7354447594308058,15.344889554832823,33.598252767041934,22.25109211610127,28.3273882680117,20.334762718117116,21.274986235143118,28.478325083626714,18.054089812206293,30.06811698265131,13.618576019286689,20.95047269818279,31.548526259590293,18.533677118243013,26.600486206936196,29.84531210739109,22.48079282328499,17.44382463547657,4.161051160979894
PrimClass_Jayla,Europe/London,2132.0,8340,0.0479,0.21556886006669293,29981.162614061825,14.06245901222412,46.17414984017401,-6.915710095820069,27.964209484612024,62.05089869356799,-4.691598316368313,41.57332905876959,-71.68534150982103,10.020640504020422,-9.973443578125362,19.8743096958322,106.3127634266456,64.80368712521174,86.71337334572776,71.92306329385292,34.87987942348667,52.06054059890936,55.49521969231472,42.09581608891792,15.558989163266848,32.40198289511089
PrimClass_Janiya,Europe/London,2937.0,8314,0.0509,0.1437908477935837,45078.18478474844,15.348377522896984,73.85935492987831,-30.73925828543864,52.35788961663459,80.96091460371333,-13.225375304825274,56.28488565876147,-183.54078919500222,6.23058450190149,-8.6654206623058,20.174369787259582,126.37191178140033,74.50913226066777,105.49619027971252,87.35438233012782,41.651546304046306,62.491121091500396,77.78574677158272,49.69018918542384,23.269805399760894,37.601439995863814
PrimClass_Umar,Asia/Singapore,12000.0,8548,0.0236,0.17777777777777778,189079.98596983514,15.756665497486262,31.239238579860327,10.665050348246925,22.016249940259648,44.29377357473828,10.851420829550218,29.934128095284333,4.659056890700625,23.34995327942627,-0.736003646334608,12.664083275508778,31.52394241439811,10.452856555063953,22.197486129628604,44.55218934968063,11.904336517238178,30.202343254961722,4.418096140687786,24.413890532889987,1.4514684857247608,13.947250232091504
PrimClass_Janice,Europe/London,2152.0,8260,0.0571,0.20370371117969835,35404.60818331892,16.45195547551994,124.21280187442498,-70.710206492451,76.92573498009486,71.1094120235433,-8.024136208329654,34.12322218719664,-31.239484027353743,-36.14983745953339,-2.1314043052414227,20.83884590970156,148.5391150309517,108.321126405503,121.71447036373061,94.86164782631398,65.65602871742792,76.82015308172106,130.10248583765463,59.778780162622674,42.975110495283026,45.598795404741935
PrimClass_Uriah,Asia/Singapore,12000.0,8554,0.0229,0.30541012216544505,216890.09371922616,18.07417447660218,24.74044342715355,12.251316054861224,18.103725155165563,24.52210304164527,4.3547597823998005,17.49998168537539,4.379276493827892,12.775500115619712,-1.8387959769482503,-0.6753791909653457,24.829759427745337,12.098970896014658,18.11821236650909,24.572287328803593,4.829232972929169,17.542579308670962,4.2184472335482095,13.254751239779361,-0.7570363601458006,0.03398431171235756
PrimClass_Ulysses,Asia/Singapore,12000.0,8607,0.0169,0.10144927536231885,219072.22015791916,18.256018346493263,51.07371108347595,24.82890483462489,36.78996803934556,58.51921074741297,17.197724875053982,40.513755151890244,6.363081276631347,28.807369421319354,-1.3280766805341415,25.347219464049797,51.25698086210234,24.591446692612806,36.82870626522673,58.737874530070755,18.19821732155404,40.85519515753216,6.12792876619599,29.85592615422661,1.039541061553849,26.472242194906922
PrimClass_Jaden,Europe/London,2572.0,8623,0.0156,0.20466211469077128,51682.924479392546,20.09444964206553,72.9945480045144,-33.05616909951486,55.52074571409296,70.07486167997084,-10.394633488402935,49.95402044186334,-159.90844199442665,2.757468726152811,-4.01447710844029,21.893484453381173,197.18854897674387,79.02493987493963,150.27363417717592,86.89618580791894,37.38507505607395,60.30621535295597,81.49883218927403,39.73533170858028,20.109546219510918,35.33481061556122
PrimClass_Jermaine,Europe/London,2154.0,8357,0.046,0.11560693507968861,45920.59928087285,21.3187554693003,63.59423723610988,-16.941178656560556,43.76040694554805,77.9181293795682,-8.905072019230166,53.90972268858014,-199.59448318530895,8.07998522557102,1.6121855131289975,21.998305226537,77.96993995553925,43.69384791897274,63.383624296752956,77.55815245496831,29.55642662249673,52.47194085689818,-8.635205552159968,40.79116303130693,24.092518075626153,34.922442414389366
PrimClass_Josephine,Europe/London,3984.0,8399,0.0412,0.15789473333333331,85408.5600213912,21.437891571634335,38.048927416160964,-10.394187763689208,25.362626890553837,80.31074150448224,-24.210275085959964,57.971736718172764,-235.68564182949623,-3.830407635056247,-14.39143383259203,8.303291876779884,179.19774227610392,91.03656980208108,138.9304958247835,92.82731944357872,31.048480656252583,61.1354249721379,91.51905044166445,37.57340882992855,13.451505843343279,22.839887572986896
PrimClass_Javier,Europe/London,1877.0,8088,0.0767,0.22627737556609306,47078.17374430459,25.08160561763697,69.82143637170195,-23.76317979900922,43.21608695190456,72.55844279859201,-10.771236841166674,46.914288930294276,-135.90904191934877,0.3660536784019354,-4.472282415145063,17.96884682879034,90.33242540049336,55.5560699990432,71.49721501953543,72.7420639240077,33.92001168501686,49.29251542421217,46.247243954518375,40.54287104167062,23.26153000981825,32.92870505272744
PrimClass_Jeanette,Europe/London,2182.0,8356,0.0461,0.35439559137263854,54804.41983096898,25.116599372579735,122.67167706173618,-113.1922105668227,116.97068215109908,92.12341462337213,-65.44603533009324,83.5897843269814,-311.47571331687266,-61.041469417897126,-59.20926247779394,-5.257165772036711,108.46683586547539,44.971338547836325,82.01184904224915,63.548485876121866,13.148037300644916,41.37351227520682,29.080265286102684,17.308978843895442,-5.824226890103886,19.518290409983106
PrimClass_Julius,Europe/London,8866.0,8153,0.0693,0.16690240499430828,230418.02156249774,25.98894896937714,48.98001041066334,-2.9691367094931813,33.49434242196609,60.86724050588952,6.585199104326929,44.8795059220989,-107.2332374717349,20.73942576907238,15.433343205631093,26.91353378097915,126.87627503051081,69.61626653696706,102.89670308941842,73.79878465760567,43.03519158503176,57.254939027452714,56.37052726723577,49.37630912951954,35.30570131298534,39.00172090605519
PrimClass_Jaylinn,Europe/London,2939.0,8378,0.0436,0.1434426229508197,76369.98779690749,25.98502476927781,77.75977469984711,-38.46499486835839,55.89659602321441,75.1050458442648,-16.653470066088456,53.65758512155342,-193.09465401450433,-5.138029466845381,-3.320588902253524,15.865251709444207,177.5483913838838,77.22064129135738,136.47192340504535,83.88945317671053,32.90116958177012,56.9858566175167,71.63660128904212,35.72251472336366,21.06622353633177,29.106091539981108
PrimClass_Johanna,Europe/London,2619.0,8304,0.0521,0.19070904916721504,71184.53092065812,27.18004235229405,58.85070115781775,-21.084420575009307,41.245748179692754,68.45236635749575,-14.241956132575623,48.7885434301635,-132.68026607714498,-1.2820242375111217,-8.32511838902664,15.269210786340569,151.58058570180188,73.45281861513995,117.38300632291465,78.34482071109191,30.434263347894973,53.906363409743356,63.0987799356959,34.68964354824771,14.716976959660254,27.2716564142386
PrimClass_Jodie,Europe/London,2570.0,8379,0.0435,0.15261044115417494,71959.60046685085,27.999844539630683,56.53725343629525,-9.929174024913713,34.41173808885277,62.27205765747442,-4.117206036751555,39.63853839377776,-96.08860291500442,4.60501370384626,8.86434187082044,16.03732892845401,146.62120141545768,66.59678894067476,110.67408194792212,73.37681215228099,29.60736629545903,47.70404938652779,47.453564064687306,31.796329183705367,24.115007566332096,24.994132991574745
PrimClass_Johnathan,Europe/London,2815.0,8416,0.0393,0.24757280827599215,78912.09369241617,28.032715343664712,50.641115967244936,-8.81461580113726,35.147442605783105,98.04251151452256,-51.784034857518044,72.47733463556243,-209.36308308527956,-25.147333932427188,-38.47294216956976,-26.178241350494144,105.81577241342048,51.39908084333765,83.6444810433456,83.53340230049402,-9.199754851361554,49.50577328200708,-24.87470889003049,7.187020989509836,-16.447787454071992,-12.99147705961014
PrimClass_Janis,Europe/London,736.0,8414,0.0395,0.18750000625,20757.09624588174,28.202576421034973,53.46044502308367,-6.562461144625879,34.69219570181548,64.26285427583318,-11.697864564059811,41.73278842283137,-100.5478527555986,6.660405113660635,-4.79329469819745,6.15329861747562,185.21078146445114,78.69743003600152,138.37006768641766,86.49274674558733,25.888584707425572,53.40507379302756,60.19957820714127,32.41524644890183,11.56418349146147,15.674547040402938
PrimClass_Jamal,Europe/London,2335.0,8332,0.0489,0.0888030888030888,67593.77077016914,28.94808170028657,79.5329107957475,-26.826815218644388,52.825334951838094,87.44586177555067,-18.22607716016285,58.623216054170115,-241.53167916436317,2.2817400051995604,-8.464431934361833,13.410551620720444,190.85357352933548,91.21520532192547,147.16260865740117,97.84021861781564,38.051265478627776,64.57436809581995,102.53304165680684,45.051900902966544,20.930132162622762,28.951202212976554
PrimClass_Jose,Europe/London,1123.0,8329,0.0492,0.16513761651376146,32891.06272990719,29.288568771066068,62.669450225594765,-19.20477723833918,43.64452779784742,70.33350201690831,-20.32337575435646,48.45835828301204,-148.52650494422372,-4.054275533337293,-9.430324282315887,6.112080642242983,158.47187752864556,68.05684307065479,120.37224078120641,79.14730387324215,24.866522410747326,48.8484564828845,39.94022284881616,31.125629250486394,15.7007599731963,20.868078346824742
PrimClass_Julianna,Europe/London,3211.0,8330,0.0491,0.15699658461950639,97564.98728214798,30.384611423901582,47.73181691060132,-18.680578775530886,35.25276980706987,69.890813628826,-13.696820202295948,51.32292700016529,-189.7011961184381,-1.7795713757133858,1.4770658511708903,15.837871778346996,141.0837795415864,74.05321197519892,112.72021041745495,76.65031680491475,32.69092559513032,53.134431005394326,56.42327319534782,36.64127124546243,24.76591874034468,29.21634912619263
PrimClass_Jasmine,Europe/London,2555.0,8427,0.038,0.1777777851851852,78437.38349127532,30.699563010283885,57.150744712814834,-13.55526154463533,38.42173249495712,72.92122216359508,-9.164503179208829,51.00975811032086,-174.52501348906853,7.242161164195646,1.980995783969266,17.16578677128799,187.87189140865758,69.70911800017771,137.9623967416908,86.23618756929518,24.96040082631341,55.07306481251108,27.122280571082307,31.062270735373207,17.09948219656631,25.61202885119502
PrimClass_Jazmine,Europe/London,2061.0,8339,0.0481,0.21276595305568136,64292.19308763743,31.194659431168088,50.27735212891262,-11.990392957549574,33.314340534298076,63.2652970055379,-7.413519333578746,44.72651878698287,-131.35178783522488,7.568650146129398,0.8605413703620266,17.36396063205075,154.3809121662762,77.79435870839019,121.47897813838675,72.60320820489432,33.66309944215876,51.49705316390409,53.199896820081044,40.7190219914333,22.64908178312578,29.398298917468182
PrimClass_Justin,Europe/London,1303.0,8300,0.0525,0.2032520349163858,40994.82321676036,31.461875070422376,43.314418046301334,-12.011887519302604,28.12636038080599,56.48062559928281,1.1541137760974725,40.03601536746925,-89.61872194021258,9.336336576079947,6.694466774388143,26.387127694377657,125.94727103351616,61.19073517356095,97.36284838343438,66.27854483544267,32.61773128304458,47.519802300025376,42.1826897257489,35.43827644444426,22.82552708747031,34.59581665304621
PrimClass_Jody,Europe/London,2418.0,8410,0.04,0.13281249999960937,75569.94949401893,31.253080849470194,76.18404518782384,-40.297958992435426,57.83089983566382,81.46144908227062,-24.47344566467565,59.724838833471686,-325.4401317110183,-6.329138224018969,-6.326666224517358,9.71955683040304,171.56697687268607,70.3870948754045,129.99657638217315,84.42613384819687,26.077940420687348,53.460991963510885,31.812263825057858,33.607453332375044,19.192449227910622,24.25241087924199
PrimClass_Julianne,Europe/London,2403.0,8445,0.036,0.1294117654901961,75287.59048142176,31.330666034715673,52.77936827787128,-16.130402842490444,35.851914394082655,71.9449973406502,-12.228442188784621,50.54728458112521,-151.8249084713368,9.997415855435586,0.23854984358428363,5.019537988766148,132.788323669736,72.34813903384715,105.62214448280595,81.29155461017089,32.693764760831634,57.14219708691379,57.64514448874947,43.683683509347006,23.670054927167364,19.775341393768752
PrimClass_Justice,Europe/London,11710.0,8079,0.0777,0.2391093924405556,384044.63276810804,32.79629656431324,47.69264217386026,-20.58577918140592,35.173087210454675,53.62242893328087,-9.931161328127924,37.96934723333549,-79.94844942972011,0.28015348113118616,-4.206399374814719,11.751769969059797,78.76139415602104,54.62035725327242,68.87576826870445,60.92720665485152,34.85724877024316,47.27945298678146,54.28313284028518,41.21744941698254,24.00856193998982,28.675659438202374
PrimClass_Jean,Europe/London,2678.0,8452,0.0352,0.15779816645063546,87456.14434441233,32.65726077087839,49.86076908917671,-15.31430278295189,33.57954343484528,61.21447912032602,-9.955749383580661,43.607888888511255,-119.19710034822594,2.7629333376276817,-0.7688514700168203,14.45003479649632,96.35867727537563,47.62063666147406,75.45534434091209,62.66946387525843,22.051682380051762,42.600682633508576,11.78802177656547,29.552711248843636,16.601318538535978,24.197297661769756
PrimClass_Jenna,Europe/London,1078.0,8186,0.0655,0.2948717873109798,36216.65950755366,33.5961590979162,61.40934683874223,-47.16740354413792,54.04012307118229,56.61431047594572,-24.62193610345895,44.802333020724035,-112.78595462942106,-12.465259593543351,-16.611281981782223,0.8681044467932935,127.26638399036443,30.33754965205881,90.55006431154648,56.77579200224863,6.371458653169401,36.36211219993278,1.4764571292901163,12.402029070956534,-0.8532741693098085,9.533132239090905
PrimClass_Judith,Europe/London,1205.0,8370,0.0445,0.21917808119096766,40112.47590053015,33.28836174317855,62.536305542109226,-37.10495302338082,46.71652732348148,69.09405667460071,-25.37646917765192,51.5491410096235,-197.63930098327268,-10.07047555275105,-15.164218398886664,8.877685605516785,132.79458074591878,72.7545735542227,107.05332835055815,70.82450381418784,30.392400478796546,48.46222529924084,64.15206395620399,37.43046509226961,16.042106681614488,25.443619634424678
PrimClass_Jessie,Europe/London,3157.0,8441,0.0364,0.17080745341614906,105025.65748045545,33.267550674835434,53.124252418988796,-17.606177370260113,37.538550982735835,63.59430902301026,-10.801060913856123,44.76240319037751,-128.20466652234688,2.24180471197721,-3.3145773975950505,15.8485513037479,103.61537035460162,55.2302655415822,83.09654798247792,66.20000620290276,27.27688817304553,45.296595781932545,29.119374931343234,34.46837106573917,18.441807613389003,27.713126967104863
PrimClass_Joselyn,Europe/London,2961.0,8350,0.0468,0.13636363663101603,103975.31844712934,35.114933619429024,67.3604940025583,-27.901720868048457,47.218324741972026,78.48429855783414,-17.554091461750932,53.7864617308284,-174.2238025857919,-1.6738112909122418,-7.924098450419918,12.42262429240083,165.40050681180796,74.37365607998224,126.38916150871711,86.55706707293007,28.994864480559723,56.48909336810765,60.23649490634327,34.56909561091878,15.630693880393503,24.76799465705492
PrimClass_Judy,Europe/London,1065.0,8368,0.0447,0.1003344478249684,37720.84220758837,35.418631180834154,64.3604041665266,-14.153605266065,40.8216131362706,86.18770737779889,-17.25240955885661,57.725118804456024,-236.50044057894002,5.385910822211782,-6.617823092961855,10.96226280808288,179.2381632608498,90.3400865479914,139.99662204734486,97.70871955601685,36.76404596555587,64.64126718256702,94.63415262634608,45.064395547780066,21.323286207125467,26.27813186062688
PrimClass_Jarrett,Europe/London,2708.0,8429,0.0378,0.19230768524744488,95820.36803615974,35.38418317435736,54.43555102985257,-26.664148558284758,41.98167522546485,53.614690052588266,-17.879099648985445,39.258797217694344,-104.54362278755097,-3.6031483105002953,-9.7177988683543,3.678897097473456,145.77121184222858,53.48336041840976,108.6063268275457,62.64082865227885,18.295706321976553,39.23265014284371,27.43979768141868,24.859517444002506,9.665874805288462,15.418434440566886
PrimClass_Jeannine,Europe/London,12732.0,8065,0.0793,0.28823529411764703,471260.1525856813,37.01383542143271,48.302146693062326,-15.996384273196787,34.93894165164986,59.836025704088705,-28.968350902824834,47.460658178667586,-140.09210879493236,-16.23680009757103,-17.175889736888962,-1.8471329359390274,78.12827367927389,49.045629137340505,67.40659669607756,49.97796781194048,16.200149113476424,34.63221892247781,17.2667856333825,24.322303996732224,9.592262137981656,14.374684941799925
PrimClass_Jeff,Europe/London,1086.0,8208,0.063,0.2621359172400793,40317.08000649478,37.1243830630707,54.14485157866678,-20.94531937758573,37.26038591763874,63.8818807631193,-8.10228956806355,45.47205389352303,-146.34239018477814,-3.010252941892911,5.561345167700372,23.046475660729246,119.84069353954855,90.00660091507211,108.35960432318288,79.66783918942109,51.92625796954662,63.1775884906048,115.78372805623307,53.7989651924923,37.980312989548246,41.077025706885145
PrimClass_Julian,Europe/London,1737.0,8549,0.0241,0.17019848536096133,62320.410324433484,35.87818671527547,74.69172443797969,-22.887908620905357,54.3926059438538,62.8760970726124,-5.8780073911961255,42.3036504566962,-107.59295266639897,5.285934875086748,3.3114495931234496,18.33315853885993,166.53623398646985,65.34958309339292,127.32188158734047,75.61502389477468,32.404942422437685,50.84599339182512,56.70968220395352,35.69161999781464,21.941983043412435,28.711695058986844
PrimClass_Jeanine,Europe/London,2991.0,8333,0.0487,0.1626016304228084,111285.76950965777,37.20687713462313,61.85575597569822,-16.228357656151182,43.99996511105291,79.41505293024261,-23.991498861218734,57.99006284057029,-263.7259430646167,6.875385353883684,1.9478768481591822,-17.351714134742807,179.60208884901013,78.63135879342511,136.8865747286459,90.04389436303364,23.42520180588977,57.44132366454716,47.31633993016824,38.17819572276436,21.76756270213094,-2.1480032519560814
PrimClass_Jerome,Europe/London,8255.0,8108,0.0744,0.14016172542822755,322310.1428940219,39.04423293688939,62.727311086368836,-17.981345625982136,38.37120979061232,67.58528378306848,-9.628610041429624,42.57237583957048,-115.09036756404033,1.0858436420894624,0.5175257576371926,15.53508685668345,130.87697076462769,96.57317522707022,115.65625117435613,88.77585952972636,56.90725598630265,69.24490045099616,137.92404452921778,60.860491239736085,37.585981641549644,37.05923678096214
PrimClass_Jacqueline,Europe/London,2777.0,8421,0.0387,0.18241042671009772,104495.97104550518,37.62908572038357,49.64558707714093,-18.952466715515094,35.99478465018273,67.36945900039674,-8.678187035020269,50.99471875412399,-160.1155158997691,1.1457476088319396,-9.896513497175413,29.265972910467568,146.94464982067143,69.88892341126515,113.70410788282626,76.68997830492377,32.732044298485086,54.95546900519427,47.39156125997807,35.26103783698484,13.94515795971396,39.93182937015068
PrimClass_Jill,Europe/London,2238.0,8390,0.0422,0.16917293233082706,85335.9249519386,38.13044010363655,58.485159064013146,-24.506753756004567,41.39410537519167,65.98060895043831,-9.359030414227918,48.529470750558026,-150.91154812472126,6.283553940653599,3.115970515085147,14.733916475369941,123.43576032746722,63.71299678700506,97.74219898376505,73.21164488916376,32.86486225218033,53.29770287552974,45.21802840740262,40.359830353506844,25.518127689219558,27.954099088298765
PrimClass_Jim,Europe/London,1014.0,8484,0.0315,0.1461538446153846,39053.767309895644,38.514563421987816,53.154553059344664,-4.8738578784111555,34.26263882065381,66.01766207321933,-11.609873565810936,43.87397144037089,-129.72787938864775,5.462041582849101,-3.3946110159499026,11.062630971509453,203.21465474237507,84.62697020153762,152.14483186269402,89.93858318826082,29.457537295654998,56.46624639366689,66.11488724198175,34.0254490896717,15.337681927022084,23.217605009378776
PrimClass_Janet,Europe/London,8711.0,8487,0.0312,0.25058274824495635,337060.5895951181,38.69367346976444,51.60854460944083,-18.77724744123317,36.0028763350088,60.12664264292005,-4.729119939344914,41.7919727759503,-86.23316337814053,-9.305858629730295,6.90141814484249,24.24052089033434,107.29720865201715,69.16165813925511,91.35241119187347,70.70119744149835,42.90253758640567,54.42181899735214,74.86569617828033,39.6661463534121,33.84123791231515,39.43403104901319
PrimClass_Janie,Europe/London,1691.0,8579,0.0207,0.13489708602248868,64967.03170584415,38.41929728317218,55.57202023758211,-12.206279858043409,36.10447479121572,66.96503606536427,-8.800000343103646,43.76308460714801,-116.25154245677531,3.153692025784595,-3.572542120271238,17.516437826286072,150.856226863046,78.51663011534403,119.62037412046934,80.80479913708812,37.94257433723757,56.30088340416296,83.61418763537638,41.41854287309044,21.743047951745663,31.07853163202814
PrimClass_Jensen,Europe/London,3323.0,8423,0.0385,0.13942307357156072,130436.63771010468,39.25267460430475,68.79747816471854,-32.960598298232526,53.47868504222498,75.21798705463627,-23.23872283254392,57.58858546156079,-234.49918121060279,-5.826852393815971,-10.40828821808098,9.394680411838266,201.50748264233647,82.94816715748044,152.36895324388865,87.30244224506492,28.906119050143783,58.30381992760458,71.75653914475096,34.33621011331573,15.643934409906931,23.500129759915115
PrimClass_Jeffrey,Europe/London,1281.0,8324,0.0498,0.19696969995408636,51488.74939945208,40.19418376225767,111.74872339591653,-85.5188292257234,95.42352600711523,97.6903485365316,-59.2632242469147,80.30828052581533,-270.4485074704376,-55.31291927896837,-51.60990068769012,-4.390769345496646,194.39691816606,71.69812714503416,140.85149376330384,88.19141137159511,14.900120961471991,54.42667444307103,68.56380288501579,13.498106610789103,-7.437335319705054,16.54651043352661
PrimClass_Jennifer,Europe/London,2164.0,8450,0.0354,0.16546762589928055,86907.99850395757,40.160812617355624,48.86973031138733,-10.863726979609684,35.128650813899185,64.44896537569697,-12.230291341830204,46.08880121457093,-133.7147240331611,4.25271205362392,-7.592394631960109,14.785019357980582,169.6234648926402,62.71244299158538,124.98268060086355,77.5120929939878,18.084208695555283,48.4013591420504,20.54627026279721,25.01944755542763,5.413960818824586,21.342341724864063
PrimClass_Jesse,Europe/London,1468.0,8550,0.024,0.2378056962448216,59079.56057268756,40.24493227022313,64.59751367451808,-7.014001428635447,32.112281235688585,72.20888131266146,-4.553115329313532,43.81514527141487,-138.79488804801898,7.0206372023976416,6.886527335232819,22.902156738824868,89.22223368246523,24.7820450775118,54.35198257433045,72.49299208605385,12.161366438885203,39.56689206218529,-62.88870678168001,20.187230470080028,15.869122692775075,28.659096728288308
PrimClass_Jaxson,Europe/London,11955.0,8086,0.0769,0.18104015561500783,510610.20267284854,42.71101653474266,44.41575725700614,-17.548632890759098,30.715013530019814,58.75003038689496,-20.295341685158235,44.398390656642576,-133.02833425686538,-2.556701835702831,-4.7740249547157205,-3.308163053889537,100.9004257999713,60.26552594013512,84.1458513474492,61.750391627514155,27.02059712679861,44.60626296650667,44.190319512002134,36.49043752075191,21.495529366629686,14.782664115608613
PrimClass_Jimmie,Europe/London,3462.0,8255,0.0576,0.16107383022525346,145006.08686071157,41.88506264029797,73.87044267500265,-44.65562567568611,56.57189445565689,73.69305203737804,-24.376022236564122,51.56895981826845,-145.260114881815,-15.217316988875329,-18.175996121391563,9.858191424255619,168.77844253446787,78.1942967499618,129.82338740298388,81.97315936410547,31.7029269607472,54.44284087758074,82.54671218583036,33.45669308193548,13.099223836282924,25.872558999717462
PrimClass_Jayda,Europe/London,2215.0,8326,0.0495,0.11058451816745656,93593.40320511382,42.25435810614619,76.8159688282311,-33.48279183620126,55.681587372594464,82.43033967835204,-19.223387693718923,58.160512487218355,-234.69520720632113,-0.46638623539694085,-4.104773633939295,9.74733567194416,159.7615212282623,81.69508074659308,127.87009211243934,89.71235261413803,37.43113584897574,61.36780105912078,90.52128449284238,44.60605626083622,25.137978290858122,26.85708030990225
PrimClass_Jocelyn,Europe/London,1391.0,8552,0.0237,0.2072687932538322,58379.139112175995,41.96918699653199,45.036280144082575,-6.070485461344018,28.432354129890992,58.5740530136004,-7.582189080104457,39.06199152330886,-85.82012141826297,6.0501040334222,-2.9984656379500816,12.604451256332535,122.15208369918636,57.216140618697224,93.19789919944374,67.43604279599789,24.78924138251022,44.59440216519264,37.394946571017705,31.135360364994867,13.880240733724216,22.458872426411276
PrimClass_Jeffery,Europe/London,11201.0,8644,0.0132,0.2503987212874146,465272.31477816345,41.53846217107075,35.50254234765393,-15.235030846494212,24.921367127890775,43.79918396448651,-2.921695348859172,31.07151879517136,-56.5824315996943,8.524447450308138,-0.6321935094155733,14.597584390690894,85.70980843566386,71.9284055437976,79.89819032049044,67.42793290281075,50.068377164260525,58.23459151253474,86.21522842806957,57.24293059619551,35.35578862520693,35.586526471645456
PrimClass_Jayson,Europe/London,12924.0,8149,0.0697,0.23081644425527043,580426.3895221298,44.910738898338735,43.861219052152066,-7.109576759231089,28.79477594891244,51.02321913410046,-2.6046290218536314,37.298458838531644,-90.87844335130835,10.737354365654818,4.991732140665101,17.76382771526332,93.14440016913657,61.32953034124545,79.65760501578634,60.643389907534015,36.67047631120087,47.91237509256196,50.99101123926028,44.008292371137394,27.547922413044795,31.39367849391048
PrimClass_Jennie,Europe/London,2692.0,8623,0.0156,0.16017374507940818,115924.19840513633,43.06248083400309,46.156435684391276,-9.494209740444044,32.532676890056386,64.12149309390823,-16.086426608152426,45.810789145159895,-134.7862350933075,-0.7814230978142862,-7.320367657620723,8.001236960369331,138.61791696147964,67.2399103399744,107.40125724098137,73.7408959263728,25.621022063682542,48.97376387782236,49.45037187420972,31.932621720827758,14.304557619423584,20.51805001804071
PrimClass_Jonathon,Europe/London,11285.0,8059,0.08,0.3305578822740696,521428.40472927544,46.205441269763,44.83467229409568,-20.98809934583277,36.330630628700426,45.261539894320464,-12.139626975876073,34.34142747431245,-68.47973866879919,-5.852076369535118,-7.961673523865635,10.332283835693326,103.86878667818662,55.40580826456897,84.21619566032794,55.24187646327276,28.726847093419835,41.8333887688753,50.483308560511055,30.96619026098643,16.995898273982128,24.9896425842245
PrimClass_Jaqueline,Europe/London,2193.0,8591,0.0193,0.20905923344947736,97289.9553255418,44.36386471752932,41.89718701370767,-3.592456841922197,28.779088083306107,54.05859786216723,5.715755907613087,38.90843999502939,-82.60594539396328,16.04316143422228,12.746975215208627,26.497478341321447,137.21397254573324,59.33063945868947,103.4280137282653,67.3890162847208,31.587707596676893,47.26215690162225,32.8001557373191,35.3742336524679,24.50473818979,33.90425271151693
PrimClass_Jeremy,Europe/London,2151.0,8372,0.0443,0.175257735395189,99942.38181276488,46.46321795107619,56.70934260193128,-24.85876634134614,41.33150294505257,68.30126401006152,-13.971174573537056,49.71903903418111,-168.84402239799036,1.5426549376315473,-5.383195455751112,15.924309940783274,129.5096420642858,65.7992287942159,102.93644081380413,72.93734948985507,30.52110526518436,50.79903837180106,44.94619529416648,37.768431310957595,19.08670979288026,29.00634790509091
PrimClass_Josue,Europe/London,1584.0,8173,0.067,0.17213114754098363,76039.29666147123,48.00460647820154,87.31443186200922,-45.550532079161115,60.71104371457146,78.33672240995747,-23.341601284116663,53.12241817089645,-171.31185887887696,-10.167376324113462,-12.49819968778901,8.743190258170909,153.26533354186424,60.96515227899715,113.25029226201121,79.71045182581078,24.036669480600395,48.75317879924549,46.57559057037676,29.24999783831715,11.874781583355073,22.05894378412328
PrimClass_Julio,Europe/London,8794.0,8106,0.0747,0.2776230243489041,432229.07239443157,49.15045171644662,47.90722020714805,-26.786661289570933,37.34910425674227,53.795999852526776,-22.177929030589798,41.67619082942775,-109.99715007084193,-14.246889822174456,-15.523562170220861,7.4284437390995475,82.59932145664624,47.903756643882915,68.74830961033034,51.59858830326371,21.860013123323178,36.37649327589012,32.39246907338035,26.357051467731615,10.916339257552687,22.589256074598744
PrimClass_Jacquelyn,Europe/London,1597.0,8398,0.0413,0.16942148760330578,77393.33416162476,48.46169953764857,63.247831016904414,-25.88546274313127,46.03160919880901,66.28908385140016,-16.69281016196917,48.182062385667834,-155.54411890241525,3.7654091183150262,-9.16058735616315,8.07816030102858,155.1079648935177,59.59310673548633,116.06704134748021,73.27873847628135,20.82501635916776,47.07150150383488,25.17252592908225,31.1364458366665,9.838483063477717,18.662557840883228
PrimClass_Juanita,Europe/London,2844.0,8448,0.0356,0.20069204844256058,137871.32493031138,48.47796235243016,46.839116731502614,-30.814955064659195,38.851017013186805,44.817540808613614,-21.112641117151217,36.298559651455186,-74.73659366800271,-21.978742934065632,-12.197258177318417,3.128598614888551,99.93633461562973,17.17452273606408,68.49551126912404,45.63853256296661,-0.9614107879846976,28.621108706547826,-14.277942390290779,-4.793623458571278,-0.9873701515773057,10.226345337531047
PrimClass_Joel,Europe/London,1295.0,8408,0.0402,0.18811881560631316,64231.39014720256,49.59952907119889,48.7862132521226,-10.539327371457983,34.48439452019871,71.80289268208507,-20.641438761344343,51.553538064557394,-172.71938984851107,1.0800210325739228,-15.49996870657237,7.934742972125741,158.8130467159824,70.78636236674252,121.4051554907909,80.78546240609519,21.255209735153986,50.931253616937894,34.41740983721867,31.257075318945077,6.148546782416277,19.584971229583086
PrimClass_Joey,Europe/London,14475.0,8134,0.0715,0.3661327252067089,774906.7651428413,53.534146123857774,45.346780809570454,-21.19216830511098,34.4361821288556,40.19172475970511,2.2622278311757964,31.285440826631017,-61.146062076772196,10.976587949567971,10.665459218835679,19.282921714583868,63.71115196919676,43.833230036411706,56.873817527783125,51.5946678805606,37.90099227257655,44.91454117686539,42.90533471280669,44.33996272745295,33.17247540871665,33.67633427169163
PrimClass_Joanna,Europe/London,9516.0,8123,0.0727,0.30230495835376736,517165.1064428264,54.346900635017484,63.60262393087884,-46.55474332563375,52.6775778149974,48.771525066473124,-25.848492387012925,39.73517399261763,-83.89867092732408,-24.111722930307344,-19.38990959312779,0.5798482080913161,67.5805767505448,40.292676200537706,56.40405228710907,46.50173261661141,24.338389763604827,36.308381336622375,45.150901311754495,26.516940928603855,13.446688480551833,20.3001553815019
PrimClass_Jediah,Europe/London,6382.0,8454,0.0349,0.215609756097561,335346.4173203456,52.54566238175268,44.29326128193688,-5.601368784240997,30.797446305490794,55.485250657887015,-9.487873494342697,40.36775661220876,-107.29327978533402,2.6658534819621154,-1.7141284459872772,14.655140343866874,128.24970723713156,52.13844309270801,96.19795535239604,62.46008988649007,16.69515425154913,40.872379654485336,6.834813907092474,22.30979805089161,10.446696121041104,21.410387935784623
PrimClass_Janelle,Europe/London,1201.0,8188,0.0653,0.09361702127659575,65983.39747181196,54.940380909085725,53.33969172521068,-2.9764649616797363,37.20856008315916,82.5631889704055,-21.63751296183446,59.05381982284467,-261.531055554249,6.375192255706226,-15.932191108234742,6.5063963328635595,141.89832287173297,90.67036037139896,119.87410680663824,88.45318827275631,37.73746454307312,61.549649597903546,93.6033259317689,52.14725119730373,18.563387060131056,24.318910604128664
PrimClass_Jane,Europe/London,11247.0,8692,0.0078,0.3553982229179828,616059.698378247,54.775468869765,34.77799662317965,-6.166073747674399,22.260760950844986,41.406207177486785,-8.578205846846236,30.940597729297664,-53.100869297828105,-1.4871217615790728,-2.4593958371757267,6.712032063577917,72.9973810034347,58.01560078270786,64.39310393235093,58.67138787325798,41.43485482395736,49.42597439123352,62.263354888992964,48.375110994421014,32.054992256169356,30.835586270691028
PrimClass_Jon,Europe/London,1589.0,8248,0.0584,0.2575107296137339,92621.58392957688,58.2892284012441,73.90677058885557,-57.408862136855454,65.3604057701855,66.44725861850856,-27.71673945690227,53.69328434259248,-201.95866461252513,-23.09707965798247,-11.682968152206543,12.571976440885694,91.81884714150493,41.81587720928067,71.48753625248031,59.13936187549279,22.892437562039586,39.71950605527209,9.175824762600788,24.90260813445688,18.364599435966447,29.941350710624185
PrimClass_Jake,Europe/London,1432.0,8497,0.03,0.2789364436619718,83854.43877635107,58.5575689778988,47.878140337314036,-24.36344954645435,36.19200525064763,60.12339817621313,-27.52343463512089,45.105114207349196,-124.14262129175758,-14.08353428335677,-20.20059551412657,-1.1149445829621298,95.65362290619922,43.85726355547554,73.30939690565532,55.58288842680743,13.328825189594168,33.71448960826944,14.050776311961965,21.157705393658002,4.481870126752116,13.69951444178258
PrimClass_Johnnie,Europe/London,1769.0,8274,0.0555,0.2757352941176471,110434.12685750236,62.427431801866796,77.37961887145661,-63.678593634069614,68.2535270684504,73.66178732912246,-46.351486243944755,61.11354599414844,-172.3460878636246,-31.22687944882294,-38.40791808994056,-12.112273710016076,119.98295328054162,47.03652156479726,91.06445520734295,61.063946104530324,7.943060154610074,39.30312198541519,27.174685946828433,16.455802075442072,-6.930736862896553,4.904785914223584
PrimClass_Johnathon,Europe/London,2253.0,8331,0.049,0.2657142885714286,144107.91367038817,63.96267806053625,56.142733707492596,-31.622287986455316,41.30560923611877,58.68717095481299,-20.095867079117024,44.0843197728287,-128.08068062471222,-9.213999117111806,-15.218324257829389,11.018600046732406,133.09253666799938,67.22147794208205,105.76930574912312,63.76244590291479,28.18859972664503,45.118871579455245,56.97366306335626,32.60556965625267,12.711709747262246,25.380921796080983
PrimClass_Jamie,Europe/London,14868.0,8145,0.0702,0.3413505966692877,978768.0362548641,65.83051091302556,31.57082997364329,-16.158022313990134,24.683514955135053,37.28859278895766,-6.5194745001753045,28.900562727144184,-62.27135858194029,0.993516381661039,-0.7903571997820243,13.125190370332419,50.59374234595949,32.33705030002192,43.68526127331919,39.18740769732255,21.89711028640662,30.935986622484254,16.810835780937236,27.664058527733534,17.046643169445133,23.991196272431118
PrimClass_Jacob,Europe/London,6149.0,8134,0.0715,0.33315007879988917,410029.84438660194,66.68236207295527,30.394974055304946,-12.657568319429378,21.765999520591055,44.85178459185229,-21.659487870485187,36.28925078191203,-86.11098819175191,-7.488713053063963,-16.48678712880939,-2.9079547188030204,98.33874875041712,33.518522592291426,72.27859643170908,48.64113752927009,-0.6868826574381025,30.109766045088662,-5.539327151911528,7.578721293709999,-8.528730502720833,1.2973139431723992
PrimClass_Angela,America/Phoenix,1555.567832,8589,0.0195,0.37162320883251115,102018.23178484107,65.58263142641347,34.501853375937834,10.96330166141064,23.299737182751183,37.76731541383224,15.099318484391375,22.26146804974529,14.18112170910468,5.138486689342396,11.516334295514525,27.966466074943355,43.160495097585134,26.20524050985952,34.19437030605937,37.656721386110824,14.815303000614481,22.781180186173632,21.40896311657331,3.4771058798196157,7.133379883559325,25.324324626973425
PrimClass_Jazmin,Europe/London,1047.0,8449,0.0354,0.48539823893805306,99062.57499546645,94.61563991926117,131.22357235406218,-89.80951974116114,80.99862426851821,117.38491762786553,-67.38734731468746,82.64008849569936,-176.56145202555751,-78.05203838581937,-89.92533233246965,-3.591928381174023,132.746594183985,-2.5507241373528573,52.85457005677463,99.2890190928042,-16.950359449086857,45.648545675651945,-37.233262698199916,-24.582348225225523,-46.99003726934259,13.774628311612897
PrimClass_Jaiden,Europe/London,811.0,8170,0.0674,0.09900990197039507,80419.79883085765,99.16128092584174,118.67425646603782,-84.77469305849607,94.26917636723213,118.79070601805266,-45.18806378320036,83.99798605744604,-310.9458522884396,-39.03249163677386,-85.51861263113017,22.46943501897144,182.85598615162178,50.015536452853574,119.6318229529062,113.96457975200516,16.87590673449775,64.67532843648844,9.060317349044329,18.278201675505304,-29.8585231859923,38.77489214491566
PrimClass_Angel,America/Phoenix,960.059602,8684,0.0087,0.23952738990332978,140955.69327498847,146.8197317972228,39.820694274948906,33.84074543971211,36.4972170647987,133.2226131408123,-64.96760773279976,107.00011129073778,17.65746747702588,-69.37684772327503,-219.34998224441023,-222.33281745025798,22.239684125275584,7.72887213259329,15.296708198050107,119.77643324238349,-65.45204445433708,94.87430824751299,-3.0087910019341484,-74.43544675597565,-169.72857408899966,-185.6324708040709
