# REAL open data sample. dataset_id=A09-D001 (BDG1, MIT License, github.com/buds-lab/the-building-data-genome-project)
# NOT Shymkent data. UK school building, 3 weeks hourly incl. assumed Feb half-term. Units per dataset description: kWh per hour (verify).
# temp_c from BDG1 weather file weather1.csv resampled hourly; -9999 flags removed.
timestamp_utc,building_uid,primary_use,sqm_meta,kwh,temp_c
2015-02-09 00:00:00+00:00,PrimClass_Jolie,Primary/Secondary Classroom,2927.0,0.50000001,2.0
2015-02-09 01:00:00+00:00,PrimClass_Jolie,Primary/Secondary Classroom,2927.0,0.70000002,1.5
2015-02-09 02:00:00+00:00,PrimClass_Jolie,Primary/Secondary Classroom,2927.0,0.60000002,1.0
2015-02-09 03:00:00+00:00,PrimClass_Jolie,Primary/Secondary Classroom,2927.0,0.60000002,0.5
2015-02-09 04:00:00+00:00,PrimClass_Jolie,Primary/Secondary Classroom,2927.0,0.60000002,0.5
2015-02-09 05:00:00+00:00,PrimClass_Jolie,Primary/Secondary Classroom,2927.0,0.70000002,0.5
2015-02-09 06:00:00+00:00,PrimClass_Jolie,Primary/Secondary Classroom,2927.0,0.60000002,-1.0
2015-02-09 07:00:00+00:00,PrimClass_Jolie,Primary/Secondary Classroom,2927.0,0.90000001,-2.0
2015-02-09 08:00:00+00:00,PrimClass_Jolie,Primary/Secondary Classroom,2927.0,2.70000001,-1.5
2015-02-09 09:00:00+00:00,PrimClass_Jolie,Primary/Secondary Classroom,2927.0,3.9,2.5
2015-02-09 10:00:00+00:00,PrimClass_Jolie,Primary/Secondary Classroom,2927.0,5.2999999,4.5
2015-02-09 11:00:00+00:00,PrimClass_Jolie,Primary/Secondary Classroom,2927.0,5.1000001,5.5
2015-02-09 12:00:00+00:00,PrimClass_Jolie,Primary/Secondary Classroom,2927.0,,5.5
2015-02-09 13:00:00+00:00,PrimClass_Jolie,Primary/Secondary Classroom,2927.0,5.5,3.5
2015-02-09 14:00:00+00:00,PrimClass_Jolie,Primary/Secondary Classroom,2927.0,5.5999999,5.0
2015-02-09 15:00:00+00:00,PrimClass_Jolie,Primary/Secondary Classroom,2927.0,5.4000001,6.5
2015-02-09 16:00:00+00:00,PrimClass_Jolie,Primary/Secondary Classroom,2927.0,4.2,6.5
2015-02-09 17:00:00+00:00,PrimClass_Jolie,Primary/Secondary Classroom,2927.0,2.9,3.5
2015-02-09 18:00:00+00:00,PrimClass_Jolie,Primary/Secondary Classroom,2927.0,2.2,4.0
2015-02-09 19:00:00+00:00,PrimClass_Jolie,Primary/Secondary Classroom,2927.0,0.50000001,3.0
2015-02-09 20:00:00+00:00,PrimClass_Jolie,Primary/Secondary Classroom,2927.0,0.4,1.0
2015-02-09 21:00:00+00:00,PrimClass_Jolie,Primary/Secondary Classroom,2927.0,0.4,1.0
2015-02-09 22:00:00+00:00,PrimClass_Jolie,Primary/Secondary Classroom,2927.0,0.50000001,0.0
2015-02-09 23:00:00+00:00,PrimClass_Jolie,Primary/Secondary Classroom,2927.0,0.4,0.5
2015-02-10 00:00:00+00:00,PrimClass_Jolie,Primary/Secondary Classroom,2927.0,0.50000001,1.0
2015-02-10 01:00:00+00:00,PrimClass_Jolie,Primary/Secondary Classroom,2927.0,0.50000001,2.0
2015-02-10 02:00:00+00:00,PrimClass_Jolie,Primary/Secondary Classroom,2927.0,0.60000002,2.0
2015-02-10 03:00:00+00:00,PrimClass_Jolie,Primary/Secondary Classroom,2927.0,0.50000001,2.0
2015-02-10 04:00:00+00:00,PrimClass_Jolie,Primary/Secondary Classroom,2927.0,0.60000002,2.0
2015-02-10 05:00:00+00:00,PrimClass_Jolie,Primary/Secondary Classroom,2927.0,0.60000002,3.0
2015-02-10 06:00:00+00:00,PrimClass_Jolie,Primary/Secondary Classroom,2927.0,0.60000002,2.5
2015-02-10 07:00:00+00:00,PrimClass_Jolie,Primary/Secondary Classroom,2927.0,1.5,2.0
2015-02-10 08:00:00+00:00,PrimClass_Jolie,Primary/Secondary Classroom,2927.0,2.59999999,3.0
2015-02-10 09:00:00+00:00,PrimClass_Jolie,Primary/Secondary Classroom,2927.0,3.0999999,3.0
2015-02-10 10:00:00+00:00,PrimClass_Jolie,Primary/Secondary Classroom,2927.0,5.0999999,3.0
2015-02-10 11:00:00+00:00,PrimClass_Jolie,Primary/Secondary Classroom,2927.0,6.0,4.0
2015-02-10 12:00:00+00:00,PrimClass_Jolie,Primary/Secondary Classroom,2927.0,5.4,4.0
2015-02-10 13:00:00+00:00,PrimClass_Jolie,Primary/Secondary Classroom,2927.0,5.3,4.5
2015-02-10 14:00:00+00:00,PrimClass_Jolie,Primary/Secondary Classroom,2927.0,,5.0
2015-02-10 15:00:00+00:00,PrimClass_Jolie,Primary/Secondary Classroom,2927.0,,5.0
2015-02-10 16:00:00+00:00,PrimClass_Jolie,Primary/Secondary Classroom,2927.0,4.5,5.0
2015-02-10 17:00:00+00:00,PrimClass_Jolie,Primary/Secondary Classroom,2927.0,3.7,5.0
2015-02-10 18:00:00+00:00,PrimClass_Jolie,Primary/Secondary Classroom,2927.0,2.7,5.0
2015-02-10 19:00:00+00:00,PrimClass_Jolie,Primary/Secondary Classroom,2927.0,0.50000001,5.0
2015-02-10 20:00:00+00:00,PrimClass_Jolie,Primary/Secondary Classroom,2927.0,0.4,5.0
2015-02-10 21:00:00+00:00,PrimClass_Jolie,Primary/Secondary Classroom,2927.0,0.4,5.0
2015-02-10 22:00:00+00:00,PrimClass_Jolie,Primary/Secondary Classroom,2927.0,0.4,5.0
2015-02-10 23:00:00+00:00,PrimClass_Jolie,Primary/Secondary Classroom,2927.0,0.4,5.0
2015-02-11 00:00:00+00:00,PrimClass_Jolie,Primary/Secondary Classroom,2927.0,0.4,5.0
2015-02-11 01:00:00+00:00,PrimClass_Jolie,Primary/Secondary Classroom,2927.0,0.50000001,4.0
2015-02-11 02:00:00+00:00,PrimClass_Jolie,Primary/Secondary Classroom,2927.0,0.60000002,4.0
2015-02-11 03:00:00+00:00,PrimClass_Jolie,Primary/Secondary Classroom,2927.0,0.60000002,4.0
2015-02-11 04:00:00+00:00,PrimClass_Jolie,Primary/Secondary Classroom,2927.0,0.70000002,4.0
2015-02-11 05:00:00+00:00,PrimClass_Jolie,Primary/Secondary Classroom,2927.0,0.70000002,4.0
2015-02-11 06:00:00+00:00,PrimClass_Jolie,Primary/Secondary Classroom,2927.0,0.70000002,4.5
2015-02-11 07:00:00+00:00,PrimClass_Jolie,Primary/Secondary Classroom,2927.0,1.8,4.0
2015-02-11 08:00:00+00:00,PrimClass_Jolie,Primary/Secondary Classroom,2927.0,3.3,5.0
2015-02-11 09:00:00+00:00,PrimClass_Jolie,Primary/Secondary Classroom,2927.0,3.2,5.0
2015-02-11 10:00:00+00:00,PrimClass_Jolie,Primary/Secondary Classroom,2927.0,,5.0
2015-02-11 11:00:00+00:00,PrimClass_Jolie,Primary/Secondary Classroom,2927.0,,5.0
2015-02-11 12:00:00+00:00,PrimClass_Jolie,Primary/Secondary Classroom,2927.0,,5.0
2015-02-11 13:00:00+00:00,PrimClass_Jolie,Primary/Secondary Classroom,2927.0,5.0999999,5.0
2015-02-11 14:00:00+00:00,PrimClass_Jolie,Primary/Secondary Classroom,2927.0,5.5999999,5.0
2015-02-11 15:00:00+00:00,PrimClass_Jolie,Primary/Secondary Classroom,2927.0,5.5999999,5.0
2015-02-11 16:00:00+00:00,PrimClass_Jolie,Primary/Secondary Classroom,2927.0,5.0,5.0
2015-02-11 17:00:00+00:00,PrimClass_Jolie,Primary/Secondary Classroom,2927.0,3.7999999,5.0
2015-02-11 18:00:00+00:00,PrimClass_Jolie,Primary/Secondary Classroom,2927.0,1.5,5.0
2015-02-11 19:00:00+00:00,PrimClass_Jolie,Primary/Secondary Classroom,2927.0,0.50000001,4.5
2015-02-11 20:00:00+00:00,PrimClass_Jolie,Primary/Secondary Classroom,2927.0,0.4,5.0
2015-02-11 21:00:00+00:00,PrimClass_Jolie,Primary/Secondary Classroom,2927.0,0.4,4.0
2015-02-11 22:00:00+00:00,PrimClass_Jolie,Primary/Secondary Classroom,2927.0,0.50000001,4.5
2015-02-11 23:00:00+00:00,PrimClass_Jolie,Primary/Secondary Classroom,2927.0,0.4,4.0
2015-02-12 00:00:00+00:00,PrimClass_Jolie,Primary/Secondary Classroom,2927.0,0.50000001,4.5
2015-02-12 01:00:00+00:00,PrimClass_Jolie,Primary/Secondary Classroom,2927.0,0.4,4.5
2015-02-12 02:00:00+00:00,PrimClass_Jolie,Primary/Secondary Classroom,2927.0,0.50000001,4.0
2015-02-12 03:00:00+00:00,PrimClass_Jolie,Primary/Secondary Classroom,2927.0,0.60000002,4.0
2015-02-12 04:00:00+00:00,PrimClass_Jolie,Primary/Secondary Classroom,2927.0,0.50000001,4.0
2015-02-12 05:00:00+00:00,PrimClass_Jolie,Primary/Secondary Classroom,2927.0,0.50000001,4.0
2015-02-12 06:00:00+00:00,PrimClass_Jolie,Primary/Secondary Classroom,2927.0,0.60000002,4.0
2015-02-12 07:00:00+00:00,PrimClass_Jolie,Primary/Secondary Classroom,2927.0,1.40000001,4.0
2015-02-12 08:00:00+00:00,PrimClass_Jolie,Primary/Secondary Classroom,2927.0,2.50000001,4.0
2015-02-12 09:00:00+00:00,PrimClass_Jolie,Primary/Secondary Classroom,2927.0,3.1999999,4.0
2015-02-12 10:00:00+00:00,PrimClass_Jolie,Primary/Secondary Classroom,2927.0,,4.5
2015-02-12 11:00:00+00:00,PrimClass_Jolie,Primary/Secondary Classroom,2927.0,,5.0
2015-02-12 12:00:00+00:00,PrimClass_Jolie,Primary/Secondary Classroom,2927.0,,6.0
2015-02-12 13:00:00+00:00,PrimClass_Jolie,Primary/Secondary Classroom,2927.0,5.3000002,6.0
2015-02-12 14:00:00+00:00,PrimClass_Jolie,Primary/Secondary Classroom,2927.0,,6.0
2015-02-12 15:00:00+00:00,PrimClass_Jolie,Primary/Secondary Classroom,2927.0,,6.0
2015-02-12 16:00:00+00:00,PrimClass_Jolie,Primary/Secondary Classroom,2927.0,4.6999998,5.0
2015-02-12 17:00:00+00:00,PrimClass_Jolie,Primary/Secondary Classroom,2927.0,3.1,5.0
2015-02-12 18:00:00+00:00,PrimClass_Jolie,Primary/Secondary Classroom,2927.0,2.6,5.0
2015-02-12 19:00:00+00:00,PrimClass_Jolie,Primary/Secondary Classroom,2927.0,0.70000002,5.0
2015-02-12 20:00:00+00:00,PrimClass_Jolie,Primary/Secondary Classroom,2927.0,0.50000001,4.0
2015-02-12 21:00:00+00:00,PrimClass_Jolie,Primary/Secondary Classroom,2927.0,0.50000001,4.0
2015-02-12 22:00:00+00:00,PrimClass_Jolie,Primary/Secondary Classroom,2927.0,0.60000002,4.0
2015-02-12 23:00:00+00:00,PrimClass_Jolie,Primary/Secondary Classroom,2927.0,0.60000002,4.5
2015-02-13 00:00:00+00:00,PrimClass_Jolie,Primary/Secondary Classroom,2927.0,0.4,5.0
2015-02-13 01:00:00+00:00,PrimClass_Jolie,Primary/Secondary Classroom,2927.0,0.60000002,5.0
2015-02-13 02:00:00+00:00,PrimClass_Jolie,Primary/Secondary Classroom,2927.0,0.70000002,6.0
2015-02-13 03:00:00+00:00,PrimClass_Jolie,Primary/Secondary Classroom,2927.0,0.70000002,7.0
2015-02-13 04:00:00+00:00,PrimClass_Jolie,Primary/Secondary Classroom,2927.0,0.70000002,7.0
2015-02-13 05:00:00+00:00,PrimClass_Jolie,Primary/Secondary Classroom,2927.0,0.70000002,7.0
2015-02-13 06:00:00+00:00,PrimClass_Jolie,Primary/Secondary Classroom,2927.0,0.80000002,7.0
2015-02-13 07:00:00+00:00,PrimClass_Jolie,Primary/Secondary Classroom,2927.0,2.09999998,7.0
2015-02-13 08:00:00+00:00,PrimClass_Jolie,Primary/Secondary Classroom,2927.0,2.5,7.0
2015-02-13 09:00:00+00:00,PrimClass_Jolie,Primary/Secondary Classroom,2927.0,2.20000001,7.0
2015-02-13 10:00:00+00:00,PrimClass_Jolie,Primary/Secondary Classroom,2927.0,3.7,7.0
2015-02-13 11:00:00+00:00,PrimClass_Jolie,Primary/Secondary Classroom,2927.0,3.6999999,7.0
2015-02-13 12:00:00+00:00,PrimClass_Jolie,Primary/Secondary Classroom,2927.0,2.8,8.5
2015-02-13 13:00:00+00:00,PrimClass_Jolie,Primary/Secondary Classroom,2927.0,2.7,8.5
2015-02-13 14:00:00+00:00,PrimClass_Jolie,Primary/Secondary Classroom,2927.0,3.4,7.5
2015-02-13 15:00:00+00:00,PrimClass_Jolie,Primary/Secondary Classroom,2927.0,3.0,7.0
2015-02-13 16:00:00+00:00,PrimClass_Jolie,Primary/Secondary Classroom,2927.0,1.89999999,6.0
2015-02-13 17:00:00+00:00,PrimClass_Jolie,Primary/Secondary Classroom,2927.0,0.70000002,6.0
2015-02-13 18:00:00+00:00,PrimClass_Jolie,Primary/Secondary Classroom,2927.0,0.50000001,5.0
2015-02-13 19:00:00+00:00,PrimClass_Jolie,Primary/Secondary Classroom,2927.0,0.4,5.0
2015-02-13 20:00:00+00:00,PrimClass_Jolie,Primary/Secondary Classroom,2927.0,0.4,5.0
2015-02-13 21:00:00+00:00,PrimClass_Jolie,Primary/Secondary Classroom,2927.0,0.4,5.0
2015-02-13 22:00:00+00:00,PrimClass_Jolie,Primary/Secondary Classroom,2927.0,0.4,5.0
2015-02-13 23:00:00+00:00,PrimClass_Jolie,Primary/Secondary Classroom,2927.0,0.4,6.0
2015-02-14 00:00:00+00:00,PrimClass_Jolie,Primary/Secondary Classroom,2927.0,0.3,5.0
2015-02-14 01:00:00+00:00,PrimClass_Jolie,Primary/Secondary Classroom,2927.0,0.4,5.0
2015-02-14 02:00:00+00:00,PrimClass_Jolie,Primary/Secondary Classroom,2927.0,0.4,4.0
2015-02-14 03:00:00+00:00,PrimClass_Jolie,Primary/Secondary Classroom,2927.0,0.50000001,3.5
2015-02-14 04:00:00+00:00,PrimClass_Jolie,Primary/Secondary Classroom,2927.0,0.4,4.0
2015-02-14 05:00:00+00:00,PrimClass_Jolie,Primary/Secondary Classroom,2927.0,0.4,4.0
2015-02-14 06:00:00+00:00,PrimClass_Jolie,Primary/Secondary Classroom,2927.0,0.4,3.5
2015-02-14 07:00:00+00:00,PrimClass_Jolie,Primary/Secondary Classroom,2927.0,0.40000001,4.0
2015-02-14 08:00:00+00:00,PrimClass_Jolie,Primary/Secondary Classroom,2927.0,0.4,4.0
2015-02-14 09:00:00+00:00,PrimClass_Jolie,Primary/Secondary Classroom,2927.0,0.4,4.5
2015-02-14 10:00:00+00:00,PrimClass_Jolie,Primary/Secondary Classroom,2927.0,0.4,6.0
2015-02-14 11:00:00+00:00,PrimClass_Jolie,Primary/Secondary Classroom,2927.0,0.4,7.0
2015-02-14 12:00:00+00:00,PrimClass_Jolie,Primary/Secondary Classroom,2927.0,0.4,7.0
2015-02-14 13:00:00+00:00,PrimClass_Jolie,Primary/Secondary Classroom,2927.0,0.3,8.0
2015-02-14 14:00:00+00:00,PrimClass_Jolie,Primary/Secondary Classroom,2927.0,0.4,8.0
2015-02-14 15:00:00+00:00,PrimClass_Jolie,Primary/Secondary Classroom,2927.0,0.4,8.0
2015-02-14 16:00:00+00:00,PrimClass_Jolie,Primary/Secondary Classroom,2927.0,0.4,8.0
2015-02-14 17:00:00+00:00,PrimClass_Jolie,Primary/Secondary Classroom,2927.0,0.4,7.0
2015-02-14 18:00:00+00:00,PrimClass_Jolie,Primary/Secondary Classroom,2927.0,0.3,7.0
2015-02-14 19:00:00+00:00,PrimClass_Jolie,Primary/Secondary Classroom,2927.0,0.4,7.0
2015-02-14 20:00:00+00:00,PrimClass_Jolie,Primary/Secondary Classroom,2927.0,0.4,7.0
2015-02-14 21:00:00+00:00,PrimClass_Jolie,Primary/Secondary Classroom,2927.0,0.4,5.5
2015-02-14 22:00:00+00:00,PrimClass_Jolie,Primary/Secondary Classroom,2927.0,0.4,6.0
2015-02-14 23:00:00+00:00,PrimClass_Jolie,Primary/Secondary Classroom,2927.0,0.50000001,6.0
2015-02-15 00:00:00+00:00,PrimClass_Jolie,Primary/Secondary Classroom,2927.0,0.4,5.0
2015-02-15 01:00:00+00:00,PrimClass_Jolie,Primary/Secondary Classroom,2927.0,0.4,5.0
2015-02-15 02:00:00+00:00,PrimClass_Jolie,Primary/Secondary Classroom,2927.0,0.4,5.0
2015-02-15 03:00:00+00:00,PrimClass_Jolie,Primary/Secondary Classroom,2927.0,0.50000001,4.5
2015-02-15 04:00:00+00:00,PrimClass_Jolie,Primary/Secondary Classroom,2927.0,0.4,5.0
2015-02-15 05:00:00+00:00,PrimClass_Jolie,Primary/Secondary Classroom,2927.0,0.4,5.0
2015-02-15 06:00:00+00:00,PrimClass_Jolie,Primary/Secondary Classroom,2927.0,0.4,5.0
2015-02-15 07:00:00+00:00,PrimClass_Jolie,Primary/Secondary Classroom,2927.0,0.60000002,5.0
2015-02-15 08:00:00+00:00,PrimClass_Jolie,Primary/Secondary Classroom,2927.0,0.60000002,5.0
2015-02-15 09:00:00+00:00,PrimClass_Jolie,Primary/Secondary Classroom,2927.0,0.60000002,6.0
2015-02-15 10:00:00+00:00,PrimClass_Jolie,Primary/Secondary Classroom,2927.0,0.60000002,6.0
2015-02-15 11:00:00+00:00,PrimClass_Jolie,Primary/Secondary Classroom,2927.0,0.60000002,6.0
2015-02-15 12:00:00+00:00,PrimClass_Jolie,Primary/Secondary Classroom,2927.0,0.60000002,7.0
2015-02-15 13:00:00+00:00,PrimClass_Jolie,Primary/Secondary Classroom,2927.0,0.60000002,7.0
2015-02-15 14:00:00+00:00,PrimClass_Jolie,Primary/Secondary Classroom,2927.0,0.60000002,7.0
2015-02-15 15:00:00+00:00,PrimClass_Jolie,Primary/Secondary Classroom,2927.0,0.60000002,7.0
2015-02-15 16:00:00+00:00,PrimClass_Jolie,Primary/Secondary Classroom,2927.0,0.60000002,6.5
2015-02-15 17:00:00+00:00,PrimClass_Jolie,Primary/Secondary Classroom,2927.0,0.50000001,6.0
2015-02-15 18:00:00+00:00,PrimClass_Jolie,Primary/Secondary Classroom,2927.0,0.4,6.0
2015-02-15 19:00:00+00:00,PrimClass_Jolie,Primary/Secondary Classroom,2927.0,0.4,6.0
2015-02-15 20:00:00+00:00,PrimClass_Jolie,Primary/Secondary Classroom,2927.0,0.4,6.0
2015-02-15 21:00:00+00:00,PrimClass_Jolie,Primary/Secondary Classroom,2927.0,0.4,6.0
2015-02-15 22:00:00+00:00,PrimClass_Jolie,Primary/Secondary Classroom,2927.0,0.4,6.0
2015-02-15 23:00:00+00:00,PrimClass_Jolie,Primary/Secondary Classroom,2927.0,0.4,5.5
2015-02-16 00:00:00+00:00,PrimClass_Jolie,Primary/Secondary Classroom,2927.0,0.50000001,5.0
2015-02-16 01:00:00+00:00,PrimClass_Jolie,Primary/Secondary Classroom,2927.0,0.50000001,5.0
2015-02-16 02:00:00+00:00,PrimClass_Jolie,Primary/Secondary Classroom,2927.0,0.70000002,5.0
2015-02-16 03:00:00+00:00,PrimClass_Jolie,Primary/Secondary Classroom,2927.0,0.4,6.5
2015-02-16 04:00:00+00:00,PrimClass_Jolie,Primary/Secondary Classroom,2927.0,0.60000002,7.0
2015-02-16 05:00:00+00:00,PrimClass_Jolie,Primary/Secondary Classroom,2927.0,0.50000001,6.5
2015-02-16 06:00:00+00:00,PrimClass_Jolie,Primary/Secondary Classroom,2927.0,0.60000002,7.0
2015-02-16 07:00:00+00:00,PrimClass_Jolie,Primary/Secondary Classroom,2927.0,3.50000001,7.0
2015-02-16 08:00:00+00:00,PrimClass_Jolie,Primary/Secondary Classroom,2927.0,3.1999999,7.0
2015-02-16 09:00:00+00:00,PrimClass_Jolie,Primary/Secondary Classroom,2927.0,1.40000003,6.5
2015-02-16 10:00:00+00:00,PrimClass_Jolie,Primary/Secondary Classroom,2927.0,1.39999998,7.0
2015-02-16 11:00:00+00:00,PrimClass_Jolie,Primary/Secondary Classroom,2927.0,1.0,7.5
2015-02-16 12:00:00+00:00,PrimClass_Jolie,Primary/Secondary Classroom,2927.0,1.0,8.0
2015-02-16 13:00:00+00:00,PrimClass_Jolie,Primary/Secondary Classroom,2927.0,0.90000001,8.5
2015-02-16 14:00:00+00:00,PrimClass_Jolie,Primary/Secondary Classroom,2927.0,1.0,8.0
2015-02-16 15:00:00+00:00,PrimClass_Jolie,Primary/Secondary Classroom,2927.0,0.90000001,7.5
2015-02-16 16:00:00+00:00,PrimClass_Jolie,Primary/Secondary Classroom,2927.0,0.80000002,7.0
2015-02-16 17:00:00+00:00,PrimClass_Jolie,Primary/Secondary Classroom,2927.0,0.70000002,5.5
2015-02-16 18:00:00+00:00,PrimClass_Jolie,Primary/Secondary Classroom,2927.0,0.60000002,4.5
2015-02-16 19:00:00+00:00,PrimClass_Jolie,Primary/Secondary Classroom,2927.0,0.60000002,3.0
2015-02-16 20:00:00+00:00,PrimClass_Jolie,Primary/Secondary Classroom,2927.0,0.4,3.5
2015-02-16 21:00:00+00:00,PrimClass_Jolie,Primary/Secondary Classroom,2927.0,0.60000002,3.0
2015-02-16 22:00:00+00:00,PrimClass_Jolie,Primary/Secondary Classroom,2927.0,0.4,3.0
2015-02-16 23:00:00+00:00,PrimClass_Jolie,Primary/Secondary Classroom,2927.0,0.60000002,3.0
2015-02-17 00:00:00+00:00,PrimClass_Jolie,Primary/Secondary Classroom,2927.0,0.50000001,3.0
2015-02-17 01:00:00+00:00,PrimClass_Jolie,Primary/Secondary Classroom,2927.0,0.50000001,2.5
2015-02-17 02:00:00+00:00,PrimClass_Jolie,Primary/Secondary Classroom,2927.0,0.70000002,2.5
2015-02-17 03:00:00+00:00,PrimClass_Jolie,Primary/Secondary Classroom,2927.0,0.80000002,3.0
2015-02-17 04:00:00+00:00,PrimClass_Jolie,Primary/Secondary Classroom,2927.0,0.80000002,1.5
2015-02-17 05:00:00+00:00,PrimClass_Jolie,Primary/Secondary Classroom,2927.0,0.60000002,1.5
2015-02-17 06:00:00+00:00,PrimClass_Jolie,Primary/Secondary Classroom,2927.0,0.80000002,2.0
2015-02-17 07:00:00+00:00,PrimClass_Jolie,Primary/Secondary Classroom,2927.0,1.69999999,2.0
2015-02-17 08:00:00+00:00,PrimClass_Jolie,Primary/Secondary Classroom,2927.0,1.40000003,3.0
2015-02-17 09:00:00+00:00,PrimClass_Jolie,Primary/Secondary Classroom,2927.0,1.5,4.5
2015-02-17 10:00:00+00:00,PrimClass_Jolie,Primary/Secondary Classroom,2927.0,1.30000001,6.0
2015-02-17 11:00:00+00:00,PrimClass_Jolie,Primary/Secondary Classroom,2927.0,1.00000003,7.0
2015-02-17 12:00:00+00:00,PrimClass_Jolie,Primary/Secondary Classroom,2927.0,0.60000002,7.0
2015-02-17 13:00:00+00:00,PrimClass_Jolie,Primary/Secondary Classroom,2927.0,0.60000002,8.0
2015-02-17 14:00:00+00:00,PrimClass_Jolie,Primary/Secondary Classroom,2927.0,0.80000002,8.0
2015-02-17 15:00:00+00:00,PrimClass_Jolie,Primary/Secondary Classroom,2927.0,0.7,7.0
2015-02-17 16:00:00+00:00,PrimClass_Jolie,Primary/Secondary Classroom,2927.0,0.4,6.0
2015-02-17 17:00:00+00:00,PrimClass_Jolie,Primary/Secondary Classroom,2927.0,0.50000001,5.5
2015-02-17 18:00:00+00:00,PrimClass_Jolie,Primary/Secondary Classroom,2927.0,0.3,5.0
2015-02-17 19:00:00+00:00,PrimClass_Jolie,Primary/Secondary Classroom,2927.0,0.50000001,5.5
2015-02-17 20:00:00+00:00,PrimClass_Jolie,Primary/Secondary Classroom,2927.0,0.4,6.0
2015-02-17 21:00:00+00:00,PrimClass_Jolie,Primary/Secondary Classroom,2927.0,0.4,6.0
2015-02-17 22:00:00+00:00,PrimClass_Jolie,Primary/Secondary Classroom,2927.0,0.4,6.0
2015-02-17 23:00:00+00:00,PrimClass_Jolie,Primary/Secondary Classroom,2927.0,0.4,6.0
2015-02-18 00:00:00+00:00,PrimClass_Jolie,Primary/Secondary Classroom,2927.0,0.4,6.0
2015-02-18 01:00:00+00:00,PrimClass_Jolie,Primary/Secondary Classroom,2927.0,0.4,6.0
2015-02-18 02:00:00+00:00,PrimClass_Jolie,Primary/Secondary Classroom,2927.0,0.4,6.0
2015-02-18 03:00:00+00:00,PrimClass_Jolie,Primary/Secondary Classroom,2927.0,0.60000002,6.0
2015-02-18 04:00:00+00:00,PrimClass_Jolie,Primary/Secondary Classroom,2927.0,0.70000002,6.0
2015-02-18 05:00:00+00:00,PrimClass_Jolie,Primary/Secondary Classroom,2927.0,0.50000001,6.0
2015-02-18 06:00:00+00:00,PrimClass_Jolie,Primary/Secondary Classroom,2927.0,0.60000002,6.0
2015-02-18 07:00:00+00:00,PrimClass_Jolie,Primary/Secondary Classroom,2927.0,0.70000002,6.0
2015-02-18 08:00:00+00:00,PrimClass_Jolie,Primary/Secondary Classroom,2927.0,0.80000002,7.0
2015-02-18 09:00:00+00:00,PrimClass_Jolie,Primary/Secondary Classroom,2927.0,0.80000002,8.0
2015-02-18 10:00:00+00:00,PrimClass_Jolie,Primary/Secondary Classroom,2927.0,0.90000001,8.0
2015-02-18 11:00:00+00:00,PrimClass_Jolie,Primary/Secondary Classroom,2927.0,0.80000002,9.0
2015-02-18 12:00:00+00:00,PrimClass_Jolie,Primary/Secondary Classroom,2927.0,0.60000002,9.5
2015-02-18 13:00:00+00:00,PrimClass_Jolie,Primary/Secondary Classroom,2927.0,0.60000002,9.0
2015-02-18 14:00:00+00:00,PrimClass_Jolie,Primary/Secondary Classroom,2927.0,0.80000002,9.0
2015-02-18 15:00:00+00:00,PrimClass_Jolie,Primary/Secondary Classroom,2927.0,0.70000002,8.5
2015-02-18 16:00:00+00:00,PrimClass_Jolie,Primary/Secondary Classroom,2927.0,0.50000001,8.0
2015-02-18 17:00:00+00:00,PrimClass_Jolie,Primary/Secondary Classroom,2927.0,0.4,8.0
2015-02-18 18:00:00+00:00,PrimClass_Jolie,Primary/Secondary Classroom,2927.0,0.4,7.5
2015-02-18 19:00:00+00:00,PrimClass_Jolie,Primary/Secondary Classroom,2927.0,0.4,7.0
2015-02-18 20:00:00+00:00,PrimClass_Jolie,Primary/Secondary Classroom,2927.0,0.4,7.0
2015-02-18 21:00:00+00:00,PrimClass_Jolie,Primary/Secondary Classroom,2927.0,0.4,7.0
2015-02-18 22:00:00+00:00,PrimClass_Jolie,Primary/Secondary Classroom,2927.0,0.4,6.5
2015-02-18 23:00:00+00:00,PrimClass_Jolie,Primary/Secondary Classroom,2927.0,0.4,7.0
2015-02-19 00:00:00+00:00,PrimClass_Jolie,Primary/Secondary Classroom,2927.0,0.3,6.5
2015-02-19 01:00:00+00:00,PrimClass_Jolie,Primary/Secondary Classroom,2927.0,0.50000001,7.0
2015-02-19 02:00:00+00:00,PrimClass_Jolie,Primary/Secondary Classroom,2927.0,0.4,7.0
2015-02-19 03:00:00+00:00,PrimClass_Jolie,Primary/Secondary Classroom,2927.0,0.50000001,7.0
2015-02-19 04:00:00+00:00,PrimClass_Jolie,Primary/Secondary Classroom,2927.0,0.60000002,7.0
2015-02-19 05:00:00+00:00,PrimClass_Jolie,Primary/Secondary Classroom,2927.0,0.50000001,8.0
2015-02-19 06:00:00+00:00,PrimClass_Jolie,Primary/Secondary Classroom,2927.0,0.70000002,8.0
2015-02-19 07:00:00+00:00,PrimClass_Jolie,Primary/Secondary Classroom,2927.0,0.70000002,8.0
2015-02-19 08:00:00+00:00,PrimClass_Jolie,Primary/Secondary Classroom,2927.0,0.80000002,8.0
2015-02-19 09:00:00+00:00,PrimClass_Jolie,Primary/Secondary Classroom,2927.0,0.80000002,7.5
2015-02-19 10:00:00+00:00,PrimClass_Jolie,Primary/Secondary Classroom,2927.0,0.80000002,8.0
2015-02-19 11:00:00+00:00,PrimClass_Jolie,Primary/Secondary Classroom,2927.0,0.90000001,8.0
2015-02-19 12:00:00+00:00,PrimClass_Jolie,Primary/Secondary Classroom,2927.0,0.60000002,7.5
2015-02-19 13:00:00+00:00,PrimClass_Jolie,Primary/Secondary Classroom,2927.0,0.80000002,8.0
2015-02-19 14:00:00+00:00,PrimClass_Jolie,Primary/Secondary Classroom,2927.0,0.80000002,9.0
2015-02-19 15:00:00+00:00,PrimClass_Jolie,Primary/Secondary Classroom,2927.0,0.60000002,9.0
2015-02-19 16:00:00+00:00,PrimClass_Jolie,Primary/Secondary Classroom,2927.0,0.60000002,8.5
2015-02-19 17:00:00+00:00,PrimClass_Jolie,Primary/Secondary Classroom,2927.0,0.50000001,7.0
2015-02-19 18:00:00+00:00,PrimClass_Jolie,Primary/Secondary Classroom,2927.0,0.4,7.0
2015-02-19 19:00:00+00:00,PrimClass_Jolie,Primary/Secondary Classroom,2927.0,0.4,7.0
2015-02-19 20:00:00+00:00,PrimClass_Jolie,Primary/Secondary Classroom,2927.0,0.4,7.0
2015-02-19 21:00:00+00:00,PrimClass_Jolie,Primary/Secondary Classroom,2927.0,0.60000002,7.0
2015-02-19 22:00:00+00:00,PrimClass_Jolie,Primary/Secondary Classroom,2927.0,0.4,6.0
2015-02-19 23:00:00+00:00,PrimClass_Jolie,Primary/Secondary Classroom,2927.0,0.4,6.0
2015-02-20 00:00:00+00:00,PrimClass_Jolie,Primary/Secondary Classroom,2927.0,0.4,5.0
2015-02-20 01:00:00+00:00,PrimClass_Jolie,Primary/Secondary Classroom,2927.0,0.4,6.0
2015-02-20 02:00:00+00:00,PrimClass_Jolie,Primary/Secondary Classroom,2927.0,0.50000001,5.0
2015-02-20 03:00:00+00:00,PrimClass_Jolie,Primary/Secondary Classroom,2927.0,0.50000001,5.0
2015-02-20 04:00:00+00:00,PrimClass_Jolie,Primary/Secondary Classroom,2927.0,0.60000002,4.0
2015-02-20 05:00:00+00:00,PrimClass_Jolie,Primary/Secondary Classroom,2927.0,0.60000002,3.0
2015-02-20 06:00:00+00:00,PrimClass_Jolie,Primary/Secondary Classroom,2927.0,0.60000002,2.5
2015-02-20 07:00:00+00:00,PrimClass_Jolie,Primary/Secondary Classroom,2927.0,0.70000002,2.5
2015-02-20 08:00:00+00:00,PrimClass_Jolie,Primary/Secondary Classroom,2927.0,0.60000002,2.5
2015-02-20 09:00:00+00:00,PrimClass_Jolie,Primary/Secondary Classroom,2927.0,0.60000002,4.0
2015-02-20 10:00:00+00:00,PrimClass_Jolie,Primary/Secondary Classroom,2927.0,0.50000001,5.5
2015-02-20 11:00:00+00:00,PrimClass_Jolie,Primary/Secondary Classroom,2927.0,0.60000002,6.0
2015-02-20 12:00:00+00:00,PrimClass_Jolie,Primary/Secondary Classroom,2927.0,0.70000002,6.5
2015-02-20 13:00:00+00:00,PrimClass_Jolie,Primary/Secondary Classroom,2927.0,0.60000002,7.0
2015-02-20 14:00:00+00:00,PrimClass_Jolie,Primary/Secondary Classroom,2927.0,0.60000002,6.0
2015-02-20 15:00:00+00:00,PrimClass_Jolie,Primary/Secondary Classroom,2927.0,0.4,6.0
2015-02-20 16:00:00+00:00,PrimClass_Jolie,Primary/Secondary Classroom,2927.0,0.4,6.0
2015-02-20 17:00:00+00:00,PrimClass_Jolie,Primary/Secondary Classroom,2927.0,0.50000001,5.0
2015-02-20 18:00:00+00:00,PrimClass_Jolie,Primary/Secondary Classroom,2927.0,0.4,5.0
2015-02-20 19:00:00+00:00,PrimClass_Jolie,Primary/Secondary Classroom,2927.0,0.4,4.0
2015-02-20 20:00:00+00:00,PrimClass_Jolie,Primary/Secondary Classroom,2927.0,0.4,3.5
2015-02-20 21:00:00+00:00,PrimClass_Jolie,Primary/Secondary Classroom,2927.0,0.4,3.5
2015-02-20 22:00:00+00:00,PrimClass_Jolie,Primary/Secondary Classroom,2927.0,0.50000001,3.5
2015-02-20 23:00:00+00:00,PrimClass_Jolie,Primary/Secondary Classroom,2927.0,0.4,3.5
2015-02-21 00:00:00+00:00,PrimClass_Jolie,Primary/Secondary Classroom,2927.0,0.4,3.0
2015-02-21 01:00:00+00:00,PrimClass_Jolie,Primary/Secondary Classroom,2927.0,0.4,3.0
2015-02-21 02:00:00+00:00,PrimClass_Jolie,Primary/Secondary Classroom,2927.0,0.4,3.0
2015-02-21 03:00:00+00:00,PrimClass_Jolie,Primary/Secondary Classroom,2927.0,0.50000001,2.0
2015-02-21 04:00:00+00:00,PrimClass_Jolie,Primary/Secondary Classroom,2927.0,0.4,2.0
2015-02-21 05:00:00+00:00,PrimClass_Jolie,Primary/Secondary Classroom,2927.0,0.4,2.0
2015-02-21 06:00:00+00:00,PrimClass_Jolie,Primary/Secondary Classroom,2927.0,0.4,2.0
2015-02-21 07:00:00+00:00,PrimClass_Jolie,Primary/Secondary Classroom,2927.0,0.50000001,2.0
2015-02-21 08:00:00+00:00,PrimClass_Jolie,Primary/Secondary Classroom,2927.0,0.4,3.0
2015-02-21 09:00:00+00:00,PrimClass_Jolie,Primary/Secondary Classroom,2927.0,0.4,3.5
2015-02-21 10:00:00+00:00,PrimClass_Jolie,Primary/Secondary Classroom,2927.0,0.4,4.5
2015-02-21 11:00:00+00:00,PrimClass_Jolie,Primary/Secondary Classroom,2927.0,0.4,6.0
2015-02-21 12:00:00+00:00,PrimClass_Jolie,Primary/Secondary Classroom,2927.0,0.4,5.0
2015-02-21 13:00:00+00:00,PrimClass_Jolie,Primary/Secondary Classroom,2927.0,0.3,6.0
2015-02-21 14:00:00+00:00,PrimClass_Jolie,Primary/Secondary Classroom,2927.0,0.4,7.0
2015-02-21 15:00:00+00:00,PrimClass_Jolie,Primary/Secondary Classroom,2927.0,0.3,7.0
2015-02-21 16:00:00+00:00,PrimClass_Jolie,Primary/Secondary Classroom,2927.0,0.50000001,5.5
2015-02-21 17:00:00+00:00,PrimClass_Jolie,Primary/Secondary Classroom,2927.0,0.4,3.5
2015-02-21 18:00:00+00:00,PrimClass_Jolie,Primary/Secondary Classroom,2927.0,0.4,2.5
2015-02-21 19:00:00+00:00,PrimClass_Jolie,Primary/Secondary Classroom,2927.0,0.4,2.0
2015-02-21 20:00:00+00:00,PrimClass_Jolie,Primary/Secondary Classroom,2927.0,0.4,2.0
2015-02-21 21:00:00+00:00,PrimClass_Jolie,Primary/Secondary Classroom,2927.0,0.4,2.0
2015-02-21 22:00:00+00:00,PrimClass_Jolie,Primary/Secondary Classroom,2927.0,0.4,1.5
2015-02-21 23:00:00+00:00,PrimClass_Jolie,Primary/Secondary Classroom,2927.0,0.4,1.0
2015-02-22 00:00:00+00:00,PrimClass_Jolie,Primary/Secondary Classroom,2927.0,0.4,1.0
2015-02-22 01:00:00+00:00,PrimClass_Jolie,Primary/Secondary Classroom,2927.0,0.4,1.0
2015-02-22 02:00:00+00:00,PrimClass_Jolie,Primary/Secondary Classroom,2927.0,0.3,1.5
2015-02-22 03:00:00+00:00,PrimClass_Jolie,Primary/Secondary Classroom,2927.0,0.4,0.5
2015-02-22 04:00:00+00:00,PrimClass_Jolie,Primary/Secondary Classroom,2927.0,0.4,1.5
2015-02-22 05:00:00+00:00,PrimClass_Jolie,Primary/Secondary Classroom,2927.0,0.4,3.0
2015-02-22 06:00:00+00:00,PrimClass_Jolie,Primary/Secondary Classroom,2927.0,0.4,3.0
2015-02-22 07:00:00+00:00,PrimClass_Jolie,Primary/Secondary Classroom,2927.0,0.60000001,3.0
2015-02-22 08:00:00+00:00,PrimClass_Jolie,Primary/Secondary Classroom,2927.0,0.60000002,4.0
2015-02-22 09:00:00+00:00,PrimClass_Jolie,Primary/Secondary Classroom,2927.0,0.60000002,4.5
2015-02-22 10:00:00+00:00,PrimClass_Jolie,Primary/Secondary Classroom,2927.0,0.60000002,4.5
2015-02-22 11:00:00+00:00,PrimClass_Jolie,Primary/Secondary Classroom,2927.0,0.60000002,5.0
2015-02-22 12:00:00+00:00,PrimClass_Jolie,Primary/Secondary Classroom,2927.0,0.60000002,5.5
2015-02-22 13:00:00+00:00,PrimClass_Jolie,Primary/Secondary Classroom,2927.0,0.60000002,6.0
2015-02-22 14:00:00+00:00,PrimClass_Jolie,Primary/Secondary Classroom,2927.0,0.60000002,7.0
2015-02-22 15:00:00+00:00,PrimClass_Jolie,Primary/Secondary Classroom,2927.0,0.60000002,7.5
2015-02-22 16:00:00+00:00,PrimClass_Jolie,Primary/Secondary Classroom,2927.0,0.60000002,8.0
2015-02-22 17:00:00+00:00,PrimClass_Jolie,Primary/Secondary Classroom,2927.0,0.50000001,9.0
2015-02-22 18:00:00+00:00,PrimClass_Jolie,Primary/Secondary Classroom,2927.0,0.4,9.0
2015-02-22 19:00:00+00:00,PrimClass_Jolie,Primary/Secondary Classroom,2927.0,0.4,9.0
2015-02-22 20:00:00+00:00,PrimClass_Jolie,Primary/Secondary Classroom,2927.0,0.4,8.5
2015-02-22 21:00:00+00:00,PrimClass_Jolie,Primary/Secondary Classroom,2927.0,0.4,8.0
2015-02-22 22:00:00+00:00,PrimClass_Jolie,Primary/Secondary Classroom,2927.0,0.60000002,7.0
2015-02-22 23:00:00+00:00,PrimClass_Jolie,Primary/Secondary Classroom,2927.0,0.4,6.5
2015-02-23 00:00:00+00:00,PrimClass_Jolie,Primary/Secondary Classroom,2927.0,0.50000001,5.5
2015-02-23 01:00:00+00:00,PrimClass_Jolie,Primary/Secondary Classroom,2927.0,0.60000002,5.5
2015-02-23 02:00:00+00:00,PrimClass_Jolie,Primary/Secondary Classroom,2927.0,0.70000002,5.5
2015-02-23 03:00:00+00:00,PrimClass_Jolie,Primary/Secondary Classroom,2927.0,0.60000002,5.0
2015-02-23 04:00:00+00:00,PrimClass_Jolie,Primary/Secondary Classroom,2927.0,0.50000001,5.0
2015-02-23 05:00:00+00:00,PrimClass_Jolie,Primary/Secondary Classroom,2927.0,0.60000002,4.5
2015-02-23 06:00:00+00:00,PrimClass_Jolie,Primary/Secondary Classroom,2927.0,0.60000001,4.0
2015-02-23 07:00:00+00:00,PrimClass_Jolie,Primary/Secondary Classroom,2927.0,1.40000001,3.5
2015-02-23 08:00:00+00:00,PrimClass_Jolie,Primary/Secondary Classroom,2927.0,2.6,4.0
2015-02-23 09:00:00+00:00,PrimClass_Jolie,Primary/Secondary Classroom,2927.0,4.2000001,5.0
2015-02-23 10:00:00+00:00,PrimClass_Jolie,Primary/Secondary Classroom,2927.0,6.3000002,5.0
2015-02-23 11:00:00+00:00,PrimClass_Jolie,Primary/Secondary Classroom,2927.0,,4.5
2015-02-23 12:00:00+00:00,PrimClass_Jolie,Primary/Secondary Classroom,2927.0,,4.5
2015-02-23 13:00:00+00:00,PrimClass_Jolie,Primary/Secondary Classroom,2927.0,,4.5
2015-02-23 14:00:00+00:00,PrimClass_Jolie,Primary/Secondary Classroom,2927.0,6.1999998,6.0
2015-02-23 15:00:00+00:00,PrimClass_Jolie,Primary/Secondary Classroom,2927.0,,4.5
2015-02-23 16:00:00+00:00,PrimClass_Jolie,Primary/Secondary Classroom,2927.0,5.7000001,5.5
2015-02-23 17:00:00+00:00,PrimClass_Jolie,Primary/Secondary Classroom,2927.0,3.2,5.0
2015-02-23 18:00:00+00:00,PrimClass_Jolie,Primary/Secondary Classroom,2927.0,1.60000002,5.5
2015-02-23 19:00:00+00:00,PrimClass_Jolie,Primary/Secondary Classroom,2927.0,0.50000001,6.0
2015-02-23 20:00:00+00:00,PrimClass_Jolie,Primary/Secondary Classroom,2927.0,0.50000001,6.5
2015-02-23 21:00:00+00:00,PrimClass_Jolie,Primary/Secondary Classroom,2927.0,0.50000001,6.0
2015-02-23 22:00:00+00:00,PrimClass_Jolie,Primary/Secondary Classroom,2927.0,0.4,7.0
2015-02-23 23:00:00+00:00,PrimClass_Jolie,Primary/Secondary Classroom,2927.0,0.4,7.0
2015-02-24 00:00:00+00:00,PrimClass_Jolie,Primary/Secondary Classroom,2927.0,0.50000001,6.5
2015-02-24 01:00:00+00:00,PrimClass_Jolie,Primary/Secondary Classroom,2927.0,0.50000001,6.5
2015-02-24 02:00:00+00:00,PrimClass_Jolie,Primary/Secondary Classroom,2927.0,0.70000002,6.0
2015-02-24 03:00:00+00:00,PrimClass_Jolie,Primary/Secondary Classroom,2927.0,0.60000002,6.0
2015-02-24 04:00:00+00:00,PrimClass_Jolie,Primary/Secondary Classroom,2927.0,0.60000002,6.0
2015-02-24 05:00:00+00:00,PrimClass_Jolie,Primary/Secondary Classroom,2927.0,0.60000002,6.0
2015-02-24 06:00:00+00:00,PrimClass_Jolie,Primary/Secondary Classroom,2927.0,0.50000001,6.0
2015-02-24 07:00:00+00:00,PrimClass_Jolie,Primary/Secondary Classroom,2927.0,1.90000001,5.5
2015-02-24 08:00:00+00:00,PrimClass_Jolie,Primary/Secondary Classroom,2927.0,1.70000002,6.0
2015-02-24 09:00:00+00:00,PrimClass_Jolie,Primary/Secondary Classroom,2927.0,2.8,6.5
2015-02-24 10:00:00+00:00,PrimClass_Jolie,Primary/Secondary Classroom,2927.0,5.1,7.5
2015-02-24 11:00:00+00:00,PrimClass_Jolie,Primary/Secondary Classroom,2927.0,,8.0
2015-02-24 12:00:00+00:00,PrimClass_Jolie,Primary/Secondary Classroom,2927.0,6.2000001,7.5
2015-02-24 13:00:00+00:00,PrimClass_Jolie,Primary/Secondary Classroom,2927.0,5.2000001,8.0
2015-02-24 14:00:00+00:00,PrimClass_Jolie,Primary/Secondary Classroom,2927.0,5.5,7.5
2015-02-24 15:00:00+00:00,PrimClass_Jolie,Primary/Secondary Classroom,2927.0,4.8000002,7.5
2015-02-24 16:00:00+00:00,PrimClass_Jolie,Primary/Secondary Classroom,2927.0,5.4,6.5
2015-02-24 17:00:00+00:00,PrimClass_Jolie,Primary/Secondary Classroom,2927.0,3.1,5.0
2015-02-24 18:00:00+00:00,PrimClass_Jolie,Primary/Secondary Classroom,2927.0,1.29999999,6.5
2015-02-24 19:00:00+00:00,PrimClass_Jolie,Primary/Secondary Classroom,2927.0,0.50000001,7.0
2015-02-24 20:00:00+00:00,PrimClass_Jolie,Primary/Secondary Classroom,2927.0,0.4,7.0
2015-02-24 21:00:00+00:00,PrimClass_Jolie,Primary/Secondary Classroom,2927.0,0.4,7.0
2015-02-24 22:00:00+00:00,PrimClass_Jolie,Primary/Secondary Classroom,2927.0,0.4,7.0
2015-02-24 23:00:00+00:00,PrimClass_Jolie,Primary/Secondary Classroom,2927.0,0.4,7.0
2015-02-25 00:00:00+00:00,PrimClass_Jolie,Primary/Secondary Classroom,2927.0,0.50000001,7.5
2015-02-25 01:00:00+00:00,PrimClass_Jolie,Primary/Secondary Classroom,2927.0,0.4,7.5
2015-02-25 02:00:00+00:00,PrimClass_Jolie,Primary/Secondary Classroom,2927.0,0.4,7.0
2015-02-25 03:00:00+00:00,PrimClass_Jolie,Primary/Secondary Classroom,2927.0,0.60000002,7.5
2015-02-25 04:00:00+00:00,PrimClass_Jolie,Primary/Secondary Classroom,2927.0,0.60000002,7.0
2015-02-25 05:00:00+00:00,PrimClass_Jolie,Primary/Secondary Classroom,2927.0,0.60000002,7.0
2015-02-25 06:00:00+00:00,PrimClass_Jolie,Primary/Secondary Classroom,2927.0,0.60000002,7.5
2015-02-25 07:00:00+00:00,PrimClass_Jolie,Primary/Secondary Classroom,2927.0,1.8,8.0
2015-02-25 08:00:00+00:00,PrimClass_Jolie,Primary/Secondary Classroom,2927.0,2.5,8.0
2015-02-25 09:00:00+00:00,PrimClass_Jolie,Primary/Secondary Classroom,2927.0,3.8999999,8.0
2015-02-25 10:00:00+00:00,PrimClass_Jolie,Primary/Secondary Classroom,2927.0,5.0,9.0
2015-02-25 11:00:00+00:00,PrimClass_Jolie,Primary/Secondary Classroom,2927.0,6.0,9.5
2015-02-25 12:00:00+00:00,PrimClass_Jolie,Primary/Secondary Classroom,2927.0,,10.5
2015-02-25 13:00:00+00:00,PrimClass_Jolie,Primary/Secondary Classroom,2927.0,4.6,10.5
2015-02-25 14:00:00+00:00,PrimClass_Jolie,Primary/Secondary Classroom,2927.0,5.5999999,10.5
2015-02-25 15:00:00+00:00,PrimClass_Jolie,Primary/Secondary Classroom,2927.0,5.3999999,10.0
2015-02-25 16:00:00+00:00,PrimClass_Jolie,Primary/Secondary Classroom,2927.0,4.2999999,9.0
2015-02-25 17:00:00+00:00,PrimClass_Jolie,Primary/Secondary Classroom,2927.0,2.7,9.0
2015-02-25 18:00:00+00:00,PrimClass_Jolie,Primary/Secondary Classroom,2927.0,1.39999998,9.0
2015-02-25 19:00:00+00:00,PrimClass_Jolie,Primary/Secondary Classroom,2927.0,0.60000002,9.0
2015-02-25 20:00:00+00:00,PrimClass_Jolie,Primary/Secondary Classroom,2927.0,0.60000002,9.0
2015-02-25 21:00:00+00:00,PrimClass_Jolie,Primary/Secondary Classroom,2927.0,0.60000002,9.0
2015-02-25 22:00:00+00:00,PrimClass_Jolie,Primary/Secondary Classroom,2927.0,0.60000002,9.0
2015-02-25 23:00:00+00:00,PrimClass_Jolie,Primary/Secondary Classroom,2927.0,0.60000002,9.0
2015-02-26 00:00:00+00:00,PrimClass_Jolie,Primary/Secondary Classroom,2927.0,0.50000001,9.0
2015-02-26 01:00:00+00:00,PrimClass_Jolie,Primary/Secondary Classroom,2927.0,0.60000002,9.0
2015-02-26 02:00:00+00:00,PrimClass_Jolie,Primary/Secondary Classroom,2927.0,0.60000002,9.0
2015-02-26 03:00:00+00:00,PrimClass_Jolie,Primary/Secondary Classroom,2927.0,0.60000002,9.0
2015-02-26 04:00:00+00:00,PrimClass_Jolie,Primary/Secondary Classroom,2927.0,0.70000002,9.0
2015-02-26 05:00:00+00:00,PrimClass_Jolie,Primary/Secondary Classroom,2927.0,0.80000002,9.0
2015-02-26 06:00:00+00:00,PrimClass_Jolie,Primary/Secondary Classroom,2927.0,0.80000002,9.0
2015-02-26 07:00:00+00:00,PrimClass_Jolie,Primary/Secondary Classroom,2927.0,1.50000001,9.5
2015-02-26 08:00:00+00:00,PrimClass_Jolie,Primary/Secondary Classroom,2927.0,2.9,10.0
2015-02-26 09:00:00+00:00,PrimClass_Jolie,Primary/Secondary Classroom,2927.0,2.99999988,9.0
2015-02-26 10:00:00+00:00,PrimClass_Jolie,Primary/Secondary Classroom,2927.0,5.1,9.0
2015-02-26 11:00:00+00:00,PrimClass_Jolie,Primary/Secondary Classroom,2927.0,6.0,8.0
2015-02-26 12:00:00+00:00,PrimClass_Jolie,Primary/Secondary Classroom,2927.0,,9.0
2015-02-26 13:00:00+00:00,PrimClass_Jolie,Primary/Secondary Classroom,2927.0,5.0,9.0
2015-02-26 14:00:00+00:00,PrimClass_Jolie,Primary/Secondary Classroom,2927.0,,8.0
2015-02-26 15:00:00+00:00,PrimClass_Jolie,Primary/Secondary Classroom,2927.0,6.0,8.0
2015-02-26 16:00:00+00:00,PrimClass_Jolie,Primary/Secondary Classroom,2927.0,5.0,7.0
2015-02-26 17:00:00+00:00,PrimClass_Jolie,Primary/Secondary Classroom,2927.0,2.7,5.5
2015-02-26 18:00:00+00:00,PrimClass_Jolie,Primary/Secondary Classroom,2927.0,1.99999999,4.0
2015-02-26 19:00:00+00:00,PrimClass_Jolie,Primary/Secondary Classroom,2927.0,0.50000001,3.5
2015-02-26 20:00:00+00:00,PrimClass_Jolie,Primary/Secondary Classroom,2927.0,0.50000001,3.0
2015-02-26 21:00:00+00:00,PrimClass_Jolie,Primary/Secondary Classroom,2927.0,0.50000001,3.0
2015-02-26 22:00:00+00:00,PrimClass_Jolie,Primary/Secondary Classroom,2927.0,0.50000001,3.5
2015-02-26 23:00:00+00:00,PrimClass_Jolie,Primary/Secondary Classroom,2927.0,0.60000002,3.0
2015-02-27 00:00:00+00:00,PrimClass_Jolie,Primary/Secondary Classroom,2927.0,0.4,2.0
2015-02-27 01:00:00+00:00,PrimClass_Jolie,Primary/Secondary Classroom,2927.0,0.60000002,2.5
2015-02-27 02:00:00+00:00,PrimClass_Jolie,Primary/Secondary Classroom,2927.0,0.60000002,1.0
2015-02-27 03:00:00+00:00,PrimClass_Jolie,Primary/Secondary Classroom,2927.0,0.80000002,1.5
2015-02-27 04:00:00+00:00,PrimClass_Jolie,Primary/Secondary Classroom,2927.0,0.70000002,1.0
2015-02-27 05:00:00+00:00,PrimClass_Jolie,Primary/Secondary Classroom,2927.0,0.70000002,1.5
2015-02-27 06:00:00+00:00,PrimClass_Jolie,Primary/Secondary Classroom,2927.0,0.70000002,1.5
2015-02-27 07:00:00+00:00,PrimClass_Jolie,Primary/Secondary Classroom,2927.0,2.20000001,1.5
2015-02-27 08:00:00+00:00,PrimClass_Jolie,Primary/Secondary Classroom,2927.0,1.5,3.5
2015-02-27 09:00:00+00:00,PrimClass_Jolie,Primary/Secondary Classroom,2927.0,2.89999998,5.5
2015-02-27 10:00:00+00:00,PrimClass_Jolie,Primary/Secondary Classroom,2927.0,,7.0
2015-02-27 11:00:00+00:00,PrimClass_Jolie,Primary/Secondary Classroom,2927.0,,8.0
2015-02-27 12:00:00+00:00,PrimClass_Jolie,Primary/Secondary Classroom,2927.0,,8.0
2015-02-27 13:00:00+00:00,PrimClass_Jolie,Primary/Secondary Classroom,2927.0,4.6000001,7.5
2015-02-27 14:00:00+00:00,PrimClass_Jolie,Primary/Secondary Classroom,2927.0,5.4,8.0
2015-02-27 15:00:00+00:00,PrimClass_Jolie,Primary/Secondary Classroom,2927.0,5.5999999,7.0
2015-02-27 16:00:00+00:00,PrimClass_Jolie,Primary/Secondary Classroom,2927.0,4.8,7.0
2015-02-27 17:00:00+00:00,PrimClass_Jolie,Primary/Secondary Classroom,2927.0,3.1,6.5
2015-02-27 18:00:00+00:00,PrimClass_Jolie,Primary/Secondary Classroom,2927.0,1.70000002,6.5
2015-02-27 19:00:00+00:00,PrimClass_Jolie,Primary/Secondary Classroom,2927.0,0.4,6.0
2015-02-27 20:00:00+00:00,PrimClass_Jolie,Primary/Secondary Classroom,2927.0,0.4,6.5
2015-02-27 21:00:00+00:00,PrimClass_Jolie,Primary/Secondary Classroom,2927.0,0.4,6.0
2015-02-27 22:00:00+00:00,PrimClass_Jolie,Primary/Secondary Classroom,2927.0,0.4,6.5
2015-02-27 23:00:00+00:00,PrimClass_Jolie,Primary/Secondary Classroom,2927.0,0.50000001,7.0
2015-02-28 00:00:00+00:00,PrimClass_Jolie,Primary/Secondary Classroom,2927.0,0.50000001,7.0
2015-02-28 01:00:00+00:00,PrimClass_Jolie,Primary/Secondary Classroom,2927.0,0.4,7.5
2015-02-28 02:00:00+00:00,PrimClass_Jolie,Primary/Secondary Classroom,2927.0,0.3,8.0
2015-02-28 03:00:00+00:00,PrimClass_Jolie,Primary/Secondary Classroom,2927.0,0.4,7.0
2015-02-28 04:00:00+00:00,PrimClass_Jolie,Primary/Secondary Classroom,2927.0,0.4,7.0
2015-02-28 05:00:00+00:00,PrimClass_Jolie,Primary/Secondary Classroom,2927.0,0.50000001,7.5
2015-02-28 06:00:00+00:00,PrimClass_Jolie,Primary/Secondary Classroom,2927.0,0.4,8.0
2015-02-28 07:00:00+00:00,PrimClass_Jolie,Primary/Secondary Classroom,2927.0,0.3,8.0
2015-02-28 08:00:00+00:00,PrimClass_Jolie,Primary/Secondary Classroom,2927.0,0.4,8.5
2015-02-28 09:00:00+00:00,PrimClass_Jolie,Primary/Secondary Classroom,2927.0,0.4,8.5
2015-02-28 10:00:00+00:00,PrimClass_Jolie,Primary/Secondary Classroom,2927.0,0.50000001,9.0
2015-02-28 11:00:00+00:00,PrimClass_Jolie,Primary/Secondary Classroom,2927.0,0.3,9.5
2015-02-28 12:00:00+00:00,PrimClass_Jolie,Primary/Secondary Classroom,2927.0,0.4,9.5
2015-02-28 13:00:00+00:00,PrimClass_Jolie,Primary/Secondary Classroom,2927.0,0.4,10.5
2015-02-28 14:00:00+00:00,PrimClass_Jolie,Primary/Secondary Classroom,2927.0,0.4,10.0
2015-02-28 15:00:00+00:00,PrimClass_Jolie,Primary/Secondary Classroom,2927.0,0.3,9.0
2015-02-28 16:00:00+00:00,PrimClass_Jolie,Primary/Secondary Classroom,2927.0,0.4,9.0
2015-02-28 17:00:00+00:00,PrimClass_Jolie,Primary/Secondary Classroom,2927.0,0.3,9.0
2015-02-28 18:00:00+00:00,PrimClass_Jolie,Primary/Secondary Classroom,2927.0,0.4,8.5
2015-02-28 19:00:00+00:00,PrimClass_Jolie,Primary/Secondary Classroom,2927.0,0.50000001,9.5
2015-02-28 20:00:00+00:00,PrimClass_Jolie,Primary/Secondary Classroom,2927.0,0.4,10.5
2015-02-28 21:00:00+00:00,PrimClass_Jolie,Primary/Secondary Classroom,2927.0,0.4,10.0
2015-02-28 22:00:00+00:00,PrimClass_Jolie,Primary/Secondary Classroom,2927.0,0.4,9.0
2015-02-28 23:00:00+00:00,PrimClass_Jolie,Primary/Secondary Classroom,2927.0,0.4,8.5
2015-03-01 00:00:00+00:00,PrimClass_Jolie,Primary/Secondary Classroom,2927.0,0.306122459184,8.0
2015-03-01 01:00:00+00:00,PrimClass_Jolie,Primary/Secondary Classroom,2927.0,0.0122448983675,8.0
2015-03-01 02:00:00+00:00,PrimClass_Jolie,Primary/Secondary Classroom,2927.0,0.012244898367,8.0
2015-03-01 03:00:00+00:00,PrimClass_Jolie,Primary/Secondary Classroom,2927.0,0.0122448983675,7.5
2015-03-01 04:00:00+00:00,PrimClass_Jolie,Primary/Secondary Classroom,2927.0,0.0122448983675,7.0
2015-03-01 05:00:00+00:00,PrimClass_Jolie,Primary/Secondary Classroom,2927.0,0.012244898367,7.0
2015-03-01 06:00:00+00:00,PrimClass_Jolie,Primary/Secondary Classroom,2927.0,0.0122448983675,7.0
2015-03-01 07:00:00+00:00,PrimClass_Jolie,Primary/Secondary Classroom,2927.0,0.0122448983675,6.0
2015-03-01 08:00:00+00:00,PrimClass_Jolie,Primary/Secondary Classroom,2927.0,0.012244898367,7.0
2015-03-01 09:00:00+00:00,PrimClass_Jolie,Primary/Secondary Classroom,2927.0,0.0122448983675,8.0
2015-03-01 10:00:00+00:00,PrimClass_Jolie,Primary/Secondary Classroom,2927.0,0.0122448983675,8.5
2015-03-01 11:00:00+00:00,PrimClass_Jolie,Primary/Secondary Classroom,2927.0,0.012244898367,9.5
2015-03-01 12:00:00+00:00,PrimClass_Jolie,Primary/Secondary Classroom,2927.0,0.0122448983675,9.5
2015-03-01 13:00:00+00:00,PrimClass_Jolie,Primary/Secondary Classroom,2927.0,0.0122448983675,10.0
2015-03-01 14:00:00+00:00,PrimClass_Jolie,Primary/Secondary Classroom,2927.0,0.012244898367,6.5
2015-03-01 15:00:00+00:00,PrimClass_Jolie,Primary/Secondary Classroom,2927.0,0.0122448983675,5.0
2015-03-01 16:00:00+00:00,PrimClass_Jolie,Primary/Secondary Classroom,2927.0,0.0122448983675,7.0
2015-03-01 17:00:00+00:00,PrimClass_Jolie,Primary/Secondary Classroom,2927.0,0.012244898367,6.5
2015-03-01 18:00:00+00:00,PrimClass_Jolie,Primary/Secondary Classroom,2927.0,0.0122448983675,6.0
2015-03-01 19:00:00+00:00,PrimClass_Jolie,Primary/Secondary Classroom,2927.0,0.0122448983675,5.0
2015-03-01 20:00:00+00:00,PrimClass_Jolie,Primary/Secondary Classroom,2927.0,0.012244898367,4.5
2015-03-01 21:00:00+00:00,PrimClass_Jolie,Primary/Secondary Classroom,2927.0,0.0122448983675,4.5
2015-03-01 22:00:00+00:00,PrimClass_Jolie,Primary/Secondary Classroom,2927.0,0.0122448983675,4.5
2015-03-01 23:00:00+00:00,PrimClass_Jolie,Primary/Secondary Classroom,2927.0,0.012244898367,5.0
